timestamp_utc,overall_vibration_value,speed_value,skin_temperature_value,motor_supply_frequency_value,output_power_value,peak_to_peak_tangential_value,vibration_radial_value,vibration_tangential_value,vibration_axial_value,acceleration_rms_axial_value,acceleration_rms_tangential_value,acceleration_rms_radial_value,axial_per_kW,radial_acc_per_RPM,Total_Vib_Energy,temp_vibration_factor,peak_to_peak_sub_score,overall_vibration_sub_score,skin_temperature_sub_score
2026-04-25 03:39:01,1.942,1701.5,39.0,57.06,4.53,2.8359,0.964,1.902,1.942,0.282,0.4436,0.1273,0.4277533039647577,0.07481633852483102,2.884140079815819,75.738,41.85851528384279,100.0,100.0
2026-04-25 08:39:01,2.365,1701.0,38.0,57.09,5.17,2.6016,1.244,2.365,1.935,0.2766,0.4031,0.1182,0.3735521235521236,0.06948853615520281,3.2992402155647897,89.87,58.2288209606987,100.0,100.0
2026-04-25 11:39:01,1.449,1699.5,46.3,57.09,5.83,2.6035,1.449,1.123,1.342,0.2622,0.4187,0.1115,0.22979452054794522,0.0656075316269491,2.2719361786810826,67.0887,58.09606986899564,100.0,96.23222748815166
2026-04-25 12:39:01,1.685,1701.4,44.7,57.09,4.98,2.3672,0.935,1.685,1.401,0.2617,0.3452,0.1152,0.2807615230460922,0.06770894557423299,2.3824884050085116,75.3195,74.6061135371179,100.0,98.12796208530806
2026-04-25 13:39:01,2.83,1701.2,45.2,57.09,5.09,2.3223,1.339,1.963,2.83,0.2698,0.3511,0.1243,0.5549019607843138,0.07306607100869973,3.695292951851044,127.91600000000001,77.74323144104805,100.0,97.53554502369667
2026-04-25 14:39:01,1.812,1699.9,49.6,57.09,5.64,2.5801,1.406,1.812,1.365,0.2615,0.4058,0.1211,0.24159292035398233,0.07123948467556915,2.668970775411376,89.8752,59.73100436681224,100.0,92.32227488151659
2026-04-25 16:39:01,1.713,1701.1,42.5,57.09,5.12,2.5938,1.172,1.364,1.713,0.2554,0.4082,0.1136,0.3339181286549708,0.06678031861736525,2.483636245507784,72.80250000000001,58.77379912663756,100.0,100.0
2026-04-25 20:39:01,1.444,1699.8,42.4,57.09,5.68,2.2793,1.444,1.15,1.09,0.2654,0.3567,0.1251,0.19156414762741655,0.07359689375220614,2.1437667783599967,61.22559999999999,80.28157894736842,100.0,100.0
2026-04-26 11:40:01,3.885,1449.8,33.2,48.62,4.36,3.4961,1.624,3.885,0.811,0.2764,0.5103,0.1709,0.18558352402745995,0.11787832804524762,4.288160677959723,128.982,0.0,100.0,100.0
2026-04-26 17:40:01,1.045,1260.0,37.4,42.28,3.55,2.7207,1.045,1.021,0.546,0.2217,0.4436,0.1305,0.15337078651685396,0.10357142857142858,1.5596736838197918,39.083,49.90742358078604,100.0,100.0
2026-04-26 18:40:01,0.982,1260.0,41.6,42.31,3.96,2.377,0.982,0.84,0.446,0.246,0.407,0.1222,0.11234256926952142,0.09698412698412699,1.367055229315919,40.8512,73.92139737991268,100.0,100.0
2026-04-26 22:40:01,0.918,1250.1,39.1,42.31,8.15,2.4902,0.918,0.841,0.599,0.2318,0.4319,0.1307,0.07340686274509803,0.10455163586913048,1.3815954545379772,35.893800000000006,66.0122270742358,100.0,100.0
2026-04-26 23:40:01,0.992,1260.4,40.1,42.31,3.81,2.3477,0.807,0.992,0.413,0.2419,0.4246,0.1228,0.10811518324607329,0.097429387496033,1.3438310905764905,39.7792,75.96855895196506,100.0,100.0
2026-04-27 02:40:01,1.132,1259.8,36.7,42.31,4.04,2.5137,1.132,1.052,0.444,0.2223,0.4307,0.1293,0.10962962962962963,0.10263533894268931,1.6078756170798782,41.544399999999996,64.37030567685589,100.0,100.0
2026-04-27 03:40:01,0.796,135.2,43.9,5.64,1.91,0.2148,0.796,0.504,0.187,0.01,0.032,0.0278,0.09739583333333333,0.20562130177514792,0.9605212126757015,34.9444,100.0,100.0,99.07582938388626
2026-04-27 04:40:01,0.973,1260.2,36.1,42.28,3.49,2.625,0.802,0.973,0.538,0.2148,0.437,0.1329,0.15371428571428572,0.10545945088081256,1.370903716531544,35.1253,56.5938864628821,100.0,100.0
2026-04-27 05:40:01,0.985,1261.9,38.9,42.31,3.18,2.373,0.864,0.985,0.43,0.2369,0.4253,0.1246,0.13479623824451412,0.09873999524526508,1.378992748349316,38.3165,74.2008733624454,100.0,100.0
2026-04-27 06:40:01,0.887,1260.5,42.1,42.31,3.74,2.4258,0.79,0.887,0.471,0.2267,0.4377,0.1198,0.1256,0.0950416501388338,1.2777754106258268,37.3427,70.51179039301309,100.0,100.0
2026-04-27 09:40:01,0.879,1260.2,39.1,42.31,3.89,2.6016,0.673,0.879,0.383,0.2202,0.4485,0.1289,0.09820512820512821,0.10228535153150292,1.1714345905768704,34.368900000000004,58.2288209606987,100.0,100.0
2026-04-27 10:40:01,0.815,1249.9,43.6,42.31,8.26,2.3477,0.815,0.782,0.633,0.2444,0.4243,0.1229,0.07654171704957678,0.09832786622929834,1.2947733392374126,35.534,75.96855895196506,100.0,99.43127962085308
2026-04-27 11:40:01,0.187,134.4,52.3,5.59,1.87,0.1455,0.146,0.187,0.129,0.0061,0.0222,0.0081,0.06861702127659575,0.06026785714285713,0.2700481438558688,9.7801,100.0,100.0,89.12322274881517
2026-04-27 12:40:01,0.764,1259.7,46.6,42.31,4.09,2.5781,0.764,0.738,0.521,0.2472,0.4429,0.126,0.12707317073170732,0.10002381519409383,1.1831234086096005,35.6024,59.8707423580786,100.0,95.87677725118483
2026-04-27 13:40:01,0.769,1253.9,45.8,42.31,6.56,2.4023,0.636,0.769,0.5,0.2556,0.4082,0.1309,0.07610350076103502,0.10439428981577477,1.116179645039274,35.2202,72.15371179039302,100.0,96.82464454976304
2026-04-27 14:40:01,0.899,1259.9,45.7,42.31,4.0,2.4297,0.899,0.645,0.678,0.2571,0.4114,0.1317,0.1690773067331671,0.1045321057226764,1.297655578341187,41.084300000000006,70.23930131004367,100.0,96.9431279620853
2026-04-27 15:40:01,1.02,1261.0,46.4,42.34,3.94,2.3848,1.02,0.803,0.813,0.2705,0.4075,0.1324,0.20582278481012659,0.10499603489294211,1.5317238654535614,47.327999999999996,73.37641921397382,100.0,96.11374407582939
2026-04-27 17:40:01,0.293,1478.0,52.7,49.94,10.04,0.1465,0.212,0.293,0.195,0.0105,0.0267,0.0093,0.019402985074626868,0.006292286874154262,0.41087467675679407,15.4411,100.0,100.0,88.64928909952606
2026-04-27 22:40:01,1.073,1260.2,40.2,42.31,3.87,2.7461,0.805,1.073,0.733,0.2262,0.4446,0.1236,0.18891752577319587,0.09807966989366768,1.528608190479169,43.1346,48.13275109170304,100.0,100.0
2026-04-28 01:40:01,0.848,1260.3,41.5,42.34,4.23,2.5879,0.733,0.848,0.565,0.2167,0.4341,0.12,0.13325471698113206,0.09521542489883361,1.255236232746649,35.192,59.18602620087337,100.0,100.0
2026-04-28 03:40:01,0.856,1260.0,38.9,42.25,3.16,2.627,0.856,0.797,0.638,0.1743,0.4124,0.0919,0.20126182965299685,0.07293650793650794,1.3322871312145892,33.2984,56.45414847161574,100.0,100.0
2026-04-28 07:40:01,0.963,1260.3,34.5,42.28,3.45,2.5547,0.906,0.963,0.483,0.2103,0.4253,0.1237,0.13959537572254335,0.09815123383321432,1.4076554976271716,33.2235,61.5056768558952,100.0,100.0
2026-04-28 09:40:01,0.938,1260.1,40.8,42.31,3.91,2.5332,0.938,0.694,0.46,0.2451,0.4326,0.1212,0.11734693877551021,0.09618284263153719,1.2542248602224402,38.270399999999995,63.00786026200875,100.0,100.0
2026-04-28 10:40:01,0.758,1260.3,43.8,42.31,3.85,2.4375,0.758,0.753,0.592,0.24,0.4219,0.1225,0.15336787564766838,0.09719907958422598,1.2214896643033866,33.200399999999995,69.6943231441048,100.0,99.19431279620854
2026-04-28 14:40:01,0.796,1260.5,41.9,42.31,3.77,2.4336,0.671,0.796,0.474,0.2336,0.4294,0.1205,0.1253968253968254,0.09559698532328441,1.14391127278299,33.3524,69.96681222707423,100.0,100.0
2026-04-28 15:40:01,0.755,1259.7,43.8,42.31,4.11,2.3984,0.677,0.755,0.657,0.2429,0.4133,0.1251,0.15946601941747574,0.09930935937127887,1.2083058387676524,33.068999999999996,72.42620087336245,100.0,99.19431279620854
2026-04-28 16:40:01,0.904,1260.1,45.8,42.31,3.92,2.4219,0.904,0.821,0.757,0.2416,0.437,0.1265,0.19262086513994914,0.1003888580271407,1.4367692925449096,41.4032,70.78427947598254,100.0,96.82464454976304
2026-04-28 19:40:01,0.319,1495.4,49.6,50.03,2.76,0.1313,0.255,0.319,0.089,0.0079,0.0208,0.0111,0.03212996389891697,0.00742276314029691,0.41797966457711794,15.8224,100.0,100.0,92.32227488151659
2026-04-29 01:00:00,0.891,1255.8,37.0,42.28,5.33,2.4609,0.869,0.891,0.441,0.2155,0.4221,0.1197,0.08258426966292134,0.09531772575250835,1.3204253102693844,32.967,68.0593886462882,100.0,100.0
2026-04-29 12:00:00,1.052,1260.1,40.7,42.31,3.94,2.5898,1.052,0.946,0.469,0.2462,0.4333,0.126,0.11873417721518988,0.09999206412189508,1.4904968970111947,42.8164,59.053275109170315,100.0,100.0
2026-04-29 15:00:00,1.059,1260.6,42.1,42.31,3.72,2.752,0.816,1.059,0.479,0.2278,0.4578,0.1307,0.12841823056300267,0.10368078692686024,1.4201330923543751,44.5839,47.72052401746726,100.0,100.0
2026-04-29 18:00:00,0.957,1260.4,40.3,42.25,3.0,2.498,0.957,0.886,0.455,0.2173,0.4365,0.1221,0.15116279069767444,0.09687400825134876,1.38125667419202,38.567099999999996,65.46724890829694,100.0,100.0
2026-04-29 20:00:00,1.127,1259.8,39.3,42.28,3.64,2.75,0.697,1.127,0.483,0.217,0.4465,0.1305,0.13232876712328767,0.1035878710906493,1.4103995887690837,44.2911,47.86026200873363,100.0,100.0
2026-04-29 23:00:00,1.085,1260.2,34.3,42.28,3.49,2.6289,0.789,1.085,0.481,0.2148,0.4314,0.1296,0.13742857142857143,0.10284081891763212,1.4251691127722352,37.2155,56.32139737991268,100.0,100.0
2026-04-30 00:00:00,0.817,1259.7,39.2,42.31,4.07,2.416,0.817,0.789,0.443,0.2416,0.4194,0.12,0.10857843137254902,0.09526077637532746,1.2191222252095972,32.0264,71.19650655021834,100.0,100.0
2026-04-30 02:00:00,1.04,1255.2,36.1,42.31,5.98,2.6621,0.941,1.04,0.537,0.2189,0.4414,0.1349,0.08964941569282137,0.10747291268323772,1.5018155679043947,37.544000000000004,54.00174672489082,100.0,100.0
2026-04-30 03:00:00,1.2,1251.2,39.4,42.31,7.68,2.416,0.689,1.2,0.479,0.2485,0.4133,0.1225,0.062288686605981795,0.09790601023017902,1.4642957351573485,47.279999999999994,71.19650655021834,100.0,100.0
2026-04-30 04:00:00,0.891,1260.4,42.1,42.28,3.42,2.4531,0.873,0.891,0.5,0.2213,0.4397,0.1235,0.1457725947521866,0.09798476674071721,1.3438787147655848,37.5111,68.60436681222707,100.0,100.0
2026-04-30 07:00:00,1.522,1007.8,36.6,33.94,3.52,2.3047,1.522,0.964,1.16,0.1754,0.4048,0.096,0.32861189801699714,0.0952569954356023,2.1427505687783635,55.705200000000005,78.97292576419214,100.0,100.0
2026-04-30 08:00:00,1.452,1008.7,40.9,33.94,3.19,1.9424,1.452,0.807,0.916,0.1897,0.3638,0.0841,0.28625000000000006,0.08337464062654901,1.897,59.386799999999994,89.14736842105263,100.0,100.0
2026-04-30 09:00:00,1.192,1001.9,43.9,33.94,5.49,2.0391,1.192,0.888,0.824,0.1775,0.366,0.0757,0.14981818181818182,0.07555644275875836,1.6995246394212706,52.328799999999994,86.60263157894737,100.0,99.07582938388626
2026-04-30 12:00:00,1.508,1008.4,44.6,33.91,2.99,2.0938,1.508,1.444,0.867,0.1846,0.3748,0.0838,0.289,0.08310194367314558,2.26072753776301,67.2568,85.16315789473684,100.0,98.24644549763033
2026-04-30 13:00:00,1.014,999.0,47.2,33.94,6.51,2.0625,1.014,0.964,0.929,0.1915,0.3572,0.0746,0.14248466257668713,0.07467467467467467,1.6794442533171503,47.860800000000005,85.98684210526316,100.0,95.16587677725119
2026-04-30 14:00:00,1.256,997.0,48.4,33.94,7.18,1.8955,0.846,1.256,0.846,0.1995,0.3025,0.0704,0.117663421418637,0.07061183550651956,1.7346377143369158,60.7904,90.38157894736842,100.0,93.74407582938389
2026-04-30 15:00:00,1.334,998.4,47.7,33.91,6.37,2.1816,1.334,1.036,0.911,0.1975,0.355,0.0876,0.14278996865203764,0.08774038461538462,1.9190552363076994,63.631800000000005,82.85263157894737,100.0,94.5734597156398
2026-05-01 22:00:00,0.823,440.9,24.2,14.8,0.48,1.3291,0.476,0.823,0.487,0.087,0.2063,0.0953,0.9938775510204082,0.21614878657291903,1.068210653382562,19.9166,100.0,100.0,100.0
2026-05-01 23:00:00,1.04,692.8,30.1,23.22,0.87,1.4814,0.479,0.731,1.04,0.1505,0.2571,0.0812,1.1818181818181819,0.11720554272517321,1.3584557409058273,31.304000000000002,100.0,100.0,100.0
2026-05-02 01:00:00,1.446,692.9,33.9,23.22,0.86,1.6934,0.42,0.862,1.446,0.1598,0.2888,0.0798,1.6620689655172414,0.11516813392986001,1.7350389044629517,49.0194,95.7,100.0,100.0
2026-05-02 03:00:00,2.104,693.3,37.2,23.23,0.87,1.8418,0.464,0.906,2.104,0.199,0.3225,0.0783,2.390909090909091,0.11293812202509737,2.33729501775022,78.26880000000001,91.79473684210527,100.0,100.0
2026-05-02 04:00:00,1.676,693.5,37.8,23.27,1.04,1.7861,0.473,0.812,1.676,0.1625,0.3298,0.076,1.5961904761904762,0.1095890410958904,1.9214705306093038,63.352799999999995,93.26052631578948,100.0,100.0
2026-05-02 05:00:00,0.785,692.3,39.8,23.27,1.31,1.7129,0.426,0.785,0.521,0.1145,0.3357,0.0693,0.3946969696969697,0.1001011122345804,1.0339932301519192,31.243,95.18684210526315,100.0,100.0
2026-05-02 06:00:00,3.828,690.8,39.6,23.27,1.66,1.7461,0.488,0.862,3.828,0.301,0.3359,0.0698,2.2922155688622756,0.10104226983207876,3.9540829531005035,151.5888,94.31315789473685,100.0,100.0
2026-05-02 07:00:00,0.831,690.7,43.4,23.25,1.59,1.6934,0.406,0.831,0.638,0.1241,0.3401,0.0692,0.39875,0.10018821485449542,1.123583997750057,36.0654,95.7,100.0,99.66824644549763
2026-05-02 08:00:00,1.558,689.1,40.2,23.27,2.07,1.6406,0.402,0.854,1.558,0.1559,0.3257,0.0655,0.7490384615384617,0.09505151647075896,1.8216157662910146,62.631600000000006,97.08947368421053,100.0,100.0
2026-05-02 09:00:00,2.941,692.4,40.2,23.27,1.3,1.6572,0.436,0.752,2.941,0.2426,0.3242,0.0649,2.2450381679389313,0.0937319468515309,3.066770451142374,118.2282,96.65263157894736,100.0,100.0
2026-05-02 10:00:00,0.88,692.6,40.7,23.27,1.26,1.667,0.442,0.88,0.701,0.1179,0.3259,0.064,0.5519685039370078,0.09240542881894312,1.2087865816594754,35.816,96.39473684210526,100.0,100.0
2026-05-02 11:00:00,1.892,692.7,40.6,23.28,1.33,1.6475,0.395,0.962,1.892,0.1716,0.3252,0.0637,1.4119402985074625,0.09195900101053847,2.158965724600555,76.8152,96.90789473684211,100.0,100.0
2026-05-02 15:00:00,1.613,755.9,38.7,25.31,0.87,1.9453,0.73,1.613,0.382,0.131,0.3655,0.0782,0.4340909090909091,0.1034528376769414,1.8112407349659514,62.423100000000005,89.07105263157895,100.0,100.0
2026-05-02 18:00:00,1.418,627.1,37.8,21.2,1.9,2.3906,0.79,1.418,0.787,0.0909,0.4233,0.1433,0.41204188481675397,0.22851219901132197,1.8039381918458293,53.60039999999999,72.9711790393013,100.0,100.0
2026-05-02 19:00:00,1.33,624.4,41.2,21.2,2.47,2.5801,0.636,1.33,0.578,0.0893,0.4194,0.1289,0.23306451612903226,0.20643818065342728,1.5835024471089396,54.79600000000001,59.73100436681224,100.0,100.0
2026-05-02 20:00:00,0.3,145.8,43.0,5.03,0.25,0.0781,0.159,0.3,0.098,0.0054,0.0109,0.0071,0.3769230769230769,0.04869684499314129,0.3533907186104355,12.9,100.0,100.0,100.0
2026-05-02 22:00:00,1.165,629.8,37.4,21.17,1.13,2.0703,0.654,1.165,0.616,0.0901,0.374,0.1213,0.5403508771929825,0.19260082565893938,1.4711889749450953,43.571,85.78157894736842,100.0,100.0
2026-05-02 23:00:00,1.366,629.5,38.7,21.19,1.3,2.2969,0.618,1.366,0.559,0.0882,0.4138,0.1342,0.4267175572519084,0.21318506751389996,1.6001128085231993,52.86420000000001,79.51790393013101,100.0,100.0
2026-05-03 01:00:00,1.508,630.3,36.9,21.2,1.24,2.3828,0.716,1.508,0.668,0.0926,0.4417,0.1554,0.5344,0.24654926225606857,1.7980389317253396,55.645199999999996,73.51615720524018,100.0,100.0
2026-05-03 03:00:00,1.406,629.2,38.1,21.19,1.36,2.3535,0.797,1.406,0.859,0.0905,0.4233,0.1428,0.6270072992700729,0.22695486331849968,1.8302803064011808,53.568599999999996,75.56331877729258,100.0,100.0
2026-05-03 05:00:00,1.427,628.8,37.7,21.16,1.25,2.4453,0.612,1.427,0.565,0.09,0.415,0.1365,0.4484126984126984,0.21708015267175576,1.6523008200687912,53.797900000000006,69.14934497816594,100.0,100.0
2026-05-03 06:00:00,1.612,630.0,36.6,21.11,0.69,2.2129,0.687,1.612,1.06,0.1285,0.3572,0.1121,1.5142857142857145,0.17793650793650795,2.0479533686097446,58.99920000000001,82.02894736842106,100.0,100.0
2026-05-03 07:00:00,1.218,629.8,37.3,21.12,0.82,2.2441,0.706,1.218,0.562,0.0952,0.3662,0.1169,0.6771084337349399,0.18561448078755163,1.5158509161523768,45.4314,81.2078947368421,100.0,100.0
2026-05-03 08:00:00,1.161,629.8,37.8,21.12,0.83,2.1895,0.62,1.161,0.761,0.0961,0.3528,0.1068,0.905952380952381,0.1695776436964116,1.5203427245197052,43.885799999999996,82.64473684210527,100.0,100.0
2026-05-03 13:00:00,1.596,629.8,36.8,21.23,1.53,2.4609,0.688,1.596,0.623,0.0932,0.4465,0.1561,0.40454545454545454,0.24785646236900605,1.8462635239856742,58.7328,68.0593886462882,100.0,100.0
2026-05-03 16:00:00,1.012,503.5,37.8,17.09,1.6,1.6299,0.542,1.012,0.638,0.0744,0.3154,0.1134,0.39627329192546584,0.2252234359483615,1.3133742802415465,38.2536,97.37105263157895,100.0,100.0
2026-05-03 17:00:00,1.011,504.0,42.1,17.08,1.42,1.7959,0.59,1.011,0.7,0.0865,0.3289,0.109,0.4895104895104895,0.21626984126984128,1.3638991898230601,42.5631,93.00263157894737,100.0,100.0
2026-05-03 18:00:00,0.789,504.0,41.1,17.09,1.51,1.5361,0.507,0.789,0.726,0.0825,0.2927,0.0865,0.4776315789473684,0.1716269841269841,1.1860210790706884,32.4279,99.83947368421053,100.0,100.0
2026-05-03 19:00:00,0.916,503.6,41.2,17.09,1.58,1.7939,0.637,0.916,0.714,0.0855,0.3164,0.1033,0.44905660377358486,0.20512311358220808,1.324621077893599,37.739200000000004,93.05526315789474,100.0,100.0
2026-05-03 20:00:00,0.742,503.6,41.9,17.09,1.58,1.4531,0.499,0.642,0.742,0.0846,0.2893,0.0814,0.4666666666666666,0.16163621922160443,1.1007856285399078,31.0898,100.0,100.0,100.0
2026-05-03 21:00:00,0.855,503.8,41.3,17.09,1.54,1.6396,0.602,0.855,0.705,0.0813,0.2991,0.0912,0.4548387096774193,0.18102421595871376,1.2611320311529637,35.311499999999995,97.11578947368422,100.0,100.0
2026-05-03 23:00:00,0.91,504.1,39.8,17.12,1.66,1.7588,0.787,0.91,0.777,0.0817,0.3176,0.108,0.46526946107784434,0.21424320571315214,1.4322004049713155,36.217999999999996,93.97894736842106,100.0,100.0
2026-05-04 00:00:00,0.896,503.9,43.9,17.12,1.69,1.7734,0.477,0.896,0.696,0.0903,0.3198,0.0966,0.4094117647058823,0.19170470331414963,1.2307562715663893,39.3344,93.59473684210526,100.0,99.07582938388626
2026-05-04 01:00:00,0.765,503.7,42.0,17.12,1.72,1.5713,0.573,0.765,0.702,0.0838,0.2954,0.0844,0.4057803468208092,0.16756005558864404,1.1858996584871757,32.13,98.91315789473684,100.0,100.0
2026-05-04 02:00:00,0.84,503.7,41.8,17.12,1.72,1.7334,0.449,0.84,0.687,0.0886,0.313,0.0963,0.3971098265895954,0.19118522930315662,1.1743806878521121,35.111999999999995,94.64736842105263,100.0,100.0
2026-05-04 03:00:00,0.762,503.9,42.7,17.12,1.69,1.5615,0.535,0.762,0.698,0.0854,0.2954,0.0804,0.41058823529411764,0.15955546735463386,1.163646423962193,32.537400000000005,99.17105263157895,100.0,100.0
2026-05-04 04:00:00,0.657,504.2,42.2,17.12,1.63,1.6523,0.527,0.631,0.657,0.0834,0.2949,0.0831,0.400609756097561,0.1648155493851646,1.052396788288524,27.725400000000004,96.78157894736842,100.0,100.0
2026-05-04 06:00:00,0.719,503.6,41.7,17.12,1.73,1.5322,0.421,0.719,0.673,0.0858,0.2856,0.082,0.38678160919540233,0.16282764098490865,1.0710420159825664,29.982300000000002,99.9421052631579,100.0,100.0
2026-05-04 07:00:00,0.832,503.8,43.2,17.12,1.71,1.7002,0.593,0.832,0.616,0.088,0.3179,0.098,0.3581395348837209,0.1945216355696705,1.1930335284475453,35.9424,95.52105263157895,100.0,99.90521327014217
2026-05-04 08:00:00,0.698,503.8,41.8,17.12,1.7,1.5752,0.454,0.698,0.636,0.082,0.2869,0.0809,0.3719298245614035,0.16057959507741165,1.0477671497045515,29.176399999999997,98.81052631578947,100.0,100.0
2026-05-04 09:00:00,0.986,503.8,41.2,17.12,1.7,1.7178,0.775,0.986,0.641,0.0828,0.334,0.114,0.37485380116959066,0.2262802699483922,1.4084395620686037,40.623200000000004,95.0578947368421,100.0,100.0
2026-05-04 10:00:00,0.731,503.9,42.0,17.12,1.68,1.5859,0.493,0.704,0.731,0.083,0.293,0.0834,0.4325443786982249,0.165509029569359,1.1282845385805833,30.701999999999998,98.52894736842106,100.0,100.0
2026-05-04 11:00:00,0.784,503.8,42.4,17.12,1.7,1.6523,0.543,0.784,0.694,0.0898,0.3032,0.0919,0.40584795321637424,0.18241365621278283,1.1794664047780252,33.2416,96.78157894736842,100.0,100.0
2026-05-04 12:00:00,0.623,503.8,43.2,17.12,1.7,1.5459,0.357,0.592,0.623,0.0853,0.2925,0.0773,0.36432748538011694,0.15343390234219925,0.9306137759564921,26.913600000000002,99.58157894736841,100.0,99.90521327014217
2026-05-04 13:00:00,0.772,503.8,42.3,17.12,1.71,1.667,0.466,0.772,0.64,0.0806,0.3105,0.0931,0.37209302325581395,0.18479555379118698,1.1057757458002053,32.6556,96.39473684210526,100.0,100.0
2026-05-04 15:00:00,0.712,503.7,42.8,17.12,1.72,1.5283,0.376,0.635,0.712,0.0861,0.2944,0.0783,0.41156069364161846,0.1554496724240619,1.025448682284979,30.473599999999998,100.0,100.0,100.0
2026-05-04 16:00:00,0.891,503.8,42.4,17.12,1.71,1.7959,0.539,0.891,0.684,0.0828,0.321,0.1004,0.3976744186046512,0.19928543072647875,1.245896464398226,37.7784,93.00263157894737,100.0,100.0
2026-05-04 17:00:00,0.674,504.0,43.3,17.14,1.76,1.5713,0.451,0.674,0.662,0.0837,0.3015,0.0823,0.37401129943502825,0.1632936507936508,1.0468624551487173,29.1842,98.91315789473684,100.0,99.7867298578199
2026-05-04 18:00:00,0.768,504.4,42.8,17.14,1.69,1.6006,0.562,0.768,0.625,0.0861,0.3054,0.0877,0.36764705882352944,0.1738699444885012,1.1385486375205935,32.8704,98.1421052631579,100.0,100.0
2026-05-04 22:00:00,0.458,314.4,35.4,10.75,0.87,0.8379,0.439,0.458,0.196,0.049,0.1385,0.0417,0.22272727272727275,0.13263358778625955,0.6640037650495666,16.2132,100.0,100.0,100.0
2026-05-04 23:00:00,0.476,314.8,39.5,10.75,0.83,0.8867,0.393,0.476,0.204,0.0433,0.1606,0.0459,0.24285714285714285,0.14580686149936467,0.6501084524908132,18.802,100.0,100.0,100.0
2026-05-05 01:00:00,0.479,314.9,41.7,10.7,0.66,0.9224,0.348,0.479,0.278,0.043,0.1686,0.0457,0.41492537313432837,0.14512543664655447,0.6540863857320377,19.9743,100.0,100.0,100.0
2026-05-05 02:00:00,0.375,315.1,41.9,10.7,0.61,0.9209,0.298,0.375,0.183,0.0419,0.167,0.0425,0.29516129032258065,0.13487781656616946,0.5127553022641501,15.712499999999999,100.0,100.0,100.0
2026-05-05 03:00:00,0.444,314.9,42.4,10.7,0.66,0.8994,0.277,0.444,0.252,0.0418,0.168,0.0421,0.3761194029850746,0.13369323594791999,0.5808347441398457,18.825599999999998,100.0,100.0,100.0
2026-05-05 04:00:00,0.454,315.2,42.4,10.7,0.64,0.9346,0.362,0.454,0.265,0.0432,0.1719,0.0443,0.4076923076923077,0.14054568527918782,0.6382671854325584,19.2496,100.0,100.0,100.0
2026-05-05 06:00:00,0.424,315.1,42.4,10.7,0.64,0.9614,0.319,0.424,0.224,0.0427,0.174,0.0461,0.3446153846153846,0.146302761028245,0.5759453099036401,17.9776,100.0,100.0,100.0
2026-05-05 07:00:00,0.546,314.7,42.2,10.7,0.66,0.9009,0.469,0.546,0.231,0.041,0.1678,0.0441,0.3447761194029851,0.14013346043851288,0.7559351824065341,23.041200000000003,100.0,100.0,100.0
2026-05-05 08:00:00,0.456,315.1,42.4,10.7,0.64,0.8896,0.362,0.456,0.235,0.0425,0.1713,0.0436,0.36153846153846153,0.1383687718184703,0.6278574679017523,19.3344,100.0,100.0,100.0
2026-05-05 10:00:01,0.537,314.1,42.3,10.7,0.72,0.9155,0.455,0.537,0.305,0.0442,0.173,0.0437,0.4178082191780822,0.1391276663482967,0.7670847410814532,22.7151,100.0,100.0,100.0
2026-05-05 11:00:01,0.549,315.1,41.8,10.7,0.65,0.9067,0.549,0.489,0.216,0.0456,0.1676,0.0448,0.32727272727272727,0.14217708663916215,0.7662754074091116,22.9482,100.0,100.0,100.0
2026-05-05 14:00:01,0.267,1480.1,38.5,50.03,10.39,0.0811,0.161,0.267,0.085,0.0061,0.012,0.0073,0.008173076923076924,0.00493209918248767,0.32316404502976503,10.2795,100.0,100.0,100.0
2026-05-05 15:00:01,0.288,152.7,36.7,5.27,0.28,0.1309,0.199,0.288,0.108,0.0087,0.0214,0.0107,0.37241379310344824,0.07007203667321545,0.3663454653738736,10.5696,100.0,100.0,100.0
2026-05-05 16:00:01,0.337,170.7,35.6,5.78,0.16,0.4124,0.226,0.337,0.213,0.0304,0.0703,0.0235,1.2529411764705882,0.13766842413591096,0.4582728444933215,11.997200000000001,100.0,100.0,100.0
2026-05-05 19:00:01,0.909,1323.7,38.9,44.41,3.77,2.6758,0.909,0.827,0.656,0.2725,0.4604,0.1835,0.17354497354497356,0.138626577018962,1.3930348165067519,35.3601,53.04454148471615,100.0,100.0
2026-05-05 23:00:01,1.083,1071.1,35.2,36.0,3.21,2.9492,0.866,1.083,0.787,0.201,0.4517,0.1204,0.24440993788819879,0.11240780506021847,1.5944321873319038,38.1216,33.94235807860263,100.0,100.0
2026-05-06 00:00:01,1.014,1071.0,37.4,36.0,3.24,2.2695,1.014,0.987,0.865,0.2028,0.3845,0.0875,0.26615384615384613,0.08169934640522876,1.6584902773305605,37.9236,80.53947368421053,100.0,100.0
2026-05-06 01:00:01,0.921,1060.6,39.2,36.0,6.98,2.4082,0.779,0.921,0.794,0.1957,0.3818,0.079,0.11359084406294707,0.07448613992079955,1.4441322654106168,36.1032,71.74148471615722,100.0,100.0
2026-05-06 03:00:01,0.772,1071.1,40.3,36.0,3.21,2.1133,0.766,0.772,0.721,0.1926,0.3835,0.0768,0.22391304347826088,0.07170198860984035,1.3048298739682505,31.1116,84.64999999999999,100.0,100.0
2026-05-06 04:00:01,0.92,1061.2,39.6,36.0,6.76,2.1133,0.92,0.882,0.804,0.1907,0.3662,0.0786,0.1187592319054653,0.07406709385601205,1.5068974749464543,36.432,84.64999999999999,100.0,100.0
2026-05-06 06:00:01,0.813,1070.8,42.7,36.0,3.31,2.3555,0.812,0.813,0.729,0.1765,0.417,0.0782,0.21957831325301205,0.0730295106462458,1.3607916813384773,34.7151,75.42358078602619,100.0,100.0
2026-05-06 07:00:01,1.044,1061.9,41.1,36.0,6.51,2.0371,1.002,1.044,0.888,0.191,0.3706,0.0786,0.13619631901840493,0.07401826914022036,1.6977879726279133,42.9084,86.65526315789474,100.0,100.0
2026-05-06 11:00:01,1.609,1007.8,39.6,34.0,4.14,2.2793,1.609,1.349,0.937,0.1823,0.3911,0.0916,0.22578313253012053,0.09089104981147053,2.299271841257575,63.7164,80.28157894736842,100.0,100.0
2026-05-06 12:00:01,2.105,1008.2,43.1,34.0,4.01,2.0469,2.105,1.148,1.155,0.1836,0.3669,0.0953,0.28731343283582095,0.09452489585399722,2.6613819718334306,90.7255,86.39736842105263,100.0,100.0
2026-05-06 13:00:01,1.624,1008.0,44.3,34.0,4.08,1.9824,1.624,1.271,1.045,0.1888,0.3713,0.084,0.2555012224938875,0.08333333333333334,2.3118914334371325,71.9432,88.09473684210526,100.0,98.60189573459715
2026-05-06 16:00:01,1.906,1000.1,42.3,33.88,5.47,2.1055,1.906,0.856,0.851,0.179,0.3789,0.0945,0.1552919708029197,0.09449055094490551,2.256052525984269,80.62379999999999,84.85526315789474,100.0,100.0
2026-05-06 19:00:01,1.833,1008.0,41.5,33.91,3.1,2.0879,1.833,1.052,0.923,0.1735,0.3879,0.0915,0.29678456591639873,0.09077380952380952,2.3061920995441816,76.0695,85.31842105263158,100.0,100.0
2026-05-07 02:00:01,1.413,1699.5,38.3,57.09,5.85,2.4551,0.958,1.413,1.09,0.2632,0.3887,0.1077,0.18600682593856657,0.06337157987643424,2.0254463705563768,54.1179,68.46462882096071,100.0,100.0
2026-05-07 05:00:01,2.023,1701.5,41.6,57.12,5.35,2.459,1.959,1.44,2.023,0.271,0.3445,0.1271,0.37742537313432845,0.07469879518072288,3.1628800166936464,84.1568,68.19213973799127,100.0,100.0
2026-05-07 06:00:01,2.662,1701.1,42.2,57.12,5.54,2.3301,1.267,2.486,2.662,0.2676,0.3694,0.1121,0.4796396396396396,0.06589853624125566,3.856388076944539,112.3364,77.19825327510918,100.0,100.0
2026-05-07 10:00:01,0.243,1478.3,47.0,49.97,10.36,0.1372,0.157,0.243,0.1,0.0092,0.0196,0.0091,0.009643201542912249,0.006155719407427451,0.3061012904252447,11.421,100.0,100.0,95.40284360189574
2026-05-07 11:00:01,2.703,1701.8,40.8,57.12,5.22,2.5449,1.081,2.703,2.088,0.2788,0.4038,0.1183,0.3992351816443595,0.06951463156657657,3.582528994997807,110.28239999999998,62.19039301310043,100.0,100.0
2026-05-07 14:00:01,2.238,1701.8,46.6,57.16,5.62,2.5645,1.119,1.668,2.238,0.2856,0.4226,0.1337,0.39751332149200713,0.07856387354565755,3.007162948694334,104.2908,60.82096069868997,100.0,95.87677725118483
2026-05-07 16:00:01,2.121,1701.3,45.2,57.12,5.43,2.9023,1.25,1.727,2.121,0.2744,0.436,0.1192,0.389889705882353,0.0700640686533827,3.0072695256660986,95.8692,37.21921397379914,100.0,97.53554502369667
2026-05-07 18:00:01,2.266,1701.6,42.7,57.16,5.71,2.6152,1.396,1.818,2.266,0.2678,0.3962,0.1236,0.3961538461538462,0.07263751763046544,3.2231500120224004,96.7582,57.27860262008733,100.0,100.0
2026-05-07 20:00:01,2.348,1701.5,44.6,57.16,5.75,2.6211,1.388,1.33,2.348,0.2659,0.4082,0.1194,0.4076388888888889,0.07017337643255951,3.0345589465357232,104.7208,56.86637554585152,100.0,98.24644549763033
2026-05-08 02:00:01,2.203,1701.3,40.4,57.12,5.46,2.4277,1.658,1.35,2.203,0.2773,0.3887,0.1273,0.4027422303473492,0.07482513372127196,3.069963029093347,89.0012,70.37903930131003,100.0,100.0
2026-05-08 05:00:01,2.705,1701.9,37.4,57.12,5.18,2.9531,1.523,1.454,2.705,0.2788,0.407,0.1321,0.521194605009634,0.07761913155884598,3.4279250283516993,101.167,33.66986899563319,100.0,100.0
2026-05-08 06:00:01,2.111,1701.3,42.2,57.16,5.86,2.6328,1.14,2.111,0.93,0.2717,0.3757,0.1239,0.15843270868824533,0.07282666196438017,2.573095606463157,89.08420000000001,56.04890829694323,100.0,100.0
2026-05-08 07:00:01,2.404,1701.3,50.9,57.16,5.86,2.4648,1.303,1.178,2.404,0.2812,0.405,0.1177,0.4095400340715502,0.06918238993710692,2.9773661178968234,122.36359999999999,67.78689956331878,100.0,90.78199052132702
2026-05-10 20:00:01,1.42,999.0,37.0,33.84,5.52,2.0723,0.905,1.42,0.61,0.135,0.3103,0.127,0.11030741410488247,0.12712712712712712,1.790956448381702,52.54,85.72894736842106,100.0,100.0
2026-05-10 22:00:01,3.867,1701.5,42.2,57.19,6.17,3.3262,1.533,3.867,1.735,0.2566,0.6021,0.2104,0.2807443365695793,0.12365559800176315,4.507105834124599,163.1874,7.60174672489083,100.0,100.0
2026-05-10 23:00:01,2.77,1701.5,42.1,57.19,6.17,3.6836,1.325,2.77,2.041,0.2742,0.5693,0.2053,0.3302588996763754,0.1206582427270056,3.6870321398110972,116.617,0.0,100.0,100.0
2026-05-11 01:00:01,3.275,1701.3,43.2,57.19,6.26,3.9062,1.525,3.275,2.365,0.2551,0.5991,0.2147,0.3771929824561404,0.12619761358960793,4.317924848813374,141.48000000000002,0.0,100.0,99.90521327014217
2026-05-11 02:00:01,2.281,1702.0,42.4,57.19,5.95,3.6992,1.42,2.281,1.097,0.2668,0.5034,0.1732,0.18406040268456375,0.1017626321974148,2.902200888980637,96.7144,0.0,100.0,100.0
2026-05-11 04:00:01,3.281,1701.0,42.4,57.19,6.38,3.2754,2.279,2.049,3.281,0.269,0.4827,0.1732,0.5134585289514867,0.10182245737801293,4.489677382618934,139.1144,11.151091703056778,100.0,100.0
2026-05-11 05:00:01,2.727,1700.9,42.8,57.19,6.44,3.7188,1.234,2.727,1.539,0.2664,0.5601,0.1934,0.23860465116279067,0.11370450937738844,3.3656806146751355,116.71559999999998,0.0,100.0,100.0
2026-05-11 06:00:01,1.915,1701.9,43.5,57.16,5.61,3.1758,1.569,1.915,1.282,0.261,0.4688,0.1627,0.22811387900355873,0.09559903637111464,2.7879221653410626,83.3025,18.110043668122266,100.0,99.54976303317535
2026-05-11 07:00:01,2.062,1701.4,43.7,57.19,6.21,3.2148,1.671,2.062,1.516,0.2566,0.4849,0.1704,0.24372990353697752,0.10015281532855295,3.056524333291001,90.1094,15.385152838427956,100.0,99.3127962085308
2026-05-11 10:00:01,2.635,1701.8,39.1,57.16,5.64,3.0801,0.989,2.635,1.071,0.2185,0.4622,0.1508,0.18955752212389382,0.08861205782113056,3.0113762634383634,103.0285,24.796506550218353,100.0,100.0
2026-05-11 14:00:01,0.75,1458.7,50.2,50.0,20.67,0.4404,0.673,0.75,0.161,0.0273,0.0656,0.0329,0.007785299806576401,0.022554329197230407,1.0204655800172782,37.650000000000006,100.0,100.0,91.61137440758293
2026-05-11 15:00:01,2.221,1701.8,45.9,57.19,6.04,3.4609,1.194,2.221,1.44,0.2476,0.4824,0.1737,0.23801652892561984,0.10206839816664708,2.9038038845624543,101.9439,0.0,100.0,96.70616113744076
2026-05-11 16:00:01,2.984,1701.2,49.1,57.19,6.31,3.4824,1.691,2.984,0.949,0.2581,0.4983,0.1793,0.15015822784810126,0.1053961909240536,3.55869891954911,146.5144,0.0,100.0,92.91469194312796
2026-05-11 17:00:01,2.229,1701.2,46.6,57.19,6.31,2.9883,1.492,2.229,1.671,0.2573,0.449,0.165,0.2643987341772152,0.0969903597460616,3.160181323911652,103.87140000000001,31.21048034934497,100.0,95.87677725118483
2026-05-11 18:00:01,2.561,1702.0,47.9,57.16,5.56,3.0879,1.562,2.561,1.024,0.2286,0.4858,0.1732,0.18384201077199283,0.1017626321974148,3.1697225430627203,122.6719,24.25152838427949,100.0,94.33649289099526
2026-05-11 19:00:01,2.738,1701.5,45.3,57.19,6.17,3.2988,1.802,2.041,2.738,0.2605,0.47,0.171,0.443042071197411,0.10049955921245961,3.8612859256988465,124.03139999999999,9.51615720524019,100.0,97.41706161137441
2026-05-11 20:00:01,3.314,1701.5,46.3,57.19,6.18,2.9629,1.289,3.314,1.502,0.2581,0.4282,0.15,0.24264943457189017,0.08815750808110491,3.860067486456681,153.4382,32.98515283842796,100.0,96.23222748815166
2026-05-11 21:00:01,2.674,1700.7,46.2,57.16,6.11,2.9219,1.216,2.498,2.674,0.2607,0.4402,0.1528,0.4369281045751634,0.08984535779384958,3.8560259335227505,123.53880000000001,35.849781659388654,100.0,96.35071090047393
2026-05-11 22:00:01,2.592,1701.4,48.1,57.16,5.81,3.4883,1.689,2.568,2.592,0.2585,0.4648,0.1669,0.4453608247422681,0.09809568590572469,4.020672704908968,124.6752,0.0,100.0,94.0995260663507
2026-05-11 23:00:01,2.842,1701.8,45.8,57.16,5.63,2.8633,1.346,2.842,2.182,0.2576,0.4199,0.1416,0.3868794326241135,0.08320601715830298,3.8275062377480196,130.1636,39.94410480349344,100.0,96.82464454976304
2026-05-12 00:00:01,2.508,1701.0,48.3,57.16,5.98,3.3945,1.529,2.508,1.583,0.2578,0.4661,0.162,0.26427378964941567,0.09523809523809523,3.336734031954,121.1364,2.8296943231441247,100.0,93.86255924170617
2026-05-12 01:00:01,2.598,1701.0,44.4,57.16,6.01,3.0156,1.394,1.862,2.598,0.2539,0.4307,0.1499,0.43156146179401994,0.08812463256907702,3.4871025221521665,115.35119999999999,29.303056768558953,100.0,98.48341232227489
2026-05-12 03:00:01,1.888,1701.7,45.6,57.16,5.68,2.9551,1.205,1.888,1.094,0.2406,0.4395,0.1576,0.19226713532513184,0.09261326908385731,2.492670254967552,86.0928,33.53013100436683,100.0,97.06161137440758
2026-05-12 04:00:01,1.859,1701.6,44.0,57.16,5.75,2.8203,1.48,1.859,1.776,0.2563,0.4426,0.1499,0.30833333333333335,0.08809355900329102,2.9665564211725353,81.79599999999999,42.94847161572052,100.0,98.95734597156398
2026-05-12 06:00:01,2.811,1699.7,45.2,57.16,6.57,3.1816,1.143,2.811,1.66,0.2573,0.4773,0.1665,0.25227963525835867,0.09795846325822205,3.4588683120350217,127.05720000000001,17.704803493449788,100.0,97.53554502369667
2026-05-12 08:00:01,2.902,1699.9,45.9,57.19,6.86,3.0996,1.37,2.902,1.871,0.261,0.468,0.1659,0.27234352256186317,0.09759397611624211,3.714720043287246,133.2018,23.434061135371174,100.0,96.70616113744076
2026-05-12 10:00:01,2.732,1701.0,47.9,57.16,5.99,2.9492,1.495,2.732,1.809,0.2568,0.4319,0.1559,0.3015,0.09165196942974721,3.6015732673374843,130.8628,33.94235807860263,100.0,94.33649289099526
2026-05-12 11:00:01,2.127,1702.1,49.1,57.16,5.5,3.0391,1.676,2.127,1.002,0.2573,0.4282,0.1633,0.18185117967332123,0.09594030903002174,2.8874052365402396,104.4357,27.661135371179043,100.0,92.91469194312796
2026-05-12 13:00:01,1.084,1318.3,50.1,44.12,2.41,1.4658,0.812,1.084,0.626,0.1926,0.2233,0.0886,0.25867768595041324,0.06720776757945839,1.4920710438849754,54.308400000000006,100.0,100.0,91.7298578199052
2026-05-12 14:00:01,2.486,1701.5,47.7,57.12,5.35,3.2539,1.309,2.486,0.945,0.2305,0.5,0.1808,0.17630597014925375,0.10625918307375844,2.9642371699983796,118.58220000000001,12.653275109170323,100.0,94.5734597156398
2026-05-12 15:00:01,2.094,1701.2,48.3,57.16,5.9,2.9336,2.094,1.89,1.853,0.2418,0.436,0.17,0.31353637901861253,0.09992946155654832,3.374988148127338,101.1402,35.03231441048034,100.0,93.86255924170617
2026-05-12 17:00:01,3.516,1701.6,45.9,57.16,5.72,2.9902,1.365,3.516,1.019,0.2296,0.4448,0.1549,0.17783595113438044,0.09103196991067232,3.906896722464007,161.3844,31.077729257641913,100.0,96.70616113744076
2026-05-12 21:00:01,1.84,1701.9,44.8,57.16,5.61,2.7832,1.591,1.84,1.796,0.2463,0.4126,0.1462,0.3195729537366548,0.08590398965861683,3.02365623046007,82.432,45.540611353711796,100.0,98.00947867298578
2026-05-12 21:28:14,0.632,686.0,55.9,23.94,7.7,0.1929,0.275,0.632,0.126,0.0082,0.0274,0.0115,0.01634241245136187,0.016763848396501455,0.7006604027629934,35.3288,100.0,100.0,84.85781990521328
2026-05-12 23:00:00,1.778,1701.7,43.2,57.19,6.07,2.8672,1.19,1.778,1.491,0.2588,0.4441,0.1489,0.24523026315789476,0.08750073455955809,2.607770120236828,76.8096,39.67161572052402,100.0,99.90521327014217
2026-05-13 00:00:01,3.781,608.6,50.2,20.75,2.88,3.3047,1.388,3.781,2.113,0.2491,0.502,0.1624,0.7311418685121108,0.26684193230364767,4.548326505430322,189.80620000000002,9.103930131004375,100.0,91.61137440758293
2026-05-13 01:00:01,0.268,1494.3,53.4,49.97,2.39,0.082,0.166,0.268,0.217,0.0068,0.0099,0.007,0.09041666666666667,0.004684467643712775,0.38271268596690133,14.311200000000001,100.0,100.0,87.81990521327015
2026-05-13 04:00:01,2.082,1701.3,42.4,57.19,6.25,2.6836,1.657,1.784,2.082,0.2595,0.4409,0.1619,0.33258785942492014,0.09516252277670016,3.203596260454803,88.2768,52.49956331877728,100.0,100.0
2026-05-13 05:00:01,1.71,1701.3,43.5,57.19,6.28,2.6914,1.422,1.64,1.71,0.2747,0.4031,0.1566,0.2718600953895072,0.09204725797919237,2.763292239340602,74.385,51.95458515283845,100.0,99.54976303317535
2026-05-13 06:00:01,1.622,1701.3,44.8,57.19,6.26,2.832,1.146,1.577,1.622,0.2795,0.4258,0.1611,0.25869218500797453,0.09469229412801974,2.5359670739187448,72.6656,42.13100436681224,100.0,98.00947867298578
2026-05-13 07:00:01,1.734,1678.0,46.0,57.19,16.43,2.7305,1.056,1.734,1.696,0.2739,0.4187,0.1516,0.10316301703163015,0.09034564958283672,2.6454315337955734,79.764,49.22270742358078,100.0,96.58767772511848
2026-05-13 10:00:01,1.168,1494.1,48.6,49.97,2.49,2.2012,0.854,1.168,0.746,0.2374,0.3401,0.145,0.2984,0.09704839033531891,1.6278992597823736,56.7648,82.33684210526316,100.0,93.50710900473933
2026-05-13 13:00:01,2.143,1696.6,46.6,57.16,7.92,3.0625,1.444,2.143,1.806,0.2412,0.4307,0.1516,0.22774274905422448,0.08935518095013557,3.1526530097681222,99.8638,26.02620087336245,100.0,95.87677725118483
2026-05-13 14:00:01,1.816,1701.7,48.4,57.19,6.08,2.7207,1.331,1.595,1.816,0.2783,0.4353,0.1683,0.2981937602627258,0.09890109890109891,2.7592466363121657,87.8944,49.90742358078604,100.0,93.74407582938389
2026-05-13 16:00:01,0.551,314.9,57.7,10.71,0.69,0.5127,0.302,0.551,0.383,0.0364,0.0879,0.0337,0.5471428571428572,0.10701810098443952,0.7358627589435411,31.792700000000004,100.0,100.0,82.72511848341232
2026-05-13 20:00:01,1.609,1689.3,44.1,57.16,11.09,2.707,1.533,1.609,1.532,0.2268,0.4414,0.1556,0.13801801801801802,0.09210915763925885,2.699258046204549,70.9569,50.86462882096072,100.0,98.8388625592417
2026-05-14 03:00:01,1.704,1701.3,37.4,57.16,5.84,2.6152,1.342,1.704,1.632,0.21,0.4253,0.1345,0.27897435897435896,0.07905719155939576,2.714406749181117,63.7296,57.27860262008733,100.0,100.0
2026-05-14 04:00:01,1.746,1701.7,40.4,57.19,6.09,2.5117,1.467,1.746,1.154,0.2588,0.4385,0.1575,0.18918032786885244,0.09255450431921021,2.555840566232565,70.5384,64.51004366812228,100.0,100.0
2026-05-14 05:00:01,2.877,1700.3,42.1,57.19,6.72,2.8438,1.402,2.877,0.952,0.2546,0.447,0.1562,0.1414561664190193,0.0918661412691878,3.3390173704250175,121.12169999999999,41.30655021834062,100.0,100.0
2026-05-14 09:00:01,2.543,1701.3,43.9,57.16,5.84,2.7793,0.834,2.543,1.213,0.2438,0.4541,0.1471,0.20735042735042739,0.0864632927761124,2.9383284363733067,111.63770000000001,45.81310043668122,100.0,99.07582938388626
2026-05-14 10:00:01,1.981,1700.4,51.7,57.16,6.24,2.7539,0.979,1.962,1.981,0.2445,0.4307,0.1359,0.31696,0.07992237120677487,2.955037394010438,102.41770000000001,47.58777292576421,100.0,89.83412322274881
2026-05-14 11:00:01,1.985,1701.8,45.5,57.16,5.64,2.6836,1.164,1.985,1.609,0.252,0.3972,0.1376,0.28477876106194694,0.08085556469620402,2.8078465057762685,90.31750000000001,52.49956331877728,100.0,97.18009478672985
2026-05-14 13:00:01,1.94,1700.8,41.6,57.16,6.07,2.6973,1.423,1.729,1.94,0.2368,0.4568,0.1494,0.319078947368421,0.08784101599247414,2.9627639122954093,80.704,51.54235807860263,100.0,100.0
2026-05-14 14:00:03,2.158,1701.7,42.4,57.16,5.7,2.6328,1.543,2.158,1.497,0.2566,0.4429,0.1465,0.26217162872154115,0.08609038020802726,3.046115887486883,91.49919999999999,56.04890829694323,100.0,100.0
2026-05-14 16:00:00,3.018,1701.1,41.5,57.16,5.93,2.6152,2.252,1.843,3.018,0.2571,0.4453,0.1528,0.5080808080808081,0.0898242313796955,4.192430917737345,125.24699999999999,57.27860262008733,100.0,100.0
2026-05-14 17:00:00,2.447,1701.6,40.4,57.12,5.34,2.4688,1.411,2.072,2.447,0.2141,0.4309,0.1381,0.4573831775700935,0.08115890926187118,3.503129172611253,98.8588,67.50742358078604,100.0,100.0
2026-05-15 00:00:00,0.311,1477.3,35.8,49.97,10.9,0.1006,0.151,0.311,0.16,0.0075,0.0144,0.008,0.01466544454628781,0.0054152846408989375,0.380948815459505,11.133799999999999,100.0,100.0,100.0
2026-05-15 03:00:00,1.163,562.4,34.6,19.61,5.07,1.2783,0.541,1.163,0.519,0.1626,0.1846,0.0772,0.10216535433070867,0.1372688477951636,1.383694691758265,40.2398,100.0,100.0,100.0
2026-05-15 08:00:00,1.958,1672.2,39.3,57.19,19.0,2.5254,1.842,1.733,1.958,0.2113,0.4199,0.1453,0.10299842188321935,0.08689152015309173,3.198439775890739,76.9494,63.55283842794761,100.0,100.0
2026-05-15 12:00:00,1.717,1701.1,45.8,57.22,6.77,2.8711,1.717,1.71,1.283,0.2678,0.448,0.1677,0.1892330383480826,0.09858326964905062,2.741947847789961,78.6386,39.39912663755457,100.0,96.82464454976304
2026-05-15 16:00:00,1.375,1006.9,42.2,33.81,2.51,1.4229,1.375,0.935,0.606,0.1387,0.2456,0.1089,0.2404761904761905,0.1081537391995233,1.7697700415590722,58.025000000000006,100.0,100.0,100.0
2026-05-15 18:00:00,1.932,1007.1,40.3,33.84,2.77,1.4473,1.932,0.883,0.854,0.1409,0.2479,0.1167,0.30719424460431655,0.11587727137324991,2.2894604167794648,77.85959999999999,100.0,100.0,100.0
2026-05-15 19:00:00,1.657,1001.1,41.7,33.84,4.8,1.4785,1.657,0.963,0.681,0.1399,0.2482,0.1119,0.14158004158004162,0.11177704525022474,2.0339073233557126,69.0969,100.0,100.0,100.0
2026-05-15 21:00:00,1.089,999.0,41.2,33.84,5.51,1.4805,1.089,0.922,1.008,0.1418,0.2568,0.1075,0.18260869565217394,0.10760760760760761,1.7470171722109662,44.866800000000005,100.0,100.0,100.0
2026-05-15 22:00:00,0.237,674.4,45.9,23.39,6.38,0.165,0.172,0.237,0.087,0.0086,0.0196,0.009,0.013615023474178404,0.013345195729537365,0.305486497246605,10.8783,100.0,100.0,96.70616113744076
2026-05-16 00:00:00,1.103,1071.3,38.5,36.0,3.13,1.6875,0.947,1.103,0.768,0.1304,0.2869,0.1158,0.24458598726114653,0.10809297115653879,1.6441538857418425,42.4655,95.85526315789474,100.0,100.0
2026-05-16 01:00:00,1.387,1059.6,39.5,36.0,7.35,1.8047,0.644,1.387,0.63,0.1338,0.2878,0.1124,0.08559782608695653,0.106077765194413,1.653905982817645,54.786500000000004,92.77105263157895,100.0,100.0
2026-05-16 05:00:00,0.95,1071.1,37.4,36.0,3.22,1.6572,0.669,0.95,0.777,0.1305,0.2876,0.1143,0.24055727554179568,0.10671272523573896,1.3977803833220726,35.529999999999994,96.65263157894736,100.0,100.0
2026-05-16 06:00:00,1.225,1058.7,44.6,36.0,7.68,1.8135,0.73,1.225,0.556,0.1425,0.2871,0.1115,0.07230169050715216,0.10531784263719657,1.5305753820050814,54.635000000000005,92.53947368421053,100.0,98.24644549763033
2026-05-16 07:00:00,0.833,1063.5,40.3,36.0,5.93,1.7305,0.618,0.833,0.62,0.1407,0.2783,0.1088,0.10437710437710439,0.10230371415138693,1.2083927341721317,33.5699,94.72368421052632,100.0,100.0
2026-05-16 11:00:00,0.925,1063.3,44.1,35.97,5.65,1.6621,0.75,0.925,0.57,0.1448,0.2664,0.1047,0.10070671378091872,0.09846703658421894,1.3202367211981343,40.792500000000004,96.52368421052631,100.0,98.8388625592417
2026-05-16 14:00:00,0.657,1061.9,46.1,35.97,6.18,1.6045,0.564,0.657,0.54,0.1586,0.2559,0.1033,0.08723747980613894,0.09727846313212167,1.0204631301521874,30.2877,98.03947368421052,100.0,96.4691943127962
2026-05-16 15:00:00,1.241,1061.4,45.5,36.0,6.69,1.7178,0.688,1.241,0.655,0.1573,0.2661,0.1113,0.09776119402985074,0.1048615036743923,1.5628339643097087,56.465500000000006,95.0578947368421,100.0,97.18009478672985
2026-05-16 18:00:00,0.914,1060.2,43.9,36.0,7.12,1.7188,0.574,0.914,0.719,0.1471,0.2693,0.1063,0.10084151472650771,0.10026410111299755,1.296855042015105,40.1246,95.03157894736842,100.0,99.07582938388626
2026-05-16 19:00:00,1.038,1061.7,43.3,36.0,6.57,1.7314,0.899,1.038,0.533,0.149,0.2729,0.1074,0.08100303951367782,0.1011585193557502,1.473001697215587,44.9454,94.7,100.0,99.7867298578199
2026-05-16 21:00:00,1.03,1061.0,40.5,36.0,6.84,1.9395,0.648,1.03,0.623,0.1323,0.2852,0.1128,0.09094890510948905,0.1063147973609802,1.3670892436121351,41.715,89.22368421052632,100.0,100.0
2026-05-16 22:00:00,1.099,1071.9,39.9,36.0,2.91,1.665,0.577,1.099,0.564,0.1349,0.2856,0.1099,0.19315068493150683,0.10252822091613023,1.3633876924778219,43.8501,96.44736842105263,100.0,100.0
2026-05-17 01:00:00,0.948,1059.9,41.6,36.0,7.24,1.6201,0.667,0.948,0.663,0.1403,0.2781,0.1061,0.09144827586206897,0.10010378337579016,1.3353508902157514,39.4368,97.62894736842105,100.0,100.0
2026-05-17 03:00:00,1.056,1062.8,43.2,36.0,6.2,1.7656,0.746,1.056,0.688,0.1354,0.2771,0.1094,0.1107890499194847,0.10293564170116673,1.4645804860095604,45.619200000000006,93.8,100.0,99.90521327014217
2026-05-17 04:00:00,0.867,1063.1,41.2,36.0,6.08,1.7666,0.802,0.867,0.718,0.137,0.2822,0.1077,0.11789819376026273,0.10130749694290284,1.3821783531802254,35.720400000000005,93.77368421052631,100.0,100.0
2026-05-17 05:00:00,0.942,1061.3,41.9,36.0,6.74,1.6709,0.72,0.942,0.566,0.1484,0.2727,0.1047,0.08385185185185184,0.09865259587298597,1.3138188611829258,39.4698,96.2921052631579,100.0,100.0
2026-05-17 06:00:00,0.903,1070.2,40.6,36.0,3.52,1.6797,0.755,0.903,0.699,0.135,0.2822,0.1118,0.1980169971671388,0.10446645486824892,1.3689539802345438,36.6618,96.06052631578947,100.0,100.0
2026-05-17 07:00:00,1.128,1070.9,41.8,36.0,3.26,1.6016,0.994,1.128,0.631,0.1472,0.2734,0.1077,0.19296636085626914,0.1005696143430759,1.6305155626365544,47.15039999999999,98.11578947368422,100.0,100.0
2026-05-17 09:00:00,1.362,997.2,42.4,33.91,6.79,1.5215,1.362,1.277,0.944,0.1401,0.2534,0.1115,0.1388235294117647,0.11181307661452065,2.092106354849103,57.7488,100.0,100.0,100.0
2026-05-17 10:00:00,1.827,996.9,44.1,33.91,6.9,1.5977,1.068,1.827,0.822,0.1421,0.2551,0.1066,0.11895803183791605,0.10693148761159595,2.2702944742918265,80.5707,98.21842105263158,100.0,98.8388625592417
2026-05-17 11:00:00,1.579,1008.1,44.6,33.91,3.09,1.498,0.892,1.579,0.719,0.1379,0.2502,0.1038,0.23193548387096777,0.10296597559765897,1.9508628860071124,70.4234,100.0,100.0,98.24644549763033
2026-05-17 12:00:00,1.696,1000.3,45.3,33.91,5.74,1.583,0.708,1.696,0.591,0.1376,0.2482,0.103,0.10278260869565217,0.10296910926721983,1.9305338639868506,76.82879999999999,98.60526315789474,100.0,97.41706161137441
2026-05-17 14:00:00,1.316,1000.1,49.6,33.91,5.81,1.5166,1.236,1.316,0.711,0.1456,0.2419,0.1077,0.12216494845360826,0.10768923107689232,1.9403796020366737,65.2736,100.0,100.0,92.32227488151659
2026-05-17 15:00:00,1.84,998.3,45.8,33.91,6.39,1.5195,1.84,1.252,1.056,0.144,0.246,0.116,0.165,0.11619753581087851,2.4633797920742957,84.27199999999999,100.0,100.0,96.82464454976304
2026-05-17 16:00:00,1.663,998.1,45.0,33.91,6.46,1.585,1.663,1.07,0.875,0.1416,0.2448,0.1145,0.13523956723338487,0.11471796413185052,2.162427802263003,74.83500000000001,98.55263157894737,100.0,97.77251184834122
2026-05-17 20:00:00,2.002,1071.1,39.6,35.97,2.86,2.3984,1.147,2.002,0.693,0.139,0.4478,0.1802,0.24146341463414636,0.16823825973298479,2.4091205864381298,79.27919999999999,72.42620087336245,100.0,100.0
2026-05-17 23:00:00,3.23,1700.4,35.2,57.09,5.45,2.9746,1.249,2.5,3.23,0.2366,0.4319,0.1559,0.5915750915750916,0.09168430957421783,4.271170916739343,113.69600000000001,32.16768558951965,100.0,100.0
2026-05-18 00:00:00,2.23,1700.9,39.5,57.12,5.61,2.5645,1.849,1.464,2.23,0.2384,0.4106,0.1467,0.39679715302491103,0.08624845669939443,3.2457660112830067,88.085,60.82096069868997,100.0,100.0
2026-05-18 01:00:00,0.697,579.0,42.5,19.48,1.08,0.1689,0.325,0.697,0.196,0.007,0.0251,0.0118,0.17981651376146787,0.020379965457685667,0.7936308965759838,29.6225,100.0,100.0,100.0
2026-05-18 02:00:00,5.277,1152.3,50.6,39.81,16.74,2.75,1.485,5.277,0.679,0.189,0.4133,0.1414,0.04053731343283582,0.12271109954005034,5.523856895322325,267.0162,47.86026200873363,100.0,91.13744075829383
2026-05-18 03:00:00,2.031,1701.5,41.8,57.12,5.35,2.6738,1.238,2.031,1.313,0.2457,0.4233,0.1407,0.2449626865671642,0.0826917425800764,2.716905224699603,84.8958,53.184279475982535,100.0,100.0
2026-05-18 04:00:00,2.967,1701.5,41.8,57.12,5.34,2.8359,1.224,2.967,2.07,0.2539,0.4417,0.1422,0.38691588785046727,0.08357331766088745,3.8191838133297535,124.0206,41.85851528384279,100.0,100.0
2026-05-18 07:00:00,1.717,1701.1,39.2,57.09,5.14,2.7578,1.701,1.717,1.363,0.2122,0.4194,0.1425,0.2646601941747573,0.08376932573040974,2.774753862957938,67.30640000000001,47.31528384279476,100.0,100.0
2026-05-18 08:00:00,2.449,1701.0,41.8,57.12,5.59,2.875,1.396,1.893,2.449,0.2372,0.4556,0.1467,0.4373214285714286,0.08624338624338623,3.3955656377104533,102.36819999999999,39.12663755458516,100.0,100.0
2026-05-18 09:00:00,2.877,1701.8,43.5,57.09,4.83,2.7402,1.963,2.406,2.877,0.2466,0.4417,0.1494,0.5944214876033057,0.08778939945939594,4.233123433116497,125.14949999999999,48.54497816593885,100.0,99.54976303317535
2026-05-18 11:00:00,1.947,1701.7,43.7,57.12,5.29,2.8457,1.947,1.412,1.892,0.2314,0.4373,0.1499,0.3569811320754717,0.08808838220602927,3.060100815332724,85.08390000000001,41.17379912663757,100.0,99.3127962085308
2026-05-18 12:00:00,2.484,1701.4,45.6,57.12,5.42,2.6816,1.118,1.706,2.484,0.2686,0.415,0.151,0.45745856353591163,0.08875044081344774,3.2141275643633063,113.27040000000001,52.63930131004367,100.0,97.06161137440758
2026-05-18 17:00:00,1.373,685.5,39.9,23.39,3.8,1.2393,0.439,1.373,0.36,0.1137,0.1901,0.0739,0.09448818897637797,0.10780452224653536,1.4857489693753787,54.7827,100.0,100.0,100.0
2026-05-18 22:00:00,0.828,504.6,34.4,17.0,0.93,1.1094,0.556,0.758,0.828,0.0891,0.1639,0.0678,0.8808510638297872,0.13436385255648037,1.2527106609269356,28.483199999999997,100.0,100.0,100.0
2026-05-18 23:00:00,1.035,503.8,38.3,17.02,1.14,0.8818,0.467,1.035,0.716,0.0876,0.1312,0.0561,0.6226086956521739,0.111353711790393,1.3423747613837202,39.640499999999996,100.0,100.0,100.0
2026-05-19 00:00:00,0.822,503.9,39.6,17.02,1.12,0.7969,0.437,0.683,0.822,0.089,0.1273,0.0578,0.7274336283185839,0.1147052986703711,1.1546176856431742,32.5512,100.0,100.0,100.0
2026-05-19 03:00:00,0.63,504.0,36.4,17.08,1.42,0.7881,0.37,0.63,0.489,0.0825,0.1222,0.0575,0.34195804195804197,0.1140873015873016,0.8791592574727288,22.932,100.0,100.0,100.0
2026-05-19 04:00:00,0.75,504.0,39.3,17.09,1.5,0.8525,0.628,0.75,0.56,0.0853,0.1382,0.0625,0.3708609271523179,0.12400793650793651,1.1271574867781344,29.474999999999998,100.0,100.0,100.0
2026-05-19 05:00:00,0.876,504.3,40.7,17.09,1.46,0.877,0.607,0.876,0.508,0.0826,0.1365,0.0611,0.345578231292517,0.12115804084870117,1.1806307636174826,35.653200000000005,100.0,100.0,100.0
2026-05-19 07:00:00,0.603,498.3,40.7,17.09,2.48,0.8555,0.361,0.603,0.499,0.0866,0.1398,0.0599,0.20040160642570282,0.12020870961268312,0.8619344522642078,24.5421,100.0,100.0,100.0
2026-05-19 08:00:00,0.601,497.6,45.4,17.09,2.59,0.9502,0.599,0.601,0.533,0.0904,0.1407,0.0656,0.20500000000000004,0.13183279742765272,1.0020434122332225,27.2854,100.0,100.0,97.29857819905213
2026-05-19 09:00:00,0.717,503.3,42.8,17.09,1.62,0.9458,0.583,0.717,0.418,0.0893,0.1442,0.0626,0.256441717791411,0.12437909795350686,1.014249476213816,30.687599999999996,100.0,100.0,100.0
2026-05-19 10:00:00,1.083,504.0,43.3,17.09,1.51,0.9434,1.083,0.824,0.567,0.086,0.1448,0.0714,0.37302631578947365,0.14166666666666666,1.474229968492026,46.893899999999995,100.0,100.0,99.7867298578199
2026-05-19 11:00:00,0.7,503.8,44.6,17.09,1.54,0.8765,0.606,0.7,0.583,0.0889,0.1461,0.0637,0.3761290322580645,0.12643906312028583,1.0941320761224396,31.22,100.0,100.0,98.24644549763033
2026-05-19 12:00:00,0.776,504.1,44.8,17.09,1.48,0.9868,0.622,0.776,0.487,0.0822,0.1461,0.0656,0.3268456375838926,0.1301329101368776,1.1073522474804482,34.7648,100.0,100.0,98.00947867298578
2026-05-19 13:00:00,0.888,503.7,45.7,17.09,1.55,1.0107,0.859,0.888,0.443,0.0815,0.1534,0.0666,0.28397435897435896,0.13222156045265038,1.3125067618873436,40.5816,100.0,100.0,96.9431279620853
2026-05-19 14:00:00,0.536,503.8,45.7,17.09,1.54,0.9648,0.391,0.536,0.466,0.0822,0.1506,0.0641,0.3006451612903226,0.12723302897975386,0.8107607538602248,24.495200000000004,100.0,100.0,96.9431279620853
2026-05-19 19:00:00,1.224,594.9,42.9,19.98,0.92,2.1523,0.661,1.224,0.598,0.1565,0.3215,0.1268,0.643010752688172,0.2131450663977139,1.514166767565581,52.5096,83.62368421052632,100.0,100.0
2026-05-19 20:00:00,1.077,1134.6,42.0,39.03,14.2,2.2578,0.914,1.077,0.637,0.1664,0.3496,0.1482,0.04482758620689656,0.13061872025383398,1.5495463852366602,45.233999999999995,80.84736842105264,100.0,100.0
2026-05-20 00:00:01,1.077,1323.2,34.8,44.38,3.57,1.9697,0.756,1.077,0.598,0.1597,0.3152,0.1343,0.16703910614525141,0.10149637243047158,1.445361200530857,37.4796,88.42894736842105,100.0,100.0
2026-05-20 01:00:01,1.223,1323.3,37.4,44.41,3.97,2.1133,0.775,1.223,0.692,0.1868,0.335,0.1572,0.17386934673366833,0.11879392428020859,1.6047485784383797,45.7402,84.64999999999999,100.0,100.0
2026-05-20 02:00:01,0.875,1322.7,37.1,44.38,3.8,2.1113,0.64,0.875,0.56,0.1633,0.3335,0.1443,0.14698162729658795,0.10909503288727604,1.2201741678957148,32.4625,84.70263157894738,100.0,100.0
2026-05-20 04:00:01,1.155,1323.2,34.7,44.38,3.57,2.0273,0.585,1.155,0.718,0.1597,0.3303,0.1403,0.2005586592178771,0.10603083434099153,1.480464116417551,40.078500000000005,86.91315789473684,100.0,100.0
2026-05-20 10:00:01,1.22,629.5,32.4,21.16,1.11,1.5166,0.507,1.032,1.22,0.1344,0.2084,0.0883,1.0892857142857142,0.1402700555996823,1.6764465395591952,39.528,100.0,100.0,100.0
2026-05-20 13:00:01,2.361,1701.5,39.9,57.09,4.96,2.668,1.775,2.361,1.421,0.2302,0.417,0.144,0.2859154929577465,0.0846312077578607,3.277832668090304,94.2039,53.58951965065501,100.0,100.0
2026-05-20 14:00:01,2.168,1701.7,42.0,57.09,4.86,2.7363,1.302,1.451,2.168,0.2517,0.4238,0.1458,0.4451745379876797,0.08567902685549746,2.9156181162834067,91.05600000000001,48.8174672489083,100.0,100.0
2026-05-20 15:00:01,2.152,1701.9,42.7,57.12,5.19,2.6934,1.136,2.152,1.555,0.2505,0.437,0.1412,0.29903846153846153,0.08296609671543567,2.887840888968781,91.89040000000001,51.814847161572054,100.0,100.0
2026-05-20 17:00:01,2.039,1700.9,40.1,57.09,5.2,2.5742,0.967,2.039,0.975,0.2142,0.3982,0.1361,0.1871401151631478,0.08001646187312599,2.4582992088027042,81.7639,60.14323144104805,100.0,100.0
2026-05-20 18:00:01,2.311,1701.4,40.4,57.12,5.41,2.502,0.908,2.311,1.454,0.2522,0.4087,0.1396,0.26826568265682654,0.08205007640766428,2.8773774517779205,93.36439999999999,65.18777292576421,100.0,100.0
2026-05-20 21:00:01,2.771,1701.2,39.9,57.22,6.7,2.5801,1.606,1.814,2.771,0.2274,0.4194,0.1471,0.41296572280178834,0.08646837526451917,3.680797875461243,110.5629,59.73100436681224,100.0,100.0
2026-05-20 23:00:01,2.777,1701.4,37.1,57.19,6.22,2.7852,1.186,2.777,2.211,0.2145,0.4124,0.1381,0.3548956661316212,0.08116844951216645,3.742572110193737,103.0267,45.40087336244541,100.0,100.0
2026-05-21 01:00:01,1.668,1701.8,37.2,57.19,6.06,2.3457,0.958,1.668,1.191,0.2365,0.3792,0.1317,0.19621087314662278,0.07738864731460807,2.2624033681021603,62.049600000000005,76.10829694323145,100.0,100.0
2026-05-21 03:00:01,1.763,1700.9,40.8,57.16,6.02,2.6074,1.754,1.763,1.582,0.2284,0.4006,0.1434,0.2623548922056385,0.08430830736668822,2.9474410935589535,71.93039999999999,57.8235807860262,100.0,100.0
2026-05-21 04:00:01,0.41,216.5,46.3,7.42,0.46,0.0732,0.185,0.41,0.101,0.0054,0.0139,0.0074,0.2148936170212766,0.034180138568129334,0.4610054229615959,18.982999999999997,100.0,100.0,96.23222748815166
2026-05-21 10:00:06,1.498,1699.0,38.0,57.06,5.64,2.3887,1.312,1.498,0.777,0.2163,0.3943,0.129,0.13752212389380533,0.075927015891701,2.1375399411472995,56.924,73.10393013100436,100.0,100.0
2026-05-21 11:00:00,1.307,604.6,49.2,20.38,1.35,0.4124,1.307,0.899,0.275,0.0398,0.0693,0.0513,0.20220588235294118,0.08484948726430698,1.6099922360061243,64.3044,100.0,100.0,92.79620853080569
2026-05-21 13:00:00,2.227,1700.9,42.7,57.09,5.2,2.7793,1.405,1.791,2.227,0.2438,0.4404,0.1411,0.427447216890595,0.08295608207419601,3.1845305776519086,95.0929,45.81310043668122,100.0,100.0
2026-05-21 15:00:00,1.935,1702.0,40.5,57.09,4.72,2.5938,1.267,1.935,1.65,0.2065,0.4231,0.1428,0.3488372093023256,0.08390129259694477,2.841129000943111,78.3675,58.77379912663756,100.0,100.0
2026-05-21 17:00:00,2.506,1700.1,43.3,57.12,5.99,2.6641,1.325,1.745,2.506,0.2537,0.4275,0.1422,0.41766666666666663,0.08364213869772366,3.328766438186975,108.50979999999998,53.862008733624464,100.0,99.7867298578199
2026-05-21 18:00:00,1.8,1701.7,42.9,57.12,5.26,2.5723,1.326,1.609,1.8,0.2358,0.3987,0.1376,0.34155597722960157,0.0808603161544338,2.7544794426533663,77.22,60.27598253275111,100.0,100.0
2026-05-21 20:00:00,1.985,1701.1,40.7,57.09,5.11,2.668,1.335,1.985,1.326,0.2191,0.4167,0.1418,0.258984375,0.08335782728822529,2.735091588960048,80.7895,53.58951965065501,100.0,100.0
2026-05-21 22:00:00,2.1,1700.4,40.5,57.12,5.85,2.6699,1.376,1.4,2.1,0.25,0.4285,0.1453,0.35836177474402736,0.08545048223947306,2.874608842955855,85.05,53.45676855895196,100.0,100.0
2026-05-22 00:00:00,2.451,1701.8,41.4,57.12,5.25,2.668,1.107,2.451,1.746,0.26,0.425,0.1373,0.3319391634980989,0.0806792807615466,3.206456923147417,101.4714,53.58951965065501,100.0,100.0
2026-05-22 03:00:00,0.324,689.4,44.7,24.08,7.94,0.1494,0.215,0.324,0.117,0.0063,0.0158,0.0091,0.014716981132075473,0.013199883957064115,0.406066497017422,14.482800000000001,100.0,100.0,98.12796208530806
2026-05-22 04:00:00,2.5,1700.8,39.6,57.16,6.07,2.668,1.26,1.947,2.5,0.2089,0.4221,0.1442,0.41118421052631576,0.08478363123236124,3.4100453076168944,99.0,53.58951965065501,100.0,100.0
2026-05-22 12:00:00,1.787,1700.4,39.9,57.19,6.64,2.5918,1.094,1.787,1.609,0.2173,0.3943,0.1383,0.24195488721804512,0.08133380381086802,2.6417959800105684,71.3013,58.91353711790393,100.0,100.0
2026-05-22 20:00:00,3.02,1574.1,38.5,52.84,5.3,2.2012,3.02,2.047,1.402,0.1813,0.3691,0.157,0.264030131826742,0.09973953370179786,3.908479627681331,116.27,82.33684210526316,100.0,100.0
2026-05-22 21:00:00,2.307,1575.1,41.2,52.88,5.26,2.2578,2.307,1.964,1.052,0.1923,0.3716,0.1425,0.1996204933586338,0.09047044632086851,3.2072182651013947,95.0484,80.84736842105264,100.0,100.0
2026-05-23 00:00:00,1.519,1700.2,39.2,57.03,4.71,2.4023,1.15,1.519,0.851,0.2003,0.394,0.1237,0.18029661016949153,0.0727561463357252,2.0866389242032266,59.5448,72.15371179039302,100.0,100.0
2026-05-23 04:00:00,2.549,1701.2,35.3,57.12,5.47,2.3555,1.279,1.761,2.549,0.2207,0.3899,0.1299,0.4651459854014599,0.07635786503644486,3.351770129349565,89.9797,75.42358078602619,100.0,100.0
2026-05-23 07:00:00,1.605,1701.0,39.5,57.16,5.97,2.4492,0.9,1.605,1.273,0.2454,0.4021,0.136,0.21287625418060202,0.07995296884185774,2.237533016516181,63.3975,68.87685589519653,100.0,100.0
2026-05-23 08:00:00,1.605,1700.5,42.1,57.16,6.23,2.5742,1.455,1.381,1.605,0.2556,0.4065,0.1376,0.25721153846153844,0.08091737724198765,2.56908758122412,67.5705,60.14323144104805,100.0,100.0
2026-05-23 09:00:00,3.07,1701.7,43.3,57.16,5.67,2.6582,2.223,1.396,3.07,0.2595,0.4175,0.1493,0.5404929577464789,0.08773579361814655,4.039238170744578,132.93099999999998,54.27423580786027,100.0,99.7867298578199
2026-05-23 10:00:00,0.288,704.4,52.9,24.61,8.34,0.1406,0.16,0.288,0.09,0.0069,0.0151,0.008,0.010778443113772455,0.011357183418512209,0.3415318433177205,15.235199999999999,100.0,100.0,88.41232227488152
2026-05-23 13:00:00,1.5,1699.8,41.8,57.16,6.49,2.8867,1.377,1.5,1.311,0.2532,0.4346,0.1498,0.20169230769230767,0.08812801506059535,2.4217452384592395,62.699999999999996,38.30917030567687,100.0,100.0
2026-05-23 14:00:00,1.812,1701.1,41.8,57.16,5.93,2.9121,1.192,1.812,0.924,0.2629,0.4365,0.1541,0.15555555555555559,0.0905884427723238,2.3575376985320933,75.74159999999999,36.534497816593884,100.0,100.0
2026-05-23 20:00:00,1.988,1699.4,38.4,57.12,6.3,2.4648,1.466,1.988,1.046,0.2227,0.4167,0.1445,0.16576862123613315,0.08503001059197363,2.6824272590323863,76.33919999999999,67.78689956331878,100.0,100.0
2026-05-24 02:00:00,1.573,1701.3,41.6,57.12,5.44,2.834,1.211,1.462,1.573,0.1946,0.4277,0.1494,0.28862385321100914,0.0878152001410686,2.4654196397368136,65.4368,41.99126637554585,100.0,100.0
2026-05-24 05:00:00,2.139,1702.0,39.6,57.16,5.57,2.7227,1.492,2.139,1.832,0.2469,0.4202,0.1456,0.32831541218637994,0.0855464159811986,3.1871004063254738,84.70439999999999,49.767685589519644,100.0,100.0
2026-05-24 08:00:00,2.812,1700.4,39.8,57.19,6.66,2.7031,1.855,1.88,2.812,0.2488,0.4023,0.1492,0.4215892053973013,0.08774406022112444,3.8578192026065707,111.91759999999998,51.13711790393013,100.0,100.0
2026-05-24 10:00:00,1.869,1699.3,40.7,57.16,6.72,2.5547,1.496,1.869,1.336,0.238,0.4187,0.1433,0.1985141158989599,0.08432884128758901,2.741545731881925,76.06830000000001,61.5056768558952,100.0,100.0
2026-05-24 11:00:00,2.1,1702.1,41.8,57.19,5.92,2.7578,2.1,1.508,1.2,0.2258,0.4258,0.1576,0.20236087689713322,0.09259150461194994,2.850274372757823,87.78,47.31528384279476,100.0,100.0
2026-05-24 17:00:00,2.52,1701.8,42.7,57.25,6.84,2.6367,2.52,1.695,0.977,0.1908,0.407,0.1713,0.1426277372262774,0.10065812668938771,3.1902905823764707,107.60400000000001,55.77641921397381,100.0,100.0
2026-05-24 19:00:00,2.229,1700.7,39.5,57.22,6.95,2.6016,1.435,1.41,2.229,0.2151,0.417,0.1512,0.32025862068965516,0.088904568707003,3.0026265169014943,88.0455,58.2288209606987,100.0,100.0
2026-05-24 21:00:00,2.143,1700.9,44.3,57.28,7.63,2.8164,1.38,1.535,2.143,0.304,0.425,0.1737,0.28049738219895287,0.10212240578517255,2.9754115681700237,94.93489999999998,43.22096069868997,100.0,98.60189573459715
2026-05-25 08:00:00,1.378,809.8,35.8,27.56,4.71,1.4814,0.645,1.378,0.463,0.1896,0.2233,0.0961,0.09809322033898306,0.11867127685848358,1.5903703971087992,49.33239999999999,100.0,100.0,100.0
2026-05-25 11:00:00,1.117,817.4,39.0,27.58,2.75,1.502,0.579,1.117,0.428,0.1892,0.2189,0.0915,0.15507246376811595,0.11194029850746268,1.32895221885514,43.563,100.0,100.0,100.0
2026-05-25 12:00:00,0.989,819.2,43.3,27.58,2.25,1.2998,0.577,0.989,0.343,0.1516,0.2014,0.0804,0.15176991150442481,0.09814453125,1.1952819751004362,42.823699999999995,100.0,100.0,99.7867298578199
2026-05-25 13:00:00,1.438,808.0,46.2,27.58,5.35,1.3486,0.574,1.438,0.398,0.1433,0.2109,0.0804,0.0742537313432836,0.0995049504950495,1.5986631915447356,66.43560000000001,100.0,100.0,96.35071090047393
2026-05-25 14:00:00,0.969,808.2,47.3,27.58,5.29,1.2422,0.608,0.969,0.305,0.139,0.2095,0.0775,0.057547169811320756,0.09589210591437762,1.1839130035606502,45.83369999999999,100.0,100.0,95.04739336492891
2026-05-25 19:00:00,0.884,817.6,44.1,27.56,2.56,1.2324,0.55,0.884,0.338,0.1559,0.1986,0.0796,0.13151750972762646,0.09735812133072408,1.0946232228488486,38.9844,100.0,100.0,98.8388625592417
2026-05-26 02:00:00,0.629,706.6,46.4,24.69,8.41,0.2002,0.222,0.629,0.202,0.0099,0.0275,0.0104,0.023990498812351546,0.014718369657514859,0.6969426088280154,29.1856,100.0,100.0,96.11374407582939
2026-05-26 05:00:00,0.294,591.8,38.0,19.89,0.97,0.6245,0.124,0.294,0.09,0.008,0.0151,0.0075,0.09183673469387756,0.012673200405542413,0.3315297875003089,11.171999999999999,100.0,100.0,100.0
2026-05-29 07:00:00,0.862,692.1,31.2,23.3,1.6,1.1592,0.394,0.862,0.334,0.141,0.1578,0.0719,0.20745341614906831,0.10388672157202716,1.0049059657500297,26.894399999999997,100.0,100.0,100.0
2026-05-29 11:00:00,0.904,624.8,38.7,21.2,2.4,1.0381,0.721,0.904,0.507,0.0884,0.1613,0.0756,0.21037344398340252,0.12099871959026891,1.2625791064325436,34.98480000000001,100.0,100.0,100.0
2026-05-29 12:00:00,0.723,628.3,42.5,21.22,1.75,1.0098,0.539,0.723,0.528,0.0799,0.1578,0.0696,0.3,0.11077510743275505,1.0450043062112233,30.7275,100.0,100.0,100.0
2026-05-29 18:00:00,0.842,628.7,42.2,21.17,1.38,0.9956,0.639,0.842,0.384,0.0853,0.1581,0.0737,0.27625899280575544,0.11722602195005567,1.1246070424819505,35.5324,100.0,100.0,100.0
2026-05-29 20:00:00,0.667,629.7,42.6,21.23,1.55,1.1641,0.511,0.667,0.593,0.0873,0.1683,0.0853,0.3801282051282051,0.13546133079244083,1.0284254955999488,28.4142,100.0,100.0,100.0
2026-05-29 21:00:00,0.624,629.5,42.7,21.23,1.59,1.1562,0.624,0.6,0.598,0.0942,0.1669,0.0769,0.37374999999999997,0.1221604447974583,1.0521311705296066,26.6448,100.0,100.0,100.0
2026-05-29 23:00:00,0.766,619.2,41.4,21.19,3.48,0.96,0.416,0.546,0.766,0.0957,0.1467,0.0622,0.2194842406876791,0.10045219638242893,1.028556269729566,31.7124,100.0,100.0,100.0
2026-05-30 01:00:00,0.583,1494.7,43.6,49.97,2.16,0.2284,0.182,0.583,0.088,0.0088,0.0297,0.0099,0.040552995391705066,0.00662340268950291,0.6170551028879026,25.4188,100.0,100.0,99.43127962085308
2026-05-30 03:00:00,0.733,503.8,36.5,17.11,1.62,0.8701,0.423,0.733,0.57,0.0913,0.1302,0.0591,0.34969325153374226,0.11730845573640333,1.0203519000815355,26.7545,100.0,100.0,100.0
2026-05-30 04:00:00,0.795,503.9,39.6,17.09,1.52,0.7388,0.384,0.795,0.599,0.0814,0.1272,0.0622,0.3915032679738562,0.12343718991863464,1.0669029946532158,31.482000000000003,100.0,100.0,100.0
2026-05-30 06:00:00,0.448,692.9,41.6,24.19,7.92,0.1978,0.274,0.448,0.095,0.0096,0.0258,0.012,0.011979823455233293,0.01731851638043008,0.533671247117549,18.6368,100.0,100.0,100.0
2026-05-30 08:00:00,1.824,1701.6,41.4,57.12,5.33,2.4102,1.824,1.582,1.802,0.2218,0.3894,0.1462,0.3374531835205993,0.08591913493182886,3.0127900690224005,75.5136,71.60174672489083,100.0,100.0
2026-05-30 10:00:00,1.988,1701.2,42.0,57.09,5.06,2.5742,1.261,1.502,1.988,0.223,0.3989,0.1464,0.3921104536489152,0.08605690101105103,2.7925380928467205,83.496,60.14323144104805,100.0,100.0
2026-05-30 11:00:00,3.322,1701.5,41.0,57.09,4.94,2.4863,1.735,2.242,3.322,0.2261,0.4021,0.1521,0.6711111111111111,0.08939171319424039,4.367204254440133,136.202,66.28471615720525,100.0,100.0
2026-05-30 12:00:00,2.99,1701.3,46.1,57.16,5.87,2.6406,1.544,2.342,2.99,0.2494,0.4194,0.1498,0.5085034013605443,0.0880503144654088,4.099878046966763,137.83900000000003,55.50393013100437,100.0,96.4691943127962
2026-05-30 22:00:00,2.443,1701.0,46.6,57.19,6.41,2.6191,1.371,2.443,1.104,0.2534,0.4265,0.1443,0.17196261682242991,0.08483245149911817,3.0110971422390214,113.8438,57.00611353711791,100.0,95.87677725118483
2026-05-30 23:00:00,2.42,1701.8,46.2,57.19,6.04,2.6504,1.746,1.759,2.42,0.2566,0.4146,0.1478,0.4,0.08684921847455634,3.463956841532527,111.804,54.81921397379914,100.0,96.35071090047393
2026-05-31 00:00:00,2.217,1699.5,45.6,57.19,7.03,2.6855,1.109,2.217,1.108,0.252,0.4346,0.1469,0.15738636363636366,0.0864371874080612,2.7152594719473866,101.0952,52.36681222707422,100.0,97.06161137440758
2026-05-31 01:00:00,2.158,1701.2,48.2,57.12,5.5,2.9707,1.35,2.158,1.778,0.2153,0.47,0.1575,0.32268602540834845,0.09258170703033153,3.1049553942045605,104.0156,32.44017467248909,100.0,93.98104265402843
2026-05-31 02:00:00,1.859,1701.6,43.1,57.16,5.74,2.666,1.35,1.859,1.567,0.2201,0.4021,0.1396,0.27252173913043476,0.08204043253408556,2.7809836389306573,80.1229,53.72925764192141,100.0,100.0
2026-05-31 07:00:00,0.748,1428.8,42.6,50.0,33.0,0.1567,0.146,0.748,0.101,0.006,0.0254,0.0074,0.0030596788851863076,0.005179171332586787,0.7687789018957271,31.864800000000002,100.0,100.0,100.0
2026-05-31 08:00:00,1.791,1700.1,47.2,57.16,6.39,2.7754,1.187,1.791,1.435,0.24,0.436,0.1425,0.22421875000000002,0.0838185989059467,2.5837714682223734,84.5352,46.08558951965067,100.0,95.16587677725119
2026-05-31 09:00:00,1.767,1700.7,46.1,57.19,6.52,2.5059,1.077,1.675,1.767,0.259,0.4048,0.1378,0.2705972434915773,0.08102546010466279,2.662300321150865,81.4587,64.91528384279476,100.0,96.4691943127962
2026-05-31 10:00:00,2.125,1701.0,47.2,57.19,6.37,2.9551,1.646,2.125,1.491,0.2479,0.4321,0.1538,0.23369905956112855,0.09041740152851263,3.073763491227001,100.30000000000001,33.53013100436683,100.0,95.16587677725119
2026-05-31 11:00:00,1.765,1700.0,48.2,57.19,6.84,2.7266,1.734,1.765,1.439,0.2527,0.4277,0.1501,0.21007299270072993,0.08829411764705883,2.862289642925747,85.073,49.49519650655023,100.0,93.98104265402843
2026-05-31 14:00:00,1.714,1700.9,47.4,57.12,5.63,2.8887,1.639,1.571,1.714,0.2388,0.4182,0.147,0.3039007092198582,0.08642483391145864,2.844671861568571,81.2436,38.16943231441048,100.0,94.92890995260663
2026-05-31 17:00:00,2.0,1701.9,46.7,57.16,5.59,2.7266,1.285,2.0,1.042,0.2397,0.4202,0.1469,0.18607142857142858,0.0863152946706622,2.595571035437096,93.4,49.49519650655023,100.0,95.75829383886256
2026-05-31 19:00:00,1.922,1701.1,44.6,57.16,5.93,2.668,0.906,1.922,1.491,0.2311,0.4219,0.1422,0.25101010101010107,0.08359296925518782,2.5957659755840856,85.7212,53.58951965065501,100.0,98.24644549763033
2026-05-31 20:00:00,1.611,1699.8,45.2,57.16,6.49,2.6133,1.122,1.611,0.941,0.2566,0.4082,0.1382,0.14476923076923076,0.08130368278621014,2.177081992025105,72.8172,57.41135371179038,100.0,97.53554502369667
2026-05-31 22:00:00,1.759,1701.5,45.4,57.16,5.78,2.8398,1.288,1.759,0.788,0.2537,0.4106,0.1393,0.13609671848013818,0.08186893917131943,2.318182262032043,79.8586,41.58602620087338,100.0,97.29857819905213
2026-06-01 00:00:00,1.558,1700.8,44.8,57.16,6.05,2.5371,1.03,1.49,1.558,0.2466,0.4155,0.14,0.2570957095709571,0.08231420507996239,2.389218282200268,69.7984,62.73537117903929,100.0,98.00947867298578
2026-06-01 01:00:00,2.623,1701.2,43.3,57.12,5.49,2.834,1.944,1.682,2.623,0.2382,0.4016,0.1462,0.47690909090909095,0.08593933693863155,3.6726542173202206,113.5759,41.99126637554585,100.0,99.7867298578199
2026-06-01 02:00:00,2.16,1701.1,43.8,57.16,5.93,2.668,1.751,2.16,1.117,0.2544,0.4177,0.1464,0.18804713804713807,0.08606195990829464,2.996546345378292,94.608,53.58951965065501,100.0,99.19431279620854
2026-06-01 03:00:00,2.869,1701.2,43.9,57.16,5.91,2.5547,1.608,1.713,2.869,0.2532,0.4038,0.1449,0.4846283783783784,0.085175170467905,3.7082602389799995,125.9491,61.5056768558952,100.0,99.07582938388626
2026-06-01 04:00:00,2.539,1701.5,43.4,57.19,6.19,2.6973,1.015,1.688,2.539,0.2622,0.4182,0.1417,0.4095161290322581,0.0832794593006171,3.2134234081427864,110.1926,51.54235807860263,100.0,99.66824644549763
2026-06-01 05:00:00,1.792,1701.0,43.7,57.16,5.97,2.498,1.273,1.792,0.939,0.2502,0.4219,0.1414,0.15702341137123746,0.0831275720164609,2.3902957975949337,78.3104,65.46724890829694,100.0,99.3127962085308
2026-06-01 06:00:00,1.75,1701.4,44.9,57.16,5.82,2.5938,1.386,1.75,1.632,0.2469,0.4077,0.1361,0.2799313893653516,0.07999294698483601,2.765306492958782,78.575,58.77379912663756,100.0,97.8909952606635
2026-06-01 07:00:00,1.57,1699.9,45.9,57.19,6.86,2.5684,1.136,1.57,1.088,0.2561,0.4199,0.1403,0.15836972343522562,0.08253426672157185,2.222417602522082,72.063,60.54847161572053,100.0,96.70616113744076
2026-06-01 08:00:00,2.088,1701.7,46.8,57.19,6.08,2.4746,0.774,2.088,1.317,0.2539,0.4009,0.1332,0.216256157635468,0.07827466650996064,2.5871430188530358,97.7184,67.10218340611354,100.0,95.63981042654028
2026-06-01 10:00:00,1.819,1701.6,48.6,57.19,6.13,2.6348,0.88,1.819,0.807,0.2566,0.3997,0.1348,0.13143322475570035,0.07921955806299953,2.1758699409661415,88.4034,55.909170305676874,100.0,93.50710900473933
2026-06-01 11:00:00,1.938,1701.9,47.7,57.16,5.6,2.8477,1.118,1.938,1.021,0.235,0.429,0.1425,0.18199643493761142,0.08372994888066278,2.4593106757788856,92.4426,41.034061135371175,100.0,94.5734597156398
2026-06-01 13:00:00,2.453,1701.9,50.8,57.19,6.0,2.377,1.407,1.819,2.453,0.271,0.3936,0.1404,0.408153078202995,0.0824960338445267,3.3623829347651646,124.61239999999998,73.92139737991268,100.0,90.9004739336493
2026-06-01 14:00:00,2.973,1701.4,52.5,57.19,6.2,2.6484,1.842,1.802,2.973,0.2673,0.396,0.144,0.478743961352657,0.08463618196779123,3.9343229404816276,156.08249999999998,54.958951965065495,100.0,88.88625592417061
2026-06-01 15:00:00,1.543,1702.5,51.5,57.19,5.73,2.6973,0.829,1.543,1.316,0.2705,0.3831,0.14,0.22926829268292684,0.08223201174743026,2.19087790622846,79.4645,51.54235807860263,100.0,90.07109004739337
2026-06-01 16:00:00,2.572,1700.9,51.5,57.16,6.01,2.7695,1.556,2.572,2.105,0.26,0.4045,0.1498,0.3496677740863788,0.08807102122405784,3.6697881410239477,132.458,46.497816593886476,100.0,90.07109004739337
2026-06-01 17:00:00,1.308,615.7,51.0,20.69,1.02,2.7188,1.149,1.308,0.511,0.2133,0.4807,0.2035,0.4961165048543689,0.33051810946889715,1.814438205065138,66.708,50.040174672489094,100.0,90.66350710900474
2026-06-01 20:00:00,1.726,1701.5,46.9,57.19,6.19,2.459,1.28,1.726,1.164,0.2563,0.407,0.1401,0.18774193548387094,0.08233911254775199,2.4438436938560533,80.9494,68.19213973799127,100.0,95.521327014218
2026-06-01 22:00:00,3.162,1699.5,47.9,57.16,6.64,2.6973,1.235,1.923,3.162,0.2456,0.4009,0.1383,0.4754887218045113,0.08137687555163284,3.9014610083916,151.4598,51.54235807860263,100.0,94.33649289099526
2026-06-01 23:00:00,2.191,1701.5,45.8,57.16,5.76,2.7305,1.565,2.191,1.858,0.2549,0.4094,0.1427,0.3220103986135182,0.0838671760211578,3.2713712721120483,100.34779999999999,49.22270742358078,100.0,96.82464454976304
2026-06-02 00:00:00,1.962,1701.1,48.7,57.16,5.96,2.4453,1.291,1.803,1.962,0.2556,0.4094,0.1387,0.32864321608040203,0.08153547704426548,2.9609008764225795,95.5494,69.14934497816594,100.0,93.38862559241706
2026-06-02 01:00:00,2.461,1701.0,48.5,57.16,5.99,2.5547,1.434,1.973,2.461,0.2314,0.3882,0.1333,0.4101666666666666,0.07836566725455614,3.464910677059367,119.35849999999999,61.5056768558952,100.0,93.62559241706161
2026-06-02 04:00:00,1.582,1700.9,40.9,57.12,5.61,2.623,0.893,1.43,1.582,0.2299,0.4253,0.1376,0.2814946619217082,0.080898347933447,2.3119413919907226,64.7038,56.733624454148455,100.0,100.0
2026-06-02 06:00:00,1.706,1701.2,45.0,57.16,5.88,2.4902,1.212,1.706,1.292,0.2321,0.407,0.1355,0.21935483870967742,0.07964965906418998,2.4593991136047846,76.77,66.0122270742358,100.0,97.77251184834122
2026-06-02 07:00:00,1.922,1700.2,45.6,57.16,6.32,2.5254,1.922,1.592,1.512,0.2467,0.4114,0.1483,0.23886255924170616,0.08722503234913538,2.917994516787172,87.6432,63.55283842794761,100.0,97.06161137440758
2026-06-02 08:00:00,2.502,1700.6,46.1,57.16,6.16,2.623,1.637,1.966,2.502,0.2391,0.4253,0.1429,0.40551053484602917,0.08402916617664355,3.578397546388606,115.34219999999999,56.733624454148455,100.0,96.4691943127962
2026-06-02 09:00:00,1.741,1701.8,47.5,57.16,5.65,2.4883,1.146,1.335,1.741,0.2441,0.3918,0.1375,0.30759717314487633,0.08079680338465155,2.4752014059465948,82.6975,66.14497816593885,100.0,94.81042654028435
2026-06-02 11:00:00,1.771,1701.6,48.5,57.16,5.72,2.5254,1.192,1.46,1.771,0.2239,0.4067,0.1381,0.3090750436300175,0.08115890926187118,2.5862917468839433,85.89349999999999,63.55283842794761,100.0,93.62559241706161
2026-06-02 16:00:00,0.543,709.1,47.0,24.81,8.76,0.1655,0.131,0.543,0.08,0.0065,0.0236,0.0092,0.009122006841505131,0.012974192638555914,0.5642783001321245,25.521,100.0,100.0,95.40284360189574
2026-06-02 19:00:00,1.582,1701.4,42.8,57.09,4.99,2.3184,1.582,1.301,1.227,0.2107,0.3818,0.1321,0.2454,0.07764194193017515,2.3876461211829527,67.7096,78.01572052401747,100.0,100.0
2026-06-02 20:00:00,1.763,1701.7,44.9,57.09,4.89,2.668,1.366,1.763,1.637,0.2434,0.4092,0.1527,0.3340816326530613,0.08973379561614855,2.7665671869665482,79.1587,53.58951965065501,100.0,97.8909952606635
2026-06-02 21:00:00,2.193,1701.7,46.0,57.09,4.87,2.4844,1.515,1.758,2.193,0.2556,0.4058,0.1415,0.44938524590163936,0.08315214197567138,3.1929669588017977,100.878,66.41746724890831,100.0,96.58767772511848
2026-06-02 22:00:01,2.846,1701.3,45.7,57.12,5.46,2.6191,1.91,1.759,2.846,0.2561,0.4155,0.142,0.520292504570384,0.08346558514077469,3.852518267315549,130.06220000000002,57.00611353711791,100.0,96.9431279620853
2026-06-02 23:00:01,2.848,1701.3,45.3,57.09,5.03,2.7715,1.507,2.693,2.848,0.2649,0.4321,0.145,0.5650793650793651,0.08522894257332628,4.199333518547913,129.0144,46.35807860262008,100.0,97.41706161137441
2026-06-03 00:00:01,2.012,1701.3,45.0,57.12,5.43,2.4766,2.012,1.502,1.76,0.262,0.4231,0.1624,0.3235294117647059,0.09545641568212543,3.0662269974677345,90.54,66.96244541484717,100.0,97.77251184834122
2026-06-03 03:00:01,2.453,1700.9,46.8,57.09,5.2,2.5234,1.107,2.453,1.424,0.2428,0.4133,0.1423,0.27332053742802304,0.08366159092245282,3.0447387408446063,114.80039999999998,63.69257641921397,100.0,95.63981042654028
2026-06-03 04:00:01,2.457,1702.0,44.1,57.12,5.16,2.4531,1.762,1.728,2.457,0.2463,0.3877,0.1532,0.4752417794970986,0.0900117508813161,3.4824527276044965,108.3537,68.60436681222707,100.0,98.8388625592417
2026-06-03 05:00:01,2.146,1701.7,44.4,57.09,4.87,2.7363,1.358,2.146,1.548,0.2432,0.4021,0.1376,0.31721311475409836,0.0808603161544338,2.974186275269254,95.2824,48.8174672489083,100.0,98.48341232227489
2026-06-03 06:00:01,2.059,1700.3,45.2,57.12,5.87,2.5078,1.284,2.059,1.807,0.2472,0.4016,0.1376,0.30731292517006803,0.08092689525377875,3.0254563292171315,93.06680000000001,64.78253275109171,100.0,97.53554502369667
2026-06-03 07:00:01,2.625,1700.1,46.2,57.12,5.95,2.4824,1.747,1.682,2.625,0.2529,0.4021,0.1356,0.44043624161073824,0.07976001411681666,3.5737596449677476,121.275,66.55720524017467,100.0,96.35071090047393
2026-06-03 10:00:01,1.954,1701.9,46.0,57.12,5.21,2.7871,1.288,1.696,1.954,0.2334,0.4294,0.1395,0.3743295019157088,0.08196721311475409,2.8902380524794147,89.884,45.26812227074235,100.0,96.58767772511848
2026-06-03 11:00:01,2.209,1701.9,48.5,57.12,5.17,2.4863,1.316,2.209,1.343,0.2522,0.4048,0.1411,0.25926640926640926,0.08290733885657206,2.9008940001316836,107.1365,66.28471615720525,100.0,93.62559241706161
2026-06-03 13:00:01,2.619,1700.7,50.3,57.09,5.31,2.6328,2.619,2.516,0.667,0.2314,0.4111,0.1538,0.12537593984962409,0.0904333509731287,3.6924661135885866,131.7357,56.04890829694323,100.0,91.49289099526067
2026-06-03 20:00:01,1.368,1700.8,43.7,57.12,5.67,2.4062,0.992,1.305,1.368,0.2186,0.3911,0.1332,0.24084507042253525,0.07831608654750707,2.135067446241453,59.78160000000001,71.88122270742358,100.0,99.3127962085308
2026-06-03 21:00:01,2.305,1702.1,45.3,57.12,5.08,2.4863,1.104,2.305,1.511,0.24,0.3999,0.1315,0.2968565815324165,0.07725750543446332,2.9690001684068665,104.4165,66.28471615720525,100.0,97.41706161137441
2026-06-03 22:00:01,1.417,1700.5,45.7,57.12,5.82,2.4297,1.417,1.185,1.267,0.2485,0.4065,0.1311,0.21732418524871353,0.07709497206703911,2.239956026354089,64.7569,70.23930131004367,100.0,96.9431279620853
2026-06-04 01:00:01,0.316,698.9,52.5,24.36,7.76,0.1592,0.194,0.316,0.094,0.0085,0.0199,0.0095,0.012097812097812098,0.01359278866790671,0.3825284303159701,16.59,100.0,100.0,88.88625592417061
2026-06-04 02:00:01,0.873,1071.1,43.3,35.91,2.19,1.751,0.811,0.873,0.872,0.1489,0.2761,0.1119,0.3963636363636364,0.10447203809168146,1.4765615462959882,37.8009,94.1842105263158,100.0,99.7867298578199
2026-06-04 03:00:01,0.859,1069.4,41.1,35.94,3.14,1.5088,0.693,0.829,0.859,0.1377,0.2693,0.1036,0.2726984126984127,0.09687675331961847,1.3803517667609224,35.3049,100.0,100.0,100.0
2026-06-04 04:00:01,1.168,1056.1,42.2,35.94,7.9,1.623,1.168,0.987,0.631,0.1405,0.2625,0.1093,0.0797724399494311,0.1034939873118076,1.6542533058754938,49.2896,97.55263157894737,100.0,100.0
2026-06-04 06:00:01,0.802,1065.8,42.0,35.94,4.44,1.7275,0.564,0.802,0.635,0.1296,0.2666,0.1019,0.14269662921348314,0.0956089322574592,1.1681288456330492,33.684000000000005,94.80263157894737,100.0,100.0
2026-06-04 09:00:01,0.859,1071.6,45.4,35.94,2.36,1.6758,0.358,0.859,0.645,0.1591,0.2571,0.0971,0.2721518987341773,0.09061216871967154,1.1322852997367758,38.998599999999996,96.16315789473684,100.0,97.29857819905213
2026-06-04 10:00:01,0.779,1058.8,46.9,35.94,6.95,1.627,0.525,0.779,0.457,0.165,0.251,0.0904,0.06566091954022989,0.08537967510389119,1.0446602318457423,36.5351,97.44736842105263,100.0,95.521327014218
2026-06-04 12:00:01,1.028,1071.8,49.1,35.94,2.26,1.667,0.645,1.028,0.468,0.1587,0.259,0.0941,0.2061674008810573,0.0877962306400448,1.3007048089401376,50.4748,96.39473684210526,100.0,92.91469194312796
2026-06-04 13:00:01,0.802,1071.4,49.3,35.94,2.41,1.6826,0.548,0.802,0.522,0.1635,0.2632,0.0941,0.21570247933884298,0.0878290087735673,1.1027202727800012,39.5386,95.98421052631579,100.0,92.67772511848341
2026-06-04 17:00:01,0.905,1072.3,47.2,36.0,2.76,1.6074,0.905,0.857,0.591,0.1544,0.2559,0.105,0.2133574007220217,0.09792035810873823,1.3794038567439197,42.716,97.96315789473684,100.0,95.16587677725119
2026-06-04 19:00:01,2.5,998.2,44.1,33.91,6.43,1.4736,2.5,1.429,1.041,0.1465,0.2472,0.1276,0.16164596273291926,0.12783009416950508,3.0619800783153375,110.25,100.0,100.0,98.8388625592417
2026-06-04 20:00:01,2.287,998.2,45.3,33.88,6.1,1.4229,2.287,0.995,0.94,0.1406,0.2422,0.1227,0.15384615384615385,0.12292125826487676,2.665331874270069,103.60109999999999,100.0,100.0,97.41706161137441
2026-06-04 21:00:01,1.556,996.5,45.2,33.91,7.01,1.3799,1.556,0.907,1.11,0.1506,0.2463,0.1119,0.15811965811965814,0.11229302558956347,2.1156287481502987,70.33120000000001,100.0,100.0,97.53554502369667
2026-06-04 23:00:01,0.412,158.8,49.2,5.3,0.01,0.0791,0.161,0.412,0.158,0.0059,0.014,0.0073,7.9,0.04596977329974811,0.4697116136524623,20.2704,100.0,100.0,92.79620853080569
2026-06-05 04:00:01,0.943,504.1,40.1,17.05,1.24,0.9194,0.943,0.695,0.666,0.0906,0.1351,0.0645,0.5328,0.12795080341202142,1.347527365213783,37.814299999999996,100.0,100.0,100.0
2026-06-05 05:00:01,0.545,503.9,41.7,17.05,1.27,0.835,0.545,0.519,0.469,0.0845,0.1324,0.0611,0.36640625,0.12125421710656877,0.8867620875973442,22.7265,100.0,100.0,100.0
2026-06-05 10:00:01,0.898,687.6,40.2,23.25,2.29,1.2148,0.393,0.898,0.312,0.1131,0.1797,0.0696,0.1356521739130435,0.10122164048865619,1.0286870272342312,36.0996,100.0,100.0,100.0
2026-06-05 13:00:01,1.566,933.7,44.2,31.7,5.52,1.3809,0.58,1.566,0.481,0.1654,0.2267,0.0882,0.08698010849909585,0.09446288957909392,1.737848382339495,69.2172,100.0,100.0,98.72037914691943
2026-06-05 14:00:13,1.619,940.0,48.3,31.7,3.53,1.4014,0.532,1.619,0.835,0.1671,0.2277,0.0887,0.23587570621468928,0.09436170212765958,1.8977381273505574,78.1977,100.0,100.0,93.86255924170617
2026-06-05 17:00:01,0.33,1480.8,51.3,50.03,10.08,0.147,0.127,0.33,0.125,0.008,0.0207,0.0087,0.012388503468780971,0.0058752025931928685,0.3750386646733907,16.929,100.0,100.0,90.30805687203792
2026-06-05 19:00:01,1.33,1061.8,43.9,35.97,6.2,2.1719,0.555,1.33,0.529,0.1484,0.3291,0.125,0.08518518518518518,0.11772461857223585,1.5351762113842178,58.387,83.1078947368421,100.0,99.07582938388626
2026-06-05 22:00:01,3.004,1701.4,41.1,57.19,6.23,2.5977,1.318,2.326,3.004,0.204,0.4414,0.1531,0.4814102564102564,0.08998471846714472,4.021369915837139,123.4644,58.50131004366811,100.0,100.0
2026-06-06 00:00:01,3.43,1701.4,41.6,57.25,7.03,2.582,1.535,1.637,3.43,0.2693,0.405,0.1462,0.4872159090909091,0.0859292347478547,4.098889361766185,142.68800000000002,59.59825327510919,100.0,100.0
2026-06-06 04:00:01,2.188,1701.7,42.2,57.16,5.68,2.5176,1.272,1.421,2.188,0.2245,0.4158,0.1403,0.3845342706502637,0.08244696479990599,2.902510809626728,92.33360000000002,64.09781659388648,100.0,100.0
2026-06-06 05:00:01,2.387,1701.5,45.9,57.19,6.18,2.6855,1.426,1.79,2.387,0.2349,0.4111,0.1456,0.3856219709208401,0.08557155451072583,3.306863317405181,109.5633,52.36681222707422,100.0,96.70616113744076
2026-06-06 06:00:01,1.98,1701.6,47.6,57.19,6.15,2.4961,0.994,1.814,1.98,0.2466,0.4043,0.1401,0.3214285714285714,0.08233427362482369,2.863395187535245,94.248,65.6,100.0,94.69194312796208
2026-06-06 07:00:01,1.638,1701.5,49.0,57.19,6.17,2.709,1.02,1.465,1.638,0.2524,0.3821,0.1372,0.2650485436893204,0.08063473405818394,2.4227399777937375,80.262,50.724890829694324,100.0,93.03317535545024
2026-06-06 08:00:01,2.381,1701.3,49.6,57.19,6.25,2.8398,1.284,2.127,2.381,0.2578,0.4143,0.1428,0.3803514376996805,0.08393581378945512,3.441212867580266,118.09759999999999,41.58602620087338,100.0,92.32227488151659
2026-06-06 09:00:01,0.235,1495.7,58.6,50.0,2.13,0.0664,0.124,0.235,0.106,0.0055,0.0089,0.0065,0.049532710280373836,0.004345791268302467,0.28607166934179273,13.770999999999999,100.0,100.0,81.65876777251185
2026-06-06 11:00:01,2.43,1701.7,43.9,57.12,5.29,2.4121,0.899,1.728,2.43,0.2126,0.3987,0.1398,0.4584905660377359,0.0821531409766704,3.1143354026180288,106.677,71.46899563318777,100.0,99.07582938388626
2026-06-06 22:00:01,2.105,1701.9,40.7,57.12,5.2,2.5879,1.451,2.105,2.104,0.2013,0.415,0.1475,0.40383877159309023,0.08666784182384392,3.311078676202062,85.6735,59.18602620087337,100.0,100.0
2026-06-06 23:00:01,2.68,1699.0,47.5,57.16,6.87,2.4316,1.374,1.941,2.68,0.2245,0.3865,0.1349,0.38953488372093026,0.07939964685108887,3.582981579634481,127.30000000000001,70.10655021834062,100.0,94.81042654028435
2026-06-07 02:00:01,3.055,1700.3,45.1,57.16,6.3,2.623,1.513,1.902,3.055,0.2201,0.3958,0.1407,0.4841521394611728,0.08275010292301359,3.9038183871691574,137.78050000000002,56.733624454148455,100.0,97.65402843601895
2026-06-07 03:00:01,1.988,1699.5,50.3,57.16,6.64,2.502,1.443,1.396,1.988,0.2328,0.3901,0.1405,0.29894736842105263,0.08267137393350986,2.8254573081184575,99.9964,65.18777292576421,100.0,91.49289099526067
2026-06-07 05:00:01,1.874,1701.0,47.3,57.12,5.57,2.4844,1.041,1.874,1.098,0.2334,0.3899,0.1416,0.1967741935483871,0.08324514991181657,2.408559943202577,88.6402,66.41746724890831,100.0,95.04739336492891
2026-06-07 07:00:01,2.371,1701.4,52.6,57.09,5.01,2.7305,1.281,2.371,1.073,0.2164,0.4026,0.1346,0.21374501992031875,0.07911132008933819,2.9006776794397546,124.7146,49.22270742358078,100.0,88.76777251184834
2026-06-07 08:00:01,2.234,1701.5,49.4,57.16,5.77,2.4746,1.081,2.234,2.037,0.2394,0.396,0.1417,0.35242214532871974,0.0832794593006171,3.210714250754807,110.3596,67.10218340611354,100.0,92.55924170616113
2026-06-07 10:00:01,2.354,1700.7,52.8,57.16,6.11,2.7578,1.496,2.354,2.205,0.2739,0.3994,0.1552,0.3602941176470588,0.09125654142411947,3.5554686048395925,124.2912,47.31528384279476,100.0,88.5308056872038
2026-06-07 11:00:01,1.801,1701.7,54.5,57.16,5.7,2.6289,1.147,1.801,1.638,0.2771,0.385,0.15,0.2868651488616462,0.08814714697067638,2.691143623071797,98.1545,56.32139737991268,100.0,86.51658767772511
2026-06-07 14:00:01,1.649,1701.4,52.3,57.12,5.42,2.5078,1.649,1.545,1.127,0.2438,0.4004,0.1442,0.20755064456721917,0.08475373222052426,2.5251445503178624,86.2427,64.78253275109171,100.0,89.12322274881517
2026-06-07 18:00:01,1.669,1701.4,50.6,57.12,5.4,2.6836,1.249,1.669,1.287,0.2332,0.3994,0.1392,0.23789279112754158,0.08181497590219819,2.449883874798967,84.4514,52.49956331877728,100.0,91.13744075829383
2026-06-07 22:00:01,2.387,1702.2,42.4,57.09,4.66,2.416,1.35,1.195,2.387,0.1998,0.4177,0.1436,0.5111349036402569,0.08436141463987781,2.991369920287359,101.2088,71.19650655021834,100.0,100.0
2026-06-08 02:00:01,0.785,503.6,40.2,17.03,1.25,0.98,0.415,0.785,0.473,0.0842,0.1592,0.0667,0.3753968253968254,0.13244638602065129,1.006071071048164,31.557000000000002,100.0,100.0,100.0
2026-06-08 06:00:01,0.805,567.1,39.3,19.11,1.19,1.3457,0.406,0.805,0.247,0.0718,0.1844,0.084,0.20583333333333334,0.14812202433433255,0.9348101411516673,31.636499999999998,100.0,100.0,100.0
2026-06-08 07:00:01,1.035,567.4,43.8,19.11,1.12,1.1055,0.303,1.035,0.332,0.0671,0.1685,0.0663,0.29380530973451324,0.1168487839266831,1.1283873448421866,45.33299999999999,100.0,100.0,99.19431279620854
2026-06-08 08:00:01,0.401,591.9,45.3,20.25,3.17,0.1031,0.16,0.401,0.171,0.0065,0.0155,0.0075,0.053773584905660386,0.012671059300557527,0.4643726951490581,18.1653,100.0,100.0,97.41706161137441
2026-06-08 09:00:01,0.324,691.6,46.0,24.17,8.12,0.1816,0.224,0.324,0.132,0.0089,0.0211,0.0103,0.01623616236162362,0.014893001735106999,0.4154226763189511,14.904,100.0,100.0,96.58767772511848
2026-06-08 11:00:01,0.699,629.2,43.2,21.14,1.05,1.1738,0.365,0.699,0.44,0.0893,0.1703,0.0661,0.4150943396226415,0.10505403687221869,0.9030094130184911,30.1968,100.0,100.0,99.90521327014217
2026-06-08 12:00:01,0.586,629.7,44.9,21.14,0.96,1.1094,0.478,0.586,0.572,0.0837,0.1627,0.0657,0.5896907216494846,0.10433539780848021,0.9481898544068059,26.3114,100.0,100.0,97.8909952606635
2026-06-08 16:00:01,1.157,539.8,47.0,18.08,0.46,1.3906,0.559,1.157,0.255,0.0666,0.2488,0.0989,0.5425531914893617,0.18321600592812154,1.3100209921982167,54.379000000000005,100.0,100.0,95.40284360189574
2026-06-08 17:00:01,0.942,538.9,43.8,18.08,0.62,1.375,0.409,0.942,0.288,0.0681,0.21,0.0817,0.45714285714285713,0.1516051215438857,1.0665781734125257,41.25959999999999,100.0,100.0,99.19431279620854
2026-06-08 18:00:01,1.375,755.8,46.8,25.36,1.27,1.3877,0.86,1.375,0.92,0.1271,0.2079,0.0717,0.71875,0.09486636676369412,1.8645709962347907,64.35,100.0,100.0,95.63981042654028
2026-06-08 19:00:01,1.566,756.0,47.7,25.36,1.21,1.4043,0.562,1.566,0.971,0.1211,0.23,0.0725,0.7959016393442623,0.09589947089947089,1.9264062396078352,74.69820000000001,100.0,100.0,94.5734597156398
2026-06-09 02:00:01,3.365,1701.3,41.2,57.09,5.03,2.75,1.565,1.759,3.365,0.2006,0.4182,0.1453,0.6676587301587302,0.08540527831658144,4.10688823807028,138.638,47.86026200873363,100.0,100.0
2026-06-09 13:00:01,1.451,1701.0,46.0,57.16,5.97,2.5547,1.229,1.451,1.204,0.224,0.4028,0.1396,0.20133779264214047,0.08206937095825985,2.250657237342017,66.74600000000001,61.5056768558952,100.0,96.58767772511848
2026-06-09 15:00:01,1.655,1701.7,45.4,57.16,5.66,2.543,1.556,1.655,1.608,0.2104,0.3938,0.1429,0.2835978835978836,0.08397484868073103,2.7831322282636877,75.137,62.32314410480349,100.0,97.29857819905213
2026-06-09 16:00:01,0.344,1480.6,53.6,50.03,10.15,0.0791,0.143,0.344,0.11,0.0057,0.0119,0.0067,0.010826771653543307,0.004525192489531271,0.3884391844291716,18.438399999999998,100.0,100.0,87.58293838862559
2026-06-09 21:00:01,2.467,1699.8,44.6,57.16,6.52,2.6074,1.599,2.033,2.467,0.2296,0.4102,0.1437,0.3777947932618683,0.084539357571479,3.5743501507267026,110.02820000000001,57.8235807860262,100.0,98.24644549763033
2026-06-09 21:32:14,2.551,1700.1,45.1,57.16,6.4,2.8398,1.482,2.355,2.551,0.2261,0.4016,0.1433,0.3979719188767551,0.08428915946120817,3.7749105949677806,115.05010000000001,41.58602620087338,100.0,97.65402843601895
2026-06-09 22:00:00,2.344,1701.7,46.7,57.19,6.1,2.5801,1.246,1.525,2.344,0.2454,0.3979,0.139,0.38363338788870704,0.08168302285949346,3.061450146580865,109.4648,59.73100436681224,100.0,95.75829383886256
2026-06-09 23:00:00,1.691,1700.8,47.5,57.19,6.48,2.5469,1.691,1.493,0.853,0.2539,0.4031,0.1428,0.13143297380585514,0.08396048918156163,2.4116672656069285,80.3225,62.05065502183407,100.0,94.81042654028435
2026-06-10 00:00:00,2.715,1701.2,47.5,57.19,6.3,2.7148,1.486,1.817,2.715,0.2583,0.4111,0.1359,0.43026941362916005,0.07988478720902892,3.5889984675393776,128.9625,50.319650655021846,100.0,94.81042654028435
2026-06-10 01:00:00,2.213,1700.8,46.8,57.19,6.5,2.5352,1.071,1.94,2.213,0.2546,0.4182,0.1364,0.3399385560675883,0.08019755409219191,3.131774257509631,103.5684,62.868122270742354,100.0,95.63981042654028
2026-06-10 02:00:00,1.93,1700.2,47.1,57.19,6.76,2.6309,1.552,1.324,1.93,0.2581,0.4175,0.1375,0.28508124076809455,0.08087283848958945,2.8083055389326854,90.903,56.18165938864629,100.0,95.28436018957346
2026-06-10 04:00:00,2.527,1701.8,41.5,57.12,5.24,2.4277,1.183,1.768,2.527,0.2053,0.3992,0.1396,0.48133333333333334,0.0820307909272535,3.303186643228021,104.8705,70.37903930131003,100.0,100.0
2026-06-10 05:00:00,1.749,1701.8,42.5,57.16,5.66,2.4453,1.423,1.405,1.749,0.2271,0.408,0.1389,0.3084656084656085,0.08161946174638618,2.6566812002948343,74.33250000000001,69.14934497816594,100.0,100.0
2026-06-10 10:00:00,2.617,1698.4,41.0,57.09,6.3,2.6211,1.428,1.46,2.617,0.1917,0.4219,0.1458,0.41473851030110936,0.08584550164861046,3.3195591574785945,107.297,56.86637554585152,100.0,100.0
2026-06-10 15:00:00,4.992,1701.7,45.7,57.12,5.28,2.4395,4.992,2.76,1.605,0.1948,0.3806,0.2069,0.30340264650283555,0.1215842980548863,5.925680467254373,228.13440000000003,69.55458515283844,100.0,96.9431279620853
2026-06-10 17:00:00,1.543,1700.9,48.8,57.09,5.2,2.7109,1.247,1.543,1.009,0.2137,0.395,0.1387,0.19366602687140114,0.0815450643776824,2.2257445945121375,75.29839999999999,50.59213973799126,100.0,93.2701421800948
2026-06-11 04:00:00,2.621,1700.1,46.1,57.16,6.4,2.5918,1.597,1.747,2.621,0.2457,0.4158,0.153,0.40889235569422777,0.08999470619375331,3.531580241195151,120.8281,58.91353711790393,100.0,96.4691943127962
2026-06-11 16:00:00,1.926,1701.5,50.7,57.12,5.36,2.4492,1.486,1.926,1.615,0.2588,0.3889,0.1443,0.30074487895716945,0.08480752277402293,2.9199138685927024,97.6482,68.87685589519653,100.0,91.01895734597156
2026-06-11 17:00:00,0.56,609.4,52.8,20.47,0.96,1.0293,0.307,0.56,0.34,0.0862,0.1622,0.0586,0.3505154639175258,0.09616015753199869,0.7234977539702525,29.568,100.0,100.0,88.5308056872038
2026-06-11 19:00:00,1.952,1700.8,55.7,57.09,5.27,2.8203,1.161,1.952,1.305,0.2549,0.4219,0.1488,0.24715909090909094,0.08748824082784572,2.6193987859812413,108.7264,42.94847161572052,100.0,85.09478672985782
2026-06-11 20:00:00,1.565,1701.4,49.7,57.12,5.42,2.4844,1.152,1.565,1.164,0.2456,0.4058,0.1451,0.21436464088397789,0.08528270835782298,2.265220739795572,77.7805,66.41746724890831,100.0,92.2037914691943
2026-06-11 21:00:00,1.519,1699.4,49.9,57.12,6.27,2.5605,1.414,1.519,1.359,0.2598,0.4048,0.1499,0.21640127388535033,0.0882076026833,2.4806527366804083,75.79809999999999,61.10043668122269,100.0,91.96682464454976
2026-06-12 00:00:00,2.59,1701.7,42.9,57.12,5.29,2.625,1.704,1.934,2.59,0.2284,0.4031,0.1576,0.48867924528301887,0.09261326908385731,3.6540487134136566,111.11099999999999,56.5938864628821,100.0,100.0
2026-06-12 02:00:00,1.767,1701.3,43.9,57.19,6.27,2.6367,1.368,1.417,1.767,0.2366,0.3938,0.145,0.2813694267515924,0.08522894257332628,2.646054043287854,77.5713,55.77641921397381,100.0,99.07582938388626
2026-06-12 07:00:00,2.096,1700.0,46.4,57.22,7.23,2.4766,1.551,1.998,2.096,0.2498,0.3979,0.1414,0.28950276243093925,0.0831764705882353,3.284938507795846,97.2544,66.96244541484717,100.0,96.11374407582939
2026-06-12 09:00:00,2.074,1701.3,45.9,57.19,6.27,2.6523,1.529,1.929,2.074,0.2208,0.4016,0.1432,0.3302547770700637,0.08417092811379533,3.2187509999998443,95.19659999999999,54.68646288209608,100.0,96.70616113744076
2026-06-12 12:00:00,2.121,1669.1,48.9,56.19,7.37,2.3828,1.298,1.587,2.121,0.2615,0.3928,0.145,0.28739837398373985,0.0868731651788389,2.9499176259685624,103.7169,73.51615720524018,100.0,93.15165876777252
2026-06-12 13:00:00,2.734,1670.0,48.0,56.19,6.96,2.5273,1.61,1.436,2.734,0.2588,0.3953,0.1498,0.39225251076040174,0.08970059880239521,3.4826644971917697,131.232,63.42008733624455,100.0,94.21800947867298
2026-06-12 14:00:00,2.717,1701.3,51.3,57.28,7.48,2.5723,1.494,2.637,2.717,0.2742,0.4119,0.1583,0.3627503337783712,0.09304649385763827,4.07036779664934,139.3821,60.27598253275111,100.0,90.30805687203792
2026-06-12 17:00:00,2.014,1701.8,47.6,57.19,6.04,2.6504,1.229,2.014,1.963,0.218,0.4062,0.1392,0.3244628099173554,0.0817957456810436,3.0692028280972243,95.8664,54.81921397379914,100.0,94.69194312796208
2026-06-12 19:00:00,3.59,1701.6,46.5,57.19,6.13,2.5371,1.785,1.746,3.59,0.223,0.4087,0.1442,0.5846905537459284,0.08474377056887634,4.372967070536891,166.935,62.73537117903929,100.0,95.99526066350711
2026-06-12 20:00:00,0.462,1495.6,57.5,50.0,2.22,0.1309,0.115,0.462,0.107,0.0065,0.0201,0.0075,0.04798206278026906,0.005014709815458679,0.48797335992859286,26.565,100.0,100.0,82.96208530805687
2026-06-13 04:00:00,0.735,881.3,42.6,29.67,2.62,1.4795,0.468,0.735,0.644,0.1814,0.2305,0.0872,0.24486692015209127,0.09894474072393056,1.0835058836942235,31.311,100.0,100.0,100.0
2026-06-13 05:00:00,0.755,877.9,44.4,29.66,3.49,1.499,0.458,0.755,0.616,0.1748,0.2273,0.0829,0.176,0.0944298895090557,1.0766824044257435,33.522,100.0,100.0,98.48341232227489
2026-06-13 06:00:00,0.735,874.1,45.8,29.66,4.62,1.4414,0.402,0.735,0.421,0.1597,0.2175,0.0843,0.09092872570194384,0.09644205468481867,0.9375873292659196,33.663,100.0,100.0,96.82464454976304
2026-06-13 07:00:00,0.678,881.8,46.3,29.67,2.47,1.501,0.417,0.678,0.605,0.1683,0.2208,0.0812,0.2439516129032258,0.0920843728736675,0.9997989797954386,31.3914,100.0,100.0,96.23222748815166
2026-06-13 11:00:00,0.355,582.2,42.1,20.3,5.42,0.2632,0.239,0.355,0.126,0.0135,0.0399,0.0145,0.023204419889502764,0.0249055307454483,0.44611881825361277,14.9455,100.0,100.0,100.0
2026-06-13 12:00:00,0.818,879.4,40.2,29.64,2.91,1.6885,0.461,0.818,0.496,0.2039,0.2467,0.1028,0.16986301369863013,0.11689788492153742,1.0619138383126947,32.8836,95.82894736842105,100.0,100.0
2026-06-13 13:00:00,0.779,879.4,44.7,29.66,3.05,1.4082,0.408,0.779,0.568,0.1667,0.2125,0.0821,0.18562091503267975,0.09335910848305665,1.0468662760830534,34.8213,100.0,100.0,98.12796208530806
2026-06-13 17:00:00,2.027,1701.5,39.4,57.12,5.36,2.6855,1.061,1.985,2.027,0.1958,0.4282,0.1562,0.37746741154562385,0.09180135174845724,3.028972598093288,79.8638,52.36681222707422,100.0,100.0
2026-06-13 18:00:00,2.227,1700.6,42.1,57.12,5.76,2.4727,0.978,2.227,1.299,0.2041,0.4016,0.1315,0.22512998266897746,0.07732564977066918,2.757428874876014,93.7567,67.23493449781658,100.0,100.0
2026-06-13 20:00:00,1.815,1575.2,44.3,52.91,5.67,2.6328,1.815,1.599,0.692,0.179,0.4026,0.1396,0.12183098591549295,0.08862366683595733,2.5159272644494317,80.4045,56.04890829694323,100.0,98.60189573459715
2026-06-14 01:00:00,3.641,1575.9,41.0,52.84,4.48,2.5879,3.641,1.876,1.083,0.176,0.4009,0.1768,0.24120267260579062,0.1121898597626753,4.236643246722575,149.281,59.18602620087337,100.0,100.0
2026-06-14 11:00:00,1.409,1701.4,41.7,57.12,5.39,2.416,1.306,1.409,1.359,0.1852,0.4055,0.136,0.2516666666666667,0.0799341718584695,2.353252642620422,58.755300000000005,71.19650655021834,100.0,100.0
2026-06-14 12:00:00,2.133,1700.9,45.9,57.09,5.2,2.6113,1.136,1.423,2.133,0.2246,0.4114,0.1544,0.40940499040307105,0.09077547180904227,2.8044810571654786,97.90469999999999,57.55109170305678,100.0,96.70616113744076
2026-06-14 18:00:00,1.458,1702.3,47.7,57.12,5.02,2.5215,1.397,1.458,1.392,0.2227,0.3967,0.1421,0.2767395626242545,0.08347529812606475,2.4525572368448407,69.5466,63.82532751091703,100.0,94.5734597156398
2026-06-14 19:00:00,0.539,711.1,52.1,24.91,8.98,0.1655,0.539,0.484,0.14,0.0091,0.024,0.0197,0.015572858731924362,0.027703557868091686,0.7378190835157356,28.0819,100.0,100.0,89.3601895734597
2026-06-14 21:00:00,2.311,1701.1,43.1,57.12,5.53,2.373,1.134,1.585,2.311,0.2094,0.3948,0.1353,0.4171480144404332,0.07953677032508379,3.0230616930522602,99.6041,74.2008733624454,100.0,100.0
2026-06-14 22:00:00,2.287,1701.1,48.6,57.12,5.53,2.6934,1.446,2.287,2.248,0.2236,0.4177,0.1439,0.4057761732851986,0.08459232261477868,3.5177818295056333,111.1482,51.814847161572054,100.0,93.50710900473933
2026-06-14 23:00:00,2.754,1701.6,47.4,57.12,5.33,2.5996,1.484,1.989,2.754,0.2305,0.4182,0.1447,0.5157303370786517,0.08503761165961447,3.707140812000537,130.5396,58.368558951965056,100.0,94.92890995260663
2026-06-15 03:00:00,3.861,1574.0,40.5,52.91,6.24,2.2363,3.861,2.064,0.984,0.1899,0.3816,0.177,0.15744,0.11245235069885641,4.48727901962871,156.37050000000002,81.41315789473684,100.0,100.0
2026-06-15 04:00:00,1.815,1701.3,42.8,57.16,5.86,2.4258,0.925,1.328,1.815,0.2429,0.406,0.1403,0.30919931856899485,0.0824663492623288,2.431755333087603,77.68199999999999,70.51179039301309,100.0,100.0
2026-06-15 06:00:00,3.123,1701.2,45.3,57.16,5.9,2.3184,1.415,1.619,3.123,0.2467,0.4001,0.1486,0.5284263959390864,0.08735010580766518,3.7916375090453993,141.4719,78.01572052401747,100.0,97.41706161137441
2026-06-15 07:00:00,2.803,1701.5,44.4,57.16,5.76,2.4883,1.528,1.475,2.803,0.2224,0.4026,0.1453,0.48578856152513,0.08539523949456362,3.5167055606064035,124.4532,66.14497816593885,100.0,98.48341232227489
2026-06-15 08:00:00,2.162,1701.3,47.0,57.19,6.27,2.3848,1.85,2.064,2.162,0.23,0.386,0.1449,0.3442675159235669,0.08517016399224123,3.5152297222230016,101.61399999999999,73.37641921397382,100.0,95.40284360189574
2026-06-15 09:00:00,1.795,1701.7,48.2,57.19,6.07,2.5078,1.691,1.361,1.795,0.2786,0.385,0.1663,0.29523026315789475,0.09772580360815655,2.8167049898773566,86.519,64.78253275109171,100.0,93.98104265402843
2026-06-15 11:00:00,1.618,1701.5,47.8,57.16,5.78,2.8262,0.905,1.618,1.047,0.2607,0.4146,0.1444,0.18082901554404143,0.08486629444607699,2.129121415044243,77.3404,42.53624454148471,100.0,94.45497630331754
2026-06-15 12:00:00,1.29,1699.7,49.6,57.16,6.57,2.4258,0.877,1.256,1.29,0.2739,0.3887,0.1552,0.196048632218845,0.09131023121727364,2.002689441725801,63.984,70.51179039301309,100.0,92.32227488151659
2026-06-15 14:00:00,1.436,1701.7,46.8,57.16,5.7,2.4336,1.347,1.436,1.298,0.2207,0.4041,0.1389,0.22732049036777585,0.08162425809484633,2.3582427780022988,67.20479999999999,69.96681222707423,100.0,95.63981042654028
2026-06-15 15:00:00,1.956,1700.6,48.5,57.16,6.14,2.5078,0.881,1.956,1.29,0.2457,0.3772,0.1378,0.20975609756097563,0.08103022462660238,2.5032373039725977,94.866,64.78253275109171,100.0,93.62559241706161
2026-06-15 17:00:00,1.691,1701.5,49.0,57.19,6.19,2.5547,0.97,1.691,0.761,0.2332,0.3748,0.136,0.12274193548387097,0.07992947399353512,2.0927259734614085,82.85900000000001,61.5056768558952,100.0,93.03317535545024
2026-06-15 19:00:00,0.346,702.1,52.7,24.5,8.07,0.1499,0.2,0.346,0.133,0.0088,0.0212,0.0101,0.01646039603960396,0.01438541518302236,0.42119472931175195,18.2342,100.0,100.0,88.64928909952606
2026-06-15 21:00:00,2.018,1701.9,41.1,57.12,5.21,2.4395,1.188,1.841,2.018,0.2004,0.4075,0.142,0.3865900383141762,0.08343615958634466,2.9787495698698807,82.93979999999999,69.55458515283844,100.0,100.0
2026-06-15 23:00:00,2.805,1701.9,42.0,57.12,5.2,2.5723,1.148,1.261,2.805,0.1967,0.4124,0.1343,0.5383877159309022,0.0789118044538457,3.2826894461706244,117.81,60.27598253275111,100.0,100.0
2026-06-16 08:00:00,2.271,1701.6,40.6,57.12,5.32,2.8145,1.1,2.016,2.271,0.1976,0.4297,0.1466,0.42607879924953096,0.08615420780441937,3.229813771721212,92.2026,43.353711790393035,100.0,100.0
2026-06-16 10:00:00,0.265,145.9,43.7,5.03,0.25,0.0776,0.117,0.265,0.092,0.0058,0.0098,0.0063,0.3538461538461538,0.04318026045236463,0.3039374935739255,11.5805,100.0,100.0,99.3127962085308
2026-06-16 12:00:00,2.547,1701.1,43.1,57.12,5.52,2.6152,1.64,1.327,2.547,0.2148,0.4119,0.1421,0.4605786618444847,0.08353418376344719,3.3072251208528276,109.77570000000001,57.27860262008733,100.0,100.0
2026-06-16 16:00:00,1.625,1699.9,46.6,57.16,6.45,2.4941,0.723,1.625,1.202,0.2283,0.3936,0.1305,0.18606811145510835,0.07676922171892464,2.1466620600364648,75.72500000000001,65.73973799126638,100.0,95.87677725118483
2026-06-16 17:00:00,1.63,1699.8,49.3,57.16,6.51,2.4609,0.868,1.63,1.409,0.2308,0.3892,0.1337,0.21610429447852764,0.07865631250735382,2.3228441617982036,80.359,68.0593886462882,100.0,92.67772511848341
2026-06-16 18:00:00,1.358,1701.8,49.1,57.19,6.03,2.5352,1.358,1.323,1.088,0.2472,0.394,0.1359,0.18013245033112585,0.07985662239981196,2.1859178850084926,66.6778,62.868122270742354,100.0,92.91469194312796
2026-06-16 19:00:00,1.538,1700.3,49.3,57.16,6.3,2.5391,1.005,1.538,1.356,0.2498,0.394,0.1335,0.21489698890649764,0.07851555607833913,2.283463378291844,75.82339999999999,62.59563318777293,100.0,92.67772511848341
2026-06-16 20:00:00,2.1,1701.7,48.7,57.16,5.69,2.4883,1.1,1.977,2.1,0.2563,0.4065,0.1338,0.3684210526315789,0.07862725509784334,3.0868315470721757,102.27000000000001,66.14497816593885,100.0,93.38862559241706
2026-06-16 22:00:01,1.923,1701.5,45.2,57.16,5.75,2.5508,0.925,1.923,1.103,0.2202,0.4062,0.1322,0.19149305555555557,0.07769615045548046,2.4021163585471874,86.9196,61.77816593886462,100.0,97.53554502369667
2026-06-17 01:00:01,2.041,1699.8,42.3,57.19,6.9,2.5039,1.47,1.729,2.041,0.236,0.3982,0.1427,0.29536903039073803,0.08395105306506648,3.0522159163466793,86.33429999999998,65.05502183406115,100.0,100.0
2026-06-17 03:00:01,2.164,1700.9,41.6,57.19,6.42,2.5508,1.07,1.774,2.164,0.251,0.4163,0.142,0.336547433903577,0.08348521371038861,2.9958090726880444,90.0224,61.77816593886462,100.0,100.0
2026-06-17 08:00:01,2.238,1701.2,41.3,57.22,6.7,2.7559,1.49,2.018,2.238,0.2273,0.4258,0.1425,0.33353204172876305,0.08376440159887137,3.361706114460335,92.42939999999999,47.44803493449782,100.0,100.0
2026-06-17 09:00:01,2.465,1699.6,46.9,57.25,7.83,2.6406,1.133,2.465,2.062,0.2617,0.4187,0.1377,0.2630102040816326,0.08101906330901387,3.4076029698308457,115.60849999999999,55.50393013100437,100.0,95.521327014218
2026-06-17 10:00:01,0.362,718.8,54.1,24.66,5.16,0.1499,0.159,0.362,0.146,0.0092,0.0225,0.0092,0.028239845261121856,0.012799109627156371,0.4214747916542578,19.5842,100.0,100.0,86.99052132701422
2026-06-17 11:00:01,0.345,586.1,47.0,20.17,3.84,0.1133,0.144,0.345,0.213,0.0074,0.0191,0.0079,0.055324675324675325,0.01347892851049309,0.4302673587433748,16.215,100.0,100.0,95.40284360189574
2026-06-17 12:00:01,2.176,1699.4,51.0,57.25,7.91,2.6934,1.06,1.968,2.176,0.244,0.4326,0.1489,0.2747474747474748,0.08761915970342474,3.119551249779365,110.97600000000001,51.814847161572054,100.0,90.66350710900474
2026-06-17 18:00:01,2.121,1702.0,46.6,57.12,5.16,2.8438,1.268,2.121,1.591,0.2214,0.3999,0.1332,0.30773694390715667,0.0782608695652174,2.9390042531442515,98.8386,41.30655021834062,100.0,95.87677725118483
2026-06-17 19:00:01,1.501,1701.8,47.9,57.16,5.62,2.4199,1.305,1.501,1.012,0.245,0.3923,0.1355,0.17975133214920072,0.07962157715360207,2.2316294495278557,71.89789999999999,70.9240174672489,100.0,94.33649289099526
2026-06-17 21:00:01,2.375,1699.2,49.2,57.16,6.77,2.416,1.12,2.375,1.267,0.2517,0.3994,0.1364,0.1868731563421829,0.08027306967984933,2.9155297974810686,116.85000000000001,71.19650655021834,100.0,92.79620853080569
2026-06-17 23:00:01,2.205,1694.9,48.8,57.16,8.65,2.4004,0.994,2.205,1.41,0.2517,0.3899,0.1344,0.16281755196304848,0.07929671367042303,2.7996715878831218,107.604,72.28646288209609,100.0,93.2701421800948
2026-06-18 00:00:01,2.422,1697.9,48.5,57.16,7.35,2.5664,1.777,1.344,2.422,0.2551,0.4016,0.1377,0.3290760869565218,0.08110018257847929,3.2909191725109266,117.46700000000001,60.688209606986916,100.0,93.62559241706161
2026-06-18 01:00:01,2.268,1701.1,54.9,57.12,5.53,2.7461,1.137,2.268,1.707,0.238,0.4409,0.1309,0.30812274368231046,0.07695020868849568,3.057849244158384,124.51319999999998,48.13275109170304,100.0,86.04265402843602
2026-06-18 02:00:01,2.451,1701.9,47.2,57.12,5.19,2.5332,0.905,2.451,1.592,0.2522,0.4036,0.1328,0.30615384615384617,0.07803043657089134,3.059557157498451,115.6872,63.00786026200875,100.0,95.16587677725119
2026-06-18 04:00:01,0.451,700.3,58.8,24.41,7.79,0.167,0.163,0.451,0.245,0.0098,0.0238,0.009,0.03141025641025641,0.012851635013565616,0.5385118383099855,26.5188,100.0,100.0,81.4218009478673
2026-06-18 06:00:01,2.109,1699.6,43.1,57.19,6.98,2.6953,0.975,1.729,2.109,0.2235,0.4106,0.1393,0.3017167381974249,0.08196046128500824,2.8961952627542225,90.8979,51.68209606986899,100.0,100.0
2026-06-18 07:00:01,2.484,1699.6,46.9,57.22,7.42,2.541,1.072,2.086,2.484,0.2634,0.4106,0.1339,0.33432032301480485,0.0787832431160273,3.4162605287067906,116.4996,62.462882096069876,100.0,95.521327014218
2026-06-18 10:00:01,2.309,998.9,45.4,33.91,6.2,1.5498,2.309,1.795,0.668,0.1351,0.2546,0.1204,0.10756843800322062,0.12053258584442886,2.9999549996624952,104.82860000000001,99.47894736842105,100.0,97.29857819905213
2026-06-18 12:00:01,1.467,999.0,47.5,33.94,6.49,1.4697,1.467,1.059,0.868,0.1407,0.2416,0.1035,0.13353846153846155,0.1036036036036036,2.0067371526933964,69.6825,100.0,100.0,94.81042654028435
2026-06-18 14:00:01,0.746,1070.5,46.8,36.0,3.43,1.6426,0.511,0.746,0.549,0.1604,0.2554,0.0956,0.15959302325581398,0.08930406352171882,1.0578459245088578,34.9128,97.03684210526316,100.0,95.63981042654028
2026-06-18 15:00:01,0.973,1061.8,47.3,36.0,6.55,1.667,0.973,0.822,0.544,0.1652,0.2612,0.0986,0.08292682926829269,0.09286117912977962,1.385044764619541,46.02289999999999,96.39473684210526,100.0,95.04739336492891
2026-06-18 19:00:01,1.58,998.6,40.5,33.91,6.31,1.5166,1.58,1.023,0.844,0.1434,0.2502,0.115,0.13354430379746837,0.1151612257160024,2.0628293676404748,63.99,100.0,100.0,100.0
2026-06-18 20:00:01,1.08,999.4,44.2,33.91,6.02,1.4971,1.08,0.681,0.582,0.1309,0.2444,0.1033,0.09651741293532339,0.1033620172103262,1.4031696262391087,47.736000000000004,100.0,100.0,98.72037914691943
2026-06-18 23:00:01,1.807,755.6,41.0,25.38,1.43,1.5078,0.774,1.807,1.41,0.1373,0.238,0.0869,0.9791666666666666,0.11500794070937004,2.4191785796009357,74.087,100.0,100.0,100.0
2026-06-19 01:00:01,0.272,690.5,41.9,24.09,7.79,0.1899,0.189,0.272,0.1,0.0091,0.0235,0.0096,0.012820512820512822,0.01390296886314265,0.34598410368107957,11.3968,100.0,100.0,100.0
2026-06-19 04:00:01,2.275,1701.4,39.8,57.19,6.2,2.5977,1.264,1.812,2.275,0.236,0.3982,0.1364,0.3663446054750402,0.08016927236393558,3.1712245268980874,90.54499999999999,58.50131004366811,100.0,100.0
2026-06-19 08:00:01,2.477,1700.3,43.5,57.16,6.29,2.5801,1.291,2.477,1.293,0.2277,0.407,0.1393,0.20523809523809522,0.0819267188143269,3.0779959389186984,107.7495,59.73100436681224,100.0,99.54976303317535
2026-06-19 09:00:01,1.997,1699.6,46.2,57.16,6.61,2.543,1.161,1.815,1.997,0.2428,0.3904,0.1404,0.30166163141993957,0.08260767239350435,2.937712545502027,92.26140000000001,62.32314410480349,100.0,96.35071090047393
2026-06-19 12:00:01,1.504,1701.5,44.2,57.12,5.37,2.6113,1.213,1.3,1.504,0.2197,0.4077,0.1346,0.2795539033457249,0.07910667058477813,2.328816222890935,66.47680000000001,57.55109170305678,100.0,98.72037914691943
2026-06-19 21:00:01,2.129,1700.2,39.1,57.09,5.54,2.4082,1.276,2.129,1.772,0.1975,0.406,0.1378,0.3192792792792793,0.08104928831902129,3.049721462691306,83.2439,71.74148471615722,100.0,100.0
2026-06-19 22:00:01,1.825,1701.7,40.0,57.09,4.85,2.4688,1.825,1.765,1.6,0.1897,0.405,0.1389,0.32921810699588483,0.08162425809484633,3.000974841613971,73.0,67.50742358078604,100.0,100.0
2026-06-20 00:00:01,2.172,1700.0,38.9,57.09,5.59,2.5469,1.081,2.172,1.154,0.2051,0.3953,0.1237,0.20607142857142857,0.07276470588235294,2.6866077123391126,84.49080000000001,62.05065502183407,100.0,100.0
2026-06-20 01:00:01,2.383,1701.4,42.5,57.09,5.01,2.4941,0.867,2.383,1.829,0.236,0.417,0.1294,0.36434262948207174,0.07605501351827905,3.1265986311005767,101.2775,65.73973799126638,100.0,100.0
2026-06-20 12:00:01,0.274,1479.2,45.2,50.0,10.41,0.1831,0.123,0.274,0.094,0.0064,0.0282,0.0125,0.009021113243761996,0.008450513791238507,0.3147078009837062,12.384800000000002,100.0,100.0,97.53554502369667
2026-06-20 17:00:01,0.929,807.6,41.4,27.59,5.59,1.4043,0.411,0.929,0.63,0.1681,0.2157,0.0855,0.1125,0.10586924219910848,1.1953501579035326,38.4606,100.0,100.0,100.0
2026-06-20 19:00:01,0.654,819.1,45.8,27.62,2.66,1.3281,0.398,0.654,0.317,0.1469,0.2067,0.0777,0.11872659176029964,0.09486021242827494,0.8286187301769131,29.9532,100.0,100.0,96.82464454976304
2026-06-20 21:00:01,0.625,811.8,46.4,27.62,4.68,1.2197,0.41,0.625,0.26,0.145,0.2119,0.0771,0.055437100213219626,0.09497413155949742,0.7914069749503096,29.0,100.0,100.0,96.11374407582939
2026-06-20 22:00:01,0.687,818.3,46.5,27.64,3.03,1.3467,0.394,0.687,0.276,0.1467,0.2198,0.0774,0.09078947368421054,0.0945863375290236,0.8386781265777712,31.945500000000003,100.0,100.0,95.99526066350711
2026-06-20 23:00:01,0.774,819.4,51.4,27.62,2.59,1.291,0.412,0.774,0.347,0.1334,0.2095,0.0798,0.13346153846153846,0.0973883329265316,0.9429893954865028,39.7836,100.0,100.0,90.18957345971563
2026-06-21 00:00:01,0.709,814.2,45.8,27.62,4.01,1.4014,0.43,0.709,0.242,0.1508,0.2189,0.0786,0.060199004975124384,0.09653647752394989,0.8637968511172056,32.472199999999994,100.0,100.0,96.82464454976304
2026-06-21 02:00:01,0.976,818.9,46.2,27.64,2.86,1.332,0.509,0.976,0.337,0.1476,0.2123,0.0787,0.11742160278745646,0.09610453046770058,1.151184607263318,45.0912,100.0,100.0,96.35071090047393
2026-06-21 03:00:01,0.987,819.1,45.8,27.66,2.93,1.2207,0.398,0.987,0.293,0.149,0.2141,0.0778,0.09965986394557823,0.09498229764375533,1.1038215435476877,45.2046,100.0,100.0,96.82464454976304
2026-06-21 05:00:01,1.136,810.7,46.7,27.62,4.99,1.3857,0.379,1.136,0.439,0.1414,0.2205,0.0796,0.0878,0.09818675218946589,1.2754834377599733,53.0512,100.0,100.0,95.75829383886256
2026-06-21 09:00:01,0.921,593.9,45.7,19.95,0.93,0.9912,0.301,0.921,0.305,0.0908,0.163,0.0586,0.324468085106383,0.09866980973227817,1.0158085449532308,42.08970000000001,100.0,100.0,96.9431279620853
2026-06-21 10:00:01,2.396,1700.4,55.2,57.25,7.49,2.7539,1.581,1.602,2.396,0.2686,0.4326,0.1543,0.3194666666666667,0.09074335450482238,3.2873668794340554,132.2592,47.58777292576421,100.0,85.68720379146919
2026-06-21 11:00:01,2.135,1701.7,49.9,57.25,6.9,2.5703,1.377,2.113,2.135,0.2947,0.4158,0.1698,0.308972503617945,0.09978257037080566,3.304409629570765,106.53649999999999,60.41572052401747,100.0,91.96682464454976
2026-06-21 15:00:01,2.48,1700.5,56.9,57.25,7.41,2.8906,1.436,2.48,2.361,0.2676,0.427,0.1498,0.3181940700808626,0.08809173772419876,3.7130603280851773,141.112,38.03668122270742,100.0,83.67298578199052
2026-06-21 16:00:01,2.158,1701.0,51.5,57.28,7.63,2.6016,1.756,1.722,2.158,0.2827,0.3843,0.16,0.2824607329842932,0.09406231628453851,3.2719694375100756,111.137,58.2288209606987,100.0,90.07109004739337
2026-06-21 17:00:01,1.8,1701.8,51.8,57.28,7.25,2.666,1.234,1.794,1.8,0.283,0.3972,0.1554,0.24793388429752067,0.09131507815254437,2.8251003521999003,93.24,53.72925764192141,100.0,89.71563981042654
2026-06-21 18:00:01,2.375,627.1,60.4,21.06,1.01,2.9434,1.586,1.933,2.375,0.2507,0.4436,0.1554,2.3284313725490198,0.2478073672460533,3.448551869988329,143.45,34.34759825327511,100.0,78.93333333333334
2026-06-22 00:00:01,1.714,1701.6,44.2,57.25,6.94,2.5645,1.252,1.714,1.471,0.2576,0.4246,0.1494,0.2116546762589928,0.0877997179125529,2.5824680056101372,75.75880000000001,60.82096069868997,100.0,98.72037914691943
2026-06-22 07:00:01,1.825,1701.5,43.9,57.25,6.98,2.5566,1.32,1.825,1.48,0.2473,0.427,0.1486,0.21173104434907009,0.08733470467234794,2.6950742104810397,80.11749999999999,61.372925764192146,100.0,99.07582938388626
2026-06-22 08:00:01,1.478,1635.0,47.8,54.66,2.14,2.6562,1.071,1.478,1.237,0.238,0.4321,0.1761,0.5753488372093024,0.10770642201834862,2.204924942033175,70.6484,54.41397379912664,100.0,94.45497630331754
2026-06-22 10:00:01,0.305,635.0,62.9,21.56,2.56,0.1475,0.133,0.305,0.214,0.0119,0.0168,0.0081,0.08326848249027238,0.012755905511811022,0.3956134476986342,19.1845,100.0,100.0,72.26666666666667
2026-06-22 12:00:01,1.748,1701.1,58.7,57.25,7.17,2.9492,1.399,1.721,1.748,0.2402,0.429,0.1505,0.2434540389972145,0.08847216506966081,2.823923865829247,102.6076,33.94235807860263,100.0,81.54028436018957
2026-06-22 16:00:01,0.308,142.2,51.5,4.87,0.19,0.0659,0.156,0.308,0.072,0.0052,0.0109,0.0071,0.35999999999999993,0.049929676511955,0.3526811591225139,15.862,100.0,100.0,90.07109004739337
2026-06-22 18:00:01,2.334,1701.2,46.1,57.12,5.49,2.4668,1.165,2.334,1.586,0.2316,0.395,0.1364,0.2883636363636364,0.08017869739007759,3.052896493495972,107.59740000000001,67.6471615720524,100.0,96.4691943127962
2026-06-22 19:00:01,2.393,1701.4,48.3,57.12,5.41,2.3457,1.513,1.182,2.393,0.2489,0.3835,0.1359,0.44151291512915125,0.07987539673210296,3.06801923070896,115.58189999999999,76.10829694323145,100.0,93.86255924170617
2026-06-22 20:00:01,2.158,1699.9,49.0,57.12,6.05,2.4395,1.516,1.61,2.158,0.2435,0.3906,0.1365,0.3561056105610561,0.08029884110830049,3.0898737838300128,105.74199999999999,69.55458515283844,100.0,93.03317535545024
2026-06-22 22:00:01,1.477,1700.5,46.5,57.19,6.61,2.6074,1.109,1.477,0.924,0.2612,0.4163,0.1401,0.13957703927492449,0.08238753307850633,2.065232674542992,68.68050000000001,57.8235807860262,100.0,95.99526066350711
2026-06-23 02:00:01,2.012,1701.3,42.7,57.09,5.03,3.0469,0.961,2.012,1.028,0.1846,0.4756,0.1625,0.20396825396825397,0.09551519426321049,2.4552900032379066,85.9124,27.116157205240185,100.0,100.0
2026-06-23 03:00:01,1.903,1700.5,45.1,57.12,5.78,2.4043,1.903,1.818,1.748,0.2141,0.3799,0.1445,0.30189982728842835,0.08497500735077917,3.159436183878383,85.8253,72.01397379912663,100.0,97.65402843601895
2026-06-23 05:00:01,3.037,1701.3,42.7,57.12,5.44,2.4941,1.688,1.947,3.037,0.2262,0.417,0.1405,0.5572477064220183,0.08258390642449892,3.982903714628311,129.6799,65.73973799126638,100.0,100.0
2026-06-23 07:00:01,0.731,571.8,47.9,20.03,5.84,1.2549,0.165,0.731,0.115,0.0092,0.0288,0.0092,0.01965811965811966,0.01608954179783141,0.7581629112532478,35.0149,100.0,100.0,94.33649289099526
2026-06-23 09:00:01,2.211,595.6,54.7,20.03,1.08,2.5449,1.296,1.253,2.211,0.2147,0.3826,0.117,2.0284403669724766,0.1964405641370047,2.852743591702556,120.9417,62.19039301310043,100.0,86.27962085308056
2026-06-23 10:00:01,1.955,1700.6,48.4,57.03,4.52,2.4766,1.032,1.955,0.9,0.2197,0.3855,0.125,0.19867549668874177,0.07350346936375397,2.386849178310184,94.622,66.96244541484717,100.0,93.74407582938389
2026-06-23 11:00:01,2.312,1701.3,49.7,57.03,4.2,2.584,1.298,2.312,1.534,0.2292,0.395,0.1273,0.3643705463182898,0.07482513372127196,3.0632179158525434,114.9064,59.45851528384279,100.0,92.2037914691943
2026-06-23 13:00:01,1.352,1699.9,48.5,57.09,5.68,2.6133,1.173,1.352,1.097,0.2205,0.4072,0.1316,0.1927943760984183,0.07741631860697687,2.099343230631904,65.572,57.41135371179038,100.0,93.62559241706161
2026-06-23 22:00:00,0.175,567.8,49.1,19.89,5.75,0.1616,0.114,0.175,0.093,0.0085,0.0183,0.0082,0.016145833333333335,0.014441704825642833,0.22862633269157775,8.5925,100.0,100.0,92.91469194312796
2026-06-23 23:00:00,1.723,999.4,41.0,33.84,5.39,1.5977,1.723,0.901,0.646,0.1326,0.2534,0.1149,0.11962962962962964,0.11496898138883331,2.048864563605901,70.643,98.21842105263158,100.0,100.0
2026-06-24 00:00:00,1.228,1003.2,42.2,33.84,4.12,1.585,0.752,1.228,0.823,0.1477,0.2542,0.1013,0.199273607748184,0.10097687400318979,1.658558711652982,51.821600000000004,98.55263157894737,100.0,100.0
2026-06-24 01:00:00,1.955,999.2,42.5,33.84,5.44,1.5791,1.955,1.239,0.8,0.1365,0.2534,0.1179,0.14678899082568808,0.11799439551641312,2.4489071031788856,83.0875,98.7078947368421,100.0,100.0
2026-06-24 02:00:00,2.707,997.0,43.5,33.88,6.54,1.4492,2.707,1.039,0.949,0.1367,0.2467,0.1304,0.1448854961832061,0.13079237713139416,3.0508967534152966,117.7545,100.0,100.0,99.54976303317535
2026-06-24 03:00:00,1.637,1002.9,42.2,33.81,3.89,1.6377,1.637,1.445,0.74,0.1393,0.2512,0.1111,0.18974358974358974,0.11077874164921729,2.305513825592898,69.0814,97.16578947368421,100.0,100.0
2026-06-24 04:00:00,0.998,1000.3,42.6,33.81,4.75,1.5205,0.898,0.998,0.73,0.1338,0.2507,0.1007,0.15336134453781514,0.10066979906028192,1.5281714563490576,42.5148,100.0,100.0,100.0
2026-06-24 05:00:00,1.643,997.9,43.0,33.84,5.89,1.5674,1.643,1.129,0.626,0.1328,0.2517,0.1107,0.10610169491525424,0.11093295921435015,2.089489411315597,70.649,99.01578947368421,100.0,100.0
2026-06-24 08:00:00,1.243,1000.2,41.6,33.75,4.14,1.4854,1.243,0.934,0.604,0.1289,0.2546,0.101,0.1455421686746988,0.10097980403919217,1.6679991007191823,51.708800000000004,100.0,100.0,100.0
2026-06-24 10:00:00,1.014,1001.1,46.6,33.72,3.54,1.4795,0.829,1.014,0.555,0.1265,0.2418,0.087,0.1563380281690141,0.08690440515433022,1.4224844463121558,47.2524,100.0,100.0,95.87677725118483
2026-06-24 13:00:00,2.084,996.2,47.7,33.84,6.48,1.5059,2.084,1.24,0.701,0.13,0.239,0.1093,0.10801232665639444,0.10971692431238705,2.5242933664691196,99.4068,100.0,100.0,94.5734597156398
2026-06-24 16:00:00,1.97,944.9,44.4,31.73,2.26,1.6455,0.837,1.97,0.986,0.1638,0.2469,0.1001,0.4343612334801763,0.1059371362048894,2.3566215224341818,87.46799999999999,96.96052631578948,100.0,98.48341232227489
2026-06-24 17:00:00,1.204,945.9,46.5,31.75,2.09,1.3936,0.434,1.204,1.115,0.1433,0.2236,0.0833,0.5309523809523811,0.08806427740775981,1.697408907717878,55.986,100.0,100.0,95.99526066350711
2026-06-24 19:00:00,1.372,934.1,44.8,31.73,5.68,1.3926,0.485,1.182,1.372,0.1519,0.2286,0.0883,0.24112478031634452,0.0945294936302323,1.8747621182432719,61.4656,100.0,100.0,98.00947867298578
2026-06-24 20:00:00,1.457,944.5,45.4,31.73,2.38,1.3711,0.472,1.457,1.033,0.1494,0.2284,0.0891,0.43221757322175736,0.09433562731604023,1.8473554070616731,66.1478,100.0,100.0,97.29857819905213
2026-06-24 23:00:00,0.932,878.8,40.4,29.56,2.4,1.5977,0.497,0.932,0.686,0.1899,0.2418,0.1002,0.28464730290456436,0.11401911697769687,1.259455834874729,37.6528,98.21842105263158,100.0,100.0
2026-06-25 02:00:00,0.961,877.6,40.5,29.58,2.9,1.377,0.557,0.961,0.711,0.1858,0.2129,0.0853,0.24432989690721651,0.09719690063810392,1.318821822688721,38.9205,100.0,100.0,100.0
2026-06-25 04:00:00,0.991,881.3,41.6,29.58,1.79,1.3262,0.469,0.991,0.437,0.1714,0.2101,0.0803,0.24277777777777776,0.09111539770793146,1.1802588699094787,41.2256,100.0,100.0,100.0
2026-06-25 08:00:00,0.858,541.4,43.2,18.25,1.11,1.2578,0.462,0.858,0.67,0.0788,0.189,0.0731,0.5982142857142857,0.13502031769486517,1.1825853034770897,37.0656,100.0,100.0,99.90521327014217
2026-06-25 09:00:00,0.899,541.0,45.1,18.25,1.18,1.1992,0.396,0.899,0.805,0.0712,0.2008,0.0767,0.6764705882352942,0.14177449168207024,1.2700559042813824,40.544900000000005,100.0,100.0,97.65402843601895
2026-06-25 10:00:00,0.847,542.4,47.4,18.27,1.02,1.1992,0.479,0.847,0.771,0.0654,0.2019,0.078,0.7485436893203884,0.14380530973451328,1.2414874143542496,40.1478,100.0,100.0,94.92890995260663
2026-06-25 11:00:00,1.112,541.4,48.5,18.27,1.19,1.2715,0.443,0.911,1.112,0.0671,0.2084,0.0793,0.9266666666666667,0.14647210934613963,1.5042320299740997,53.932,100.0,100.0,93.62559241706161
2026-06-25 12:00:00,1.064,540.7,50.2,18.25,1.25,1.1396,0.437,0.919,1.064,0.0626,0.203,0.0812,0.8444444444444444,0.1501756981690401,1.4722859776551567,53.412800000000004,100.0,100.0,91.61137440758293
2026-06-25 13:00:00,1.077,541.0,50.6,18.27,1.26,1.208,0.48,1.029,1.077,0.0613,0.2062,0.0826,0.8480314960629921,0.15268022181146026,1.5649824280163658,54.4962,100.0,100.0,91.13744075829383
2026-06-25 14:00:00,1.056,541.4,50.8,18.27,1.2,1.1826,0.434,0.917,1.056,0.0649,0.2043,0.0809,0.8727272727272728,0.1494274104174363,1.464370513224027,53.6448,100.0,100.0,90.9004739336493
2026-06-25 15:00:00,0.888,541.5,55.3,18.27,1.17,1.0986,0.386,0.888,0.82,0.0586,0.1809,0.0701,0.6949152542372882,0.12945521698984302,1.2688341105124814,49.1064,100.0,100.0,85.56872037914692
2026-06-25 17:00:00,0.711,504.2,47.7,16.92,0.58,0.9409,0.633,0.711,0.244,0.0737,0.1448,0.0588,0.41355932203389834,0.11662038873462911,0.9827237658670924,33.9147,100.0,100.0,94.5734597156398
2026-06-25 18:00:00,0.584,504.0,47.3,16.92,0.62,0.8916,0.418,0.584,0.27,0.0709,0.1375,0.0541,0.4285714285714286,0.10734126984126985,0.7672548468403442,27.623199999999997,100.0,100.0,95.04739336492891
2026-06-25 19:00:00,0.812,504.2,46.8,16.95,0.74,0.9609,0.501,0.534,0.812,0.093,0.1453,0.0573,1.0826666666666667,0.1136453788179294,1.0933896835072114,38.0016,100.0,100.0,95.63981042654028
2026-06-25 21:00:00,0.485,504.4,46.4,16.94,0.64,0.8833,0.445,0.479,0.485,0.0782,0.1477,0.0565,0.7461538461538461,0.11201427438540842,0.8140583517168779,22.503999999999998,100.0,100.0,96.11374407582939
2026-06-25 22:00:00,0.573,504.7,46.3,16.92,0.5,0.9741,0.453,0.573,0.287,0.0731,0.1462,0.0548,0.5627450980392157,0.10857935407172577,0.7847974260915997,26.529899999999998,100.0,100.0,96.23222748815166
2026-06-25 23:00:00,0.497,504.1,46.2,16.94,0.68,1.0322,0.279,0.497,0.195,0.0693,0.1492,0.0562,0.2826086956521739,0.11148581630628844,0.6023910689909007,22.9614,100.0,100.0,96.35071090047393
2026-06-26 00:00:00,0.522,503.7,45.6,16.92,0.67,1.0098,0.423,0.522,0.196,0.0728,0.1499,0.0583,0.28823529411764703,0.1157434981139567,0.6998778464846562,23.8032,100.0,100.0,97.06161137440758
2026-06-26 03:00:00,0.648,694.7,41.6,23.19,0.2,0.9561,0.366,0.648,0.434,0.1121,0.1632,0.0598,2.0666666666666664,0.08608032244134158,0.8615195877053522,26.9568,100.0,100.0,100.0
2026-06-26 04:00:00,0.753,686.6,45.8,23.19,2.1,0.9282,0.491,0.753,0.452,0.1002,0.1667,0.0602,0.214218009478673,0.08767841538013399,1.006177916672792,34.4874,100.0,100.0,96.82464454976304
2026-06-26 05:00:00,0.706,693.5,43.5,23.2,0.6,0.9741,0.444,0.706,0.316,0.1038,0.1697,0.0607,0.5180327868852459,0.0875270367700072,0.8918677031936968,30.711,100.0,100.0,99.54976303317535
2026-06-26 06:00:00,0.873,692.6,44.0,23.19,0.7,1.0146,0.431,0.873,0.398,0.1036,0.1721,0.0601,0.5605633802816902,0.08677447300028877,1.0518051150284446,38.412,100.0,100.0,98.95734597156398
2026-06-26 07:00:00,0.677,684.4,45.0,23.19,2.6,1.001,0.453,0.677,0.42,0.1093,0.1683,0.0581,0.16091954022988506,0.08489187609585037,0.9164813145940293,30.465000000000003,100.0,100.0,97.77251184834122
2026-06-26 08:00:00,0.602,694.7,45.4,23.2,0.32,1.0283,0.411,0.602,0.393,0.1109,0.1705,0.058,1.190909090909091,0.0834892759464517,0.8281147263513673,27.3308,100.0,100.0,97.29857819905213
2026-06-26 10:00:00,0.755,682.0,46.3,23.19,3.16,0.9868,0.394,0.755,0.323,0.1071,0.1726,0.0542,0.10189274447949527,0.07947214076246334,0.9108183133863745,34.9565,100.0,100.0,96.23222748815166
2026-06-26 12:00:00,0.55,693.6,46.1,23.12,0.04,1.0059,0.445,0.55,0.343,0.1133,0.1733,0.0559,6.86,0.08059400230680508,0.7862404212453084,25.355000000000004,100.0,100.0,96.4691943127962
2026-06-26 14:00:00,0.617,693.2,47.7,23.12,0.12,1.0225,0.435,0.617,0.397,0.1058,0.1737,0.054,3.053846153846154,0.07789959607616849,0.8529495881938158,29.4309,100.0,100.0,94.5734597156398
2026-06-26 15:00:00,0.373,162.3,53.0,5.6,0.31,0.3462,0.155,0.373,0.174,0.0141,0.0461,0.0175,0.54375,0.10782501540357364,0.43980677575498994,19.769,100.0,100.0,88.29383886255924
2026-06-26 16:00:00,0.64,692.7,46.9,23.14,0.36,1.1094,0.345,0.64,0.356,0.1146,0.1748,0.0555,0.9621621621621621,0.08012126461671719,0.809543698635225,30.016,100.0,100.0,95.521327014218
2026-06-26 18:00:00,0.681,693.2,44.5,23.16,0.35,1.1328,0.395,0.681,0.396,0.1158,0.1737,0.0586,1.1,0.08453548759376803,0.8812502482269154,30.3045,100.0,100.0,98.36492890995261
2026-06-26 20:00:00,0.304,156.0,44.2,5.3,0.16,0.1006,0.117,0.304,0.098,0.0061,0.0156,0.007,0.5764705882352941,0.04487179487179487,0.34016025634985636,13.4368,100.0,100.0,98.72037914691943
2026-06-26 22:00:00,1.501,1008.1,41.3,33.78,1.81,1.7256,1.354,1.501,0.704,0.1265,0.2478,0.1031,0.38681318681318677,0.1022716000396786,2.1405450240534534,61.99129999999999,94.85263157894737,100.0,100.0
2026-06-27 02:00:00,1.184,1322.8,41.5,44.41,4.17,2.1738,0.792,1.184,0.594,0.1987,0.3577,0.1626,0.14210526315789473,0.12292107650438464,1.5433586750979176,49.135999999999996,83.05789473684212,100.0,100.0
2026-06-27 03:00:00,0.211,568.1,48.3,19.86,5.5,0.1216,0.113,0.211,0.08,0.0055,0.0129,0.0068,0.014519056261343014,0.011969723640204188,0.2523687777836236,10.191299999999998,100.0,100.0,93.86255924170617
2026-06-27 04:00:00,1.952,1702.1,39.6,57.09,4.71,2.5547,1.56,1.952,1.948,0.1925,0.405,0.142,0.41271186440677965,0.08342635567827977,3.1683762402846036,77.2992,61.5056768558952,100.0,100.0
2026-06-27 07:00:00,2.922,1699.9,44.4,57.09,5.63,2.3379,1.541,1.887,2.922,0.2167,0.4075,0.1344,0.5180851063829788,0.07906347432201893,3.8044098096813914,129.73680000000002,76.65327510917032,100.0,98.48341232227489
2026-06-27 08:00:00,0.231,1478.6,50.0,49.88,8.82,0.1548,0.113,0.231,0.131,0.0154,0.0341,0.0073,0.014835787089467724,0.004937102664682808,0.2886018017961773,11.55,100.0,100.0,91.84834123222748
2026-06-27 10:00:00,3.012,1700.7,43.6,57.0,4.08,2.5293,1.276,1.476,3.012,0.2032,0.4143,0.1271,0.7364303178484107,0.07473393308637619,3.5887178769025576,131.3232,63.28034934497816,100.0,99.43127962085308
2026-06-27 11:00:00,1.525,1700.2,47.5,57.03,4.69,2.5938,1.525,1.503,1.087,0.2133,0.3877,0.127,0.23127659574468085,0.07469709445947535,2.401291943933515,72.4375,58.77379912663756,100.0,94.81042654028435
2026-06-27 13:00:00,1.729,1699.4,50.1,57.0,4.64,2.5039,0.688,1.729,1.062,0.2179,0.3865,0.1219,0.22838709677419358,0.07173119924679298,2.1425753195628854,86.6229,65.05502183406115,100.0,91.7298578199052
2026-06-27 16:00:00,2.697,1700.8,44.6,56.97,3.64,2.3848,1.597,2.084,2.697,0.2067,0.4016,0.1289,0.7389041095890412,0.07578786453433678,3.7639439421968017,120.28620000000001,73.37641921397382,100.0,98.24644549763033
2026-06-27 17:00:00,2.482,1701.7,47.3,56.97,3.25,2.4395,1.476,2.482,1.71,0.2107,0.386,0.1235,0.5245398773006135,0.07257448433919023,3.35603933230825,117.3986,69.55458515283844,100.0,95.04739336492891
2026-06-27 19:00:00,2.48,1701.5,49.0,57.06,4.55,2.2363,1.024,1.241,2.48,0.2195,0.354,0.1227,0.543859649122807,0.07211284161034381,2.9561896082626364,121.52,81.41315789473684,100.0,93.03317535545024
2026-06-27 20:00:00,0.193,143.1,59.0,4.93,0.24,0.064,0.141,0.193,0.117,0.0057,0.008,0.0067,0.468,0.04682040531097135,0.266118394704312,11.387,100.0,100.0,81.18483412322274
2026-06-27 23:00:00,2.73,1701.4,41.6,57.06,4.6,2.6367,1.062,1.959,2.73,0.198,0.4099,0.1383,0.5921908893709328,0.0812859997648995,3.5239785754172797,113.568,55.77641921397381,100.0,100.0
2026-06-28 00:00:00,1.82,1701.3,52.4,57.09,5.03,2.7188,0.944,1.72,1.82,0.2235,0.4119,0.1257,0.3611111111111111,0.07388467642391112,2.6761793661860556,95.368,50.040174672489094,100.0,89.00473933649289
2026-06-28 01:00:00,1.729,1712.9,46.9,57.12,0.35,2.5273,1.323,1.729,1.479,0.2268,0.4077,0.1294,4.108333333333333,0.07554439838869752,2.6319595361631225,81.0901,63.42008733624455,100.0,95.521327014218
2026-06-28 05:00:00,1.935,1700.2,45.6,57.09,5.53,2.6699,0.82,1.935,1.581,0.2223,0.3997,0.1305,0.28537906137184116,0.07675567580284672,2.62986425505196,88.236,53.45676855895196,100.0,97.06161137440758
2026-06-28 06:00:00,2.617,1699.4,43.8,57.09,5.87,2.4082,1.494,2.289,2.617,0.2109,0.3669,0.1393,0.44506802721088434,0.08197010709662234,3.784210089305297,114.62459999999999,71.74148471615722,100.0,99.19431279620854
2026-06-28 07:00:00,1.874,1701.7,51.9,57.09,4.86,2.5859,1.228,1.874,1.497,0.2612,0.3982,0.1492,0.30739219712525667,0.08767702885349944,2.6945999703109926,97.2606,59.32576419213973,100.0,89.59715639810426
2026-06-28 11:00:00,4.043,1691.6,45.9,57.06,8.88,2.4746,1.479,1.945,4.043,0.2153,0.3882,0.1335,0.4547806524184477,0.07891936628044456,4.724014712085474,185.5737,67.10218340611354,100.0,96.70616113744076
2026-06-28 12:00:00,2.205,1701.7,50.1,57.09,4.87,2.2988,1.436,1.571,2.205,0.2316,0.3523,0.1326,0.451844262295082,0.07792207792207792,3.0646634399228896,110.4705,79.38515283842796,100.0,91.7298578199052
2026-06-28 18:00:00,1.583,1700.4,44.1,56.97,3.82,2.5605,1.323,1.583,1.188,0.1963,0.4019,0.1254,0.3101827676240209,0.07374735356386733,2.3806641930352126,69.8103,61.10043668122269,100.0,98.8388625592417
2026-06-29 00:00:00,2.648,1700.4,44.3,57.03,4.62,2.4141,1.487,1.821,2.648,0.2218,0.4048,0.126,0.5719222462203024,0.0741002117148906,3.5410611403928063,117.3064,71.3292576419214,100.0,98.60189573459715
2026-06-29 01:00:00,2.254,1700.8,44.3,57.03,4.44,2.3066,0.98,2.254,1.78,0.2104,0.3792,0.1209,0.39999999999999997,0.07108419567262465,3.034685486174803,99.8522,78.84017467248908,100.0,98.60189573459715
2026-06-29 02:00:00,2.604,1699.7,44.4,57.03,4.92,2.3906,1.517,1.567,2.604,0.2354,0.3711,0.1293,0.5281947261663287,0.07607224804377243,3.3967034018294857,115.6176,72.9711790393013,100.0,98.48341232227489
2026-06-29 03:00:00,2.027,1700.9,44.2,57.06,4.83,2.3828,1.356,1.992,2.027,0.2397,0.4094,0.1272,0.41880165289256205,0.07478393791522135,3.1488932976523674,89.59340000000002,73.51615720524018,100.0,98.72037914691943
2026-06-29 09:00:00,2.416,1700.3,43.8,57.19,6.68,2.5781,1.254,2.162,2.416,0.2186,0.3977,0.141,0.361136023916293,0.08292654237487501,3.4761783613617987,105.82079999999999,59.8707423580786,100.0,99.19431279620854
2026-06-29 11:00:00,1.728,1701.5,48.8,57.25,7.0,2.5332,1.479,1.728,1.431,0.262,0.3816,0.1416,0.20413694721825965,0.08322068762856304,2.687226451194614,84.32639999999999,63.00786026200875,100.0,93.2701421800948
2026-06-29 13:00:00,2.074,1699.5,48.6,57.22,7.47,2.5508,0.991,2.074,1.633,0.2491,0.407,0.1376,0.21831550802139038,0.08096498970285378,2.8196180592413573,100.79639999999999,61.77816593886462,100.0,93.50710900473933
2026-06-29 17:00:00,2.701,1701.3,49.1,57.25,7.07,2.5645,1.396,1.881,2.701,0.2825,0.3855,0.1592,0.38149717514124293,0.09357550108740376,3.5752451664186613,132.6191,60.82096069868997,100.0,92.91469194312796
2026-06-29 18:00:00,2.549,1520.4,55.6,50.88,2.87,2.6152,1.539,2.248,2.549,0.2316,0.4099,0.1349,0.8850694444444445,0.088726650881347,3.730874696368132,141.7244,57.27860262008733,100.0,85.2132701421801
2026-06-29 19:00:00,1.886,1700.1,46.8,57.19,6.8,2.4297,1.399,1.886,1.13,0.2512,0.3838,0.1375,0.1659324522760646,0.08087759543556262,2.6059733306386694,88.2648,70.23930131004367,100.0,95.63981042654028
2026-06-29 20:00:00,1.818,1700.4,47.0,57.22,7.08,2.2637,1.454,1.497,1.818,0.2378,0.3799,0.1462,0.25641748942172077,0.085979769466008,2.767715483932552,85.446,80.6921052631579,100.0,95.40284360189574
2026-06-29 23:00:00,1.856,1700.1,45.2,57.22,7.21,2.541,1.201,1.856,1.217,0.2515,0.4177,0.1471,0.16855955678670362,0.08652432209870009,2.523534426157091,83.89120000000001,62.462882096069876,100.0,97.53554502369667
2026-06-30 00:00:00,2.604,1700.2,48.2,57.22,7.15,2.6074,1.327,1.967,2.604,0.2842,0.396,0.1539,0.36368715083798886,0.09051876249852958,3.52290136109429,125.51280000000001,57.8235807860262,100.0,93.98104265402843
2026-06-30 01:00:00,2.199,1700.4,47.5,57.25,7.48,2.5215,1.445,1.519,2.199,0.2659,0.3967,0.1433,0.29359145527369823,0.08427428840272877,3.0382539393539836,104.45249999999999,63.82532751091703,100.0,94.81042654028435
2026-06-30 02:00:00,1.737,1700.0,47.2,57.25,7.63,2.5938,1.008,1.737,1.585,0.2827,0.3994,0.1532,0.2074607329842932,0.09011764705882354,2.558409271402838,81.9864,58.77379912663756,100.0,95.16587677725119
2026-06-30 04:00:00,1.677,1699.8,45.3,57.22,7.31,2.5332,1.618,1.677,1.551,0.2891,0.4202,0.1642,0.21188524590163935,0.09659959995293564,2.799259544951129,75.96809999999999,63.00786026200875,100.0,97.41706161137441
2026-06-30 05:00:00,2.791,1700.4,46.8,57.25,7.48,2.4316,1.33,1.793,2.791,0.2686,0.3853,0.1377,0.372630173564753,0.08098094565984473,3.57399356462767,130.6188,70.10655021834062,100.0,95.63981042654028
2026-06-30 08:00:00,3.158,1700.1,46.2,57.19,6.8,2.6152,1.646,1.339,3.158,0.2466,0.4106,0.1438,0.4637298091042585,0.08458325980824659,3.8046288912323627,145.8996,57.27860262008733,100.0,96.35071090047393
2026-06-30 10:00:00,0.244,1440.9,58.3,50.03,30.0,0.0918,0.12,0.244,0.08,0.0062,0.0137,0.0069,0.0026657780739753416,0.004788673745575681,0.28343605980890996,14.2252,100.0,100.0,82.01421800947867
2026-06-30 11:00:00,0.254,1476.8,54.4,50.03,12.08,0.0962,0.112,0.254,0.065,0.006,0.0143,0.0074,0.005376344086021506,0.00501083423618635,0.2851052437258915,13.8176,100.0,100.0,86.63507109004739
2026-06-30 13:00:00,1.739,945.0,46.7,31.78,2.67,1.4453,0.614,1.214,1.739,0.1511,0.2328,0.0939,0.6488805970149255,0.09936507936507936,2.2079205148736674,81.21130000000001,100.0,100.0,95.75829383886256
2026-06-30 15:00:00,1.693,945.1,47.8,31.8,2.8,1.4688,0.545,1.693,1.005,0.1526,0.2402,0.0928,0.35765124555160144,0.09819066765421647,2.0428653895937443,80.9254,100.0,100.0,94.45497630331754
2026-06-30 17:00:00,1.782,940.1,50.5,31.8,4.4,1.3252,0.596,0.833,1.782,0.1409,0.2233,0.0866,0.40408163265306124,0.0921178598021487,2.055390230588829,89.991,100.0,100.0,91.25592417061611
2026-06-30 18:00:00,1.266,944.9,50.0,31.8,2.86,1.5498,0.625,1.266,0.534,0.1434,0.2382,0.0853,0.18606271777003489,0.09027410307969097,1.5094823616061235,63.3,99.47894736842105,100.0,91.84834123222748
2026-06-30 19:00:00,1.365,944.9,49.0,31.78,2.7,1.4336,0.414,1.365,0.557,0.1484,0.2416,0.0873,0.20553505535055352,0.09239072917769077,1.531296836018412,66.885,100.0,100.0,93.03317535545024
2026-06-30 21:00:00,1.228,945.1,47.0,31.8,2.81,1.5049,0.585,1.228,0.806,0.1456,0.2336,0.0918,0.28581560283687946,0.09713257856311501,1.5810898140206964,57.716,100.0,100.0,95.40284360189574
2026-06-30 23:00:01,1.109,945.0,44.8,31.8,2.84,1.3682,0.68,0.654,1.109,0.1589,0.2338,0.0934,0.3891228070175439,0.09883597883597883,1.4560209476515096,49.6832,100.0,100.0,98.00947867298578
2026-07-01 00:00:01,1.49,945.0,45.3,31.78,2.69,1.4375,0.502,1.49,0.536,0.1572,0.2372,0.0914,0.19851851851851854,0.09671957671957672,1.6611441839888554,67.497,100.0,100.0,97.41706161137441
2026-07-01 01:00:01,0.68,945.1,49.1,31.77,2.51,1.3193,0.486,0.623,0.68,0.152,0.2296,0.0908,0.2698412698412699,0.09607448947201354,1.0424610304467021,33.388000000000005,100.0,100.0,92.91469194312796
2026-07-01 02:00:01,1.318,945.0,45.5,31.78,2.69,1.4258,0.641,1.318,0.663,0.156,0.2404,0.0929,0.24555555555555558,0.09830687830687831,1.6085937958353562,59.969,100.0,100.0,97.18009478672985
2026-07-01 03:00:01,0.763,933.0,45.4,31.78,6.5,1.3643,0.661,0.763,0.634,0.155,0.2388,0.0931,0.09738863287250385,0.0997856377277599,1.1920763398373444,34.6402,100.0,100.0,97.29857819905213
2026-07-01 04:00:01,1.128,944.9,46.2,31.77,2.55,1.4648,0.5,0.812,1.128,0.1532,0.2343,0.0893,0.44062500000000004,0.09450735527569055,1.477067364746781,52.1136,100.0,100.0,96.35071090047393
2026-07-01 05:00:01,0.967,931.2,45.7,31.78,7.07,1.4248,0.513,0.887,0.967,0.1539,0.2369,0.0896,0.1365819209039548,0.09621993127147765,1.4089098622694072,44.191900000000004,100.0,100.0,96.9431279620853
2026-07-01 06:00:01,1.442,932.9,45.4,31.78,6.52,1.4619,0.59,1.418,1.442,0.1556,0.2396,0.0922,0.2208269525267994,0.09883160038589346,2.106700738121103,65.46679999999999,100.0,100.0,97.29857819905213
2026-07-01 07:00:01,1.26,944.4,46.8,31.77,2.71,1.4219,0.58,1.26,0.679,0.15,0.2321,0.0891,0.2496323529411765,0.09434561626429479,1.544357795331121,58.967999999999996,100.0,100.0,95.63981042654028
2026-07-01 11:00:01,1.414,945.0,44.3,31.78,2.68,1.4053,0.508,1.414,0.562,0.1604,0.2332,0.0912,0.2089219330855019,0.09650793650793651,1.6041521124880893,62.64019999999999,100.0,100.0,98.60189573459715
2026-07-01 19:00:01,0.299,1495.0,54.1,50.0,2.47,0.167,0.161,0.299,0.254,0.0079,0.0249,0.011,0.10241935483870968,0.007357859531772574,0.4240731069049298,16.1759,100.0,100.0,86.99052132701422
2026-07-01 20:00:01,2.07,1701.4,46.9,57.16,5.82,2.5293,1.022,2.07,1.599,0.2407,0.4214,0.1396,0.27427101200686105,0.08205007640766428,2.808235210946547,97.08299999999998,63.28034934497816,100.0,95.521327014218
2026-07-01 22:00:01,2.674,1701.6,47.4,57.19,6.12,2.5293,0.887,2.674,2.123,0.2478,0.3877,0.1307,0.34632952691680263,0.07681006111894688,3.5276300826475557,126.74759999999999,63.28034934497816,100.0,94.92890995260663
2026-07-01 23:00:01,2.738,1701.4,48.0,57.19,6.22,2.4219,1.62,1.786,2.738,0.2578,0.3887,0.1406,0.43948635634028893,0.08263782767132949,3.6484023900880236,131.424,70.78427947598254,100.0,94.21800947867298
2026-07-02 00:00:01,2.109,1701.3,47.8,57.16,5.85,2.5762,1.126,2.047,2.109,0.2795,0.3879,0.1553,0.35989761092150174,0.09128313642508669,3.14737446135664,100.8102,60.00349344978166,100.0,94.45497630331754
2026-07-02 01:00:01,0.625,1494.9,49.0,49.97,2.07,0.1304,0.2,0.625,0.156,0.0063,0.0229,0.0086,0.07500000000000001,0.005752893170111712,0.6745079688187531,30.625,100.0,100.0,93.03317535545024
2026-07-02 02:00:01,1.903,1700.2,47.2,57.19,6.75,2.4766,1.262,1.812,1.903,0.2805,0.377,0.1544,0.281508875739645,0.09081284554758264,2.9150295024236033,89.8216,66.96244541484717,100.0,95.16587677725119
2026-07-02 04:00:01,2.639,1701.1,46.7,57.19,6.35,2.3496,1.596,2.639,1.999,0.2812,0.3701,0.1542,0.314308176100629,0.09064722826406443,3.675260262892956,123.2413,75.83580786026201,100.0,95.75829383886256
2026-07-02 06:00:01,1.993,1701.0,47.4,57.19,6.4,2.4121,1.058,1.993,1.549,0.2739,0.3677,0.1505,0.24165366614664585,0.08847736625514403,2.736935147203894,94.4682,71.46899563318777,100.0,94.92890995260663
2026-07-02 08:00:01,0.256,1496.9,55.3,50.06,2.47,0.1611,0.213,0.256,0.095,0.0086,0.0197,0.0102,0.038306451612903226,0.006814082437036542,0.34630911047790813,14.156799999999999,100.0,100.0,85.56872037914692
2026-07-02 09:00:01,2.26,1701.6,46.3,57.16,5.71,2.5234,1.138,1.415,2.26,0.236,0.3828,0.1292,0.3951048951048951,0.0759285378467325,2.8991152098528263,104.63799999999998,63.69257641921397,100.0,96.23222748815166
2026-07-02 10:00:01,2.441,1701.2,48.6,57.16,5.88,2.5469,1.428,2.441,1.217,0.2448,0.3845,0.1387,0.20662139219015282,0.08153068422290147,3.078758516025575,118.6326,62.05065502183407,100.0,93.50710900473933
2026-07-02 11:00:01,2.115,1702.1,50.0,57.16,5.49,2.4961,1.513,2.115,1.876,0.2412,0.366,0.1409,0.34109090909090906,0.08278009517654662,3.206519920412159,105.75000000000001,65.6,100.0,91.84834123222748
2026-07-02 14:00:01,2.094,1701.1,46.1,57.16,5.96,2.4043,1.337,2.094,1.229,0.2164,0.3943,0.1439,0.20586264656616418,0.08459232261477868,2.771794725444148,96.5334,72.01397379912663,100.0,96.4691943127962
2026-07-02 15:00:01,2.973,1701.6,49.2,57.19,6.13,2.5527,1.403,2.766,2.973,0.2502,0.3911,0.1412,0.48420195439739416,0.08298072402444757,4.296265122172978,146.2716,61.64541484716156,100.0,92.79620853080569
2026-07-02 17:00:01,1.696,1701.6,49.0,57.16,5.71,2.6562,1.039,1.625,1.696,0.2397,0.3789,0.1373,0.2965034965034965,0.08068876351669017,2.568377308730164,83.104,54.41397379912664,100.0,93.03317535545024
2026-07-02 18:00:01,2.467,1700.1,50.2,57.16,6.39,2.4023,1.392,1.912,2.467,0.2632,0.3879,0.1476,0.38546875,0.0868184224457385,3.4175279077134104,123.84340000000002,72.15371179039302,100.0,91.61137440758293
2026-07-02 19:00:01,1.695,1699.7,49.4,57.16,6.55,2.6992,1.287,1.687,1.695,0.2551,0.4019,0.1403,0.25838414634146345,0.08254397834912044,2.715761955694939,83.733,51.40960698689958,100.0,92.55924170616113
2026-07-02 21:00:00,2.754,1700.0,49.5,57.16,6.43,2.4199,1.854,1.418,2.754,0.2615,0.3755,0.1501,0.42763975155279504,0.08829411764705883,3.6100631573422644,136.323,70.9240174672489,100.0,92.44075829383885
2026-07-02 23:00:00,2.51,1700.9,47.6,57.16,6.03,2.6133,1.816,2.191,2.51,0.2444,0.3777,0.1442,0.4155629139072847,0.08477864659885942,3.794527243280775,119.476,57.41135371179038,100.0,94.69194312796208
2026-07-03 00:00:00,1.64,1701.1,47.8,57.16,5.96,2.3047,1.29,1.64,1.472,0.2512,0.374,0.136,0.24656616415410385,0.07994826876726825,2.5535238397164024,78.392,78.97292576419214,100.0,94.45497630331754
2026-07-03 01:00:00,2.9,1700.9,49.9,57.16,6.01,2.291,1.336,1.554,2.9,0.245,0.3679,0.1294,0.4817275747508306,0.07607737080369215,3.5510297098165764,144.70999999999998,79.93013100436681,100.0,91.96682464454976
2026-07-03 02:00:00,3.305,1699.7,47.5,57.19,6.98,2.6152,1.652,1.498,3.305,0.2603,0.3875,0.1381,0.4728183118741059,0.08124963228805084,3.9869954853247576,156.9875,57.27860262008733,100.0,94.81042654028435
2026-07-03 03:00:00,2.537,1701.7,48.1,57.16,5.69,2.4551,1.688,2.023,2.537,0.2556,0.3745,0.141,0.4450877192982456,0.08285831815243579,3.6576279198409454,122.0297,68.46462882096071,100.0,94.0995260663507
2026-07-03 04:00:00,2.4,1701.0,47.8,57.16,6.0,2.5723,1.736,1.881,2.4,0.2515,0.3872,0.1381,0.39933444259567386,0.0811875367430923,3.50882558700201,114.71999999999998,60.27598253275111,100.0,94.45497630331754
2026-07-03 06:00:00,1.978,1701.2,47.8,57.19,6.3,2.5547,1.372,1.385,1.978,0.2578,0.3872,0.1371,0.31347068145800316,0.08059017164354573,2.7772455779062826,94.54839999999999,61.5056768558952,100.0,94.45497630331754
2026-07-03 08:00:00,2.049,1701.7,49.0,57.19,6.11,2.291,1.403,2.049,1.717,0.2498,0.3638,0.1354,0.28055555555555556,0.0795674913321972,3.0190891010369336,100.401,79.93013100436681,100.0,93.03317535545024
2026-07-03 09:00:00,2.719,1701.3,51.2,57.16,5.85,2.5137,1.023,2.719,1.05,0.2476,0.3845,0.1344,0.17918088737201368,0.0789984129783107,3.0890111686428066,139.2128,64.37030567685589,100.0,90.42654028436019
2026-07-03 10:00:00,2.592,1701.3,50.8,57.19,6.25,2.4023,1.479,1.554,2.592,0.251,0.3674,0.1403,0.41405750798722046,0.0824663492623288,3.3646427745007346,131.6736,72.15371179039302,100.0,90.9004739336493
2026-07-03 11:00:00,2.721,1701.5,52.6,57.19,6.19,2.4258,1.394,2.182,2.721,0.2491,0.3623,0.1359,0.43887096774193546,0.07987070232148104,3.7560885239834274,143.12460000000002,70.51179039301309,100.0,88.76777251184834
2026-07-03 12:00:00,2.07,1701.5,51.9,57.16,5.79,2.3477,0.883,2.07,1.267,0.252,0.355,0.1359,0.21844827586206897,0.07987070232148104,2.58261069462666,107.43299999999999,75.96855895196506,100.0,89.59715639810426
2026-07-03 13:00:00,1.837,1701.8,52.2,57.19,6.06,2.3906,1.623,1.706,1.837,0.2532,0.3567,0.1471,0.3026359143327842,0.08643788929368904,2.9864919219713286,95.8914,72.9711790393013,100.0,89.24170616113743
2026-07-04 01:00:00,1.315,1322.6,40.7,44.31,3.01,2.6211,1.085,1.315,0.711,0.1602,0.3765,0.1714,0.23543046357615896,0.1295932254649932,1.8471521323377778,53.5205,56.86637554585152,100.0,100.0
2026-07-04 05:00:00,0.345,591.2,43.1,19.86,0.91,0.2583,0.325,0.345,0.082,0.0215,0.0516,0.0136,0.0891304347826087,0.023004059539918804,0.4810135133236903,14.869499999999999,100.0,100.0,100.0
2026-07-04 09:00:00,0.977,1070.6,44.8,35.94,2.7,1.6572,0.736,0.977,0.557,0.147,0.2695,0.1044,0.20553505535055352,0.09751541191855036,1.3440513383052002,43.7696,96.65263157894736,100.0,98.00947867298578
2026-07-04 10:00:00,0.817,1052.0,46.8,35.97,9.73,1.6924,0.607,0.817,0.555,0.1539,0.2617,0.092,0.05698151950718686,0.08745247148288973,1.1592941818192655,38.2356,95.72631578947369,100.0,95.63981042654028
2026-07-04 12:00:00,0.937,1071.1,49.8,35.97,2.86,1.6973,0.564,0.937,0.917,0.1616,0.2489,0.0947,0.3195121951219513,0.08841378022593596,1.42721897408912,46.6626,95.59736842105264,100.0,92.08530805687204
2026-07-04 13:00:00,1.086,1062.0,50.5,35.94,5.78,1.9023,0.834,1.086,0.475,0.1614,0.3,0.1115,0.08203799654576856,0.10499058380414313,1.4493367448595236,54.843,90.20263157894736,100.0,91.25592417061611
2026-07-04 16:00:00,0.925,1025.1,50.6,35.16,10.42,1.3721,0.453,0.908,0.925,0.1354,0.2122,0.0776,0.08868648130393098,0.07569993171397914,1.3730615426848136,46.80500000000001,100.0,100.0,91.13744075829383
2026-07-04 17:00:00,0.886,1060.7,49.5,35.94,6.28,1.6826,0.638,0.886,0.542,0.1483,0.261,0.0958,0.08616852146263912,0.09031771471669651,1.2189356012521746,43.857,95.98421052631579,100.0,92.44075829383885
2026-07-04 19:00:00,1.24,1058.2,49.8,35.97,7.49,1.6094,0.921,0.946,1.24,0.1573,0.259,0.0989,0.16533333333333333,0.09346059346059346,1.8112860072335346,61.751999999999995,97.91052631578948,100.0,92.08530805687204
2026-07-05 03:00:00,0.822,689.8,38.7,23.2,1.47,1.4551,0.493,0.822,0.344,0.1172,0.1868,0.0729,0.23243243243243242,0.10568280661061179,1.0183658478169817,31.8114,100.0,100.0,100.0
2026-07-05 04:00:00,1.347,682.5,42.1,23.22,3.28,0.9639,0.416,1.184,1.347,0.109,0.171,0.0604,0.40942249240121587,0.08849816849816851,1.841010863629001,56.7087,100.0,100.0,100.0
2026-07-05 11:00:00,0.678,502.3,44.1,16.97,1.15,1.0752,0.495,0.678,0.47,0.0757,0.1586,0.0611,0.4051724137931035,0.12164045391200479,0.9620857550135539,29.899800000000003,100.0,100.0,98.8388625592417
2026-07-05 12:00:00,1.054,504.3,46.4,16.94,0.65,0.9414,0.442,1.028,1.054,0.0785,0.1538,0.0563,1.596969696969697,0.11163989688677375,1.5372260731590524,48.9056,100.0,100.0,96.11374407582939
2026-07-05 13:00:00,0.725,504.0,48.6,16.97,0.87,1.0225,0.455,0.725,0.527,0.0804,0.157,0.0625,0.5988636363636364,0.12400793650793651,1.005176103973826,35.235,100.0,100.0,93.50710900473933
2026-07-05 14:00:00,1.128,503.1,48.8,16.97,1.01,1.0693,0.582,1.003,1.128,0.0923,0.1516,0.0606,1.1058823529411763,0.12045319022063208,1.6177505988254184,55.04639999999999,100.0,100.0,93.2701421800948
2026-07-05 15:00:00,0.394,141.3,53.6,4.89,0.26,0.0874,0.159,0.394,0.389,0.0096,0.0135,0.007,1.4407407407407407,0.04953998584571833,0.5760538169303282,21.1184,100.0,100.0,87.58293838862559
2026-07-05 17:00:00,0.784,1002.4,45.0,33.78,3.74,1.2295,0.421,0.597,0.784,0.1521,0.2065,0.0685,0.20906666666666668,0.06833599361532323,1.0715904068252944,35.28,100.0,100.0,97.77251184834122
2026-07-05 19:00:00,2.656,1700.1,41.5,57.03,4.75,2.7539,1.286,1.607,2.656,0.1989,0.4351,0.1515,0.5579831932773109,0.08911240515263807,3.3601459789717474,110.224,47.58777292576421,100.0,100.0
2026-07-05 20:00:00,3.486,1201.9,52.6,40.62,6.83,2.6836,2.938,3.486,0.92,0.2262,0.3967,0.1587,0.1345029239766082,0.13204093518595555,4.650853685077611,183.36360000000002,52.49956331877728,100.0,88.76777251184834
2026-07-05 21:00:00,2.414,1701.7,45.4,57.06,4.48,2.6035,1.535,2.256,2.414,0.24,0.4202,0.1375,0.5376391982182628,0.08080155138978669,3.6432344146376305,109.5956,58.09606986899564,100.0,97.29857819905213
2026-07-05 22:00:00,2.139,1701.8,53.8,57.03,4.02,2.6426,1.415,1.644,2.139,0.2321,0.4119,0.1296,0.5307692307692308,0.07615465977200611,3.0463555275115213,115.07819999999998,55.36419213973801,100.0,87.34597156398104
2026-07-06 03:00:00,1.474,1007.9,41.9,33.78,1.88,1.7256,1.474,0.898,0.976,0.1562,0.261,0.1122,0.5164021164021164,0.1113205675166187,1.982840386919734,61.7606,94.85263157894737,100.0,100.0
2026-07-06 04:00:00,2.094,1700.9,43.7,57.12,5.64,2.5078,1.469,2.094,0.929,0.2451,0.4258,0.1437,0.16442477876106196,0.08448468457875241,2.7213669359349537,91.5078,64.78253275109171,100.0,99.3127962085308
2026-07-06 05:00:00,2.477,1701.5,44.8,57.12,5.37,2.5625,1.139,1.529,2.477,0.2573,0.4338,0.1354,0.46040892193308547,0.07957684396121069,3.125810454906055,110.96959999999999,60.96069868995633,100.0,98.00947867298578
2026-07-06 11:00:00,2.16,1701.5,45.2,57.09,4.97,2.6895,1.355,1.743,2.16,0.2258,0.4194,0.1305,0.4337349397590362,0.07669703203056127,3.088636268646731,97.63200000000002,52.087336244541504,100.0,97.53554502369667
2026-07-06 12:00:00,1.409,1701.0,47.6,57.09,5.19,2.2441,1.361,1.409,1.216,0.2147,0.375,0.1321,0.23384615384615384,0.07766019988242209,2.3057011948645902,67.0684,81.2078947368421,100.0,94.69194312796208
2026-07-06 13:00:00,1.824,1701.4,50.2,57.12,5.4,2.5371,1.064,1.824,1.75,0.2664,0.3926,0.1548,0.3234750462107209,0.09098389561537557,2.7425484498910864,91.5648,62.73537117903929,100.0,91.61137440758293
2026-07-06 14:00:00,1.953,1701.4,50.6,57.12,5.39,2.5898,1.358,1.953,1.107,0.26,0.4065,0.1488,0.20500000000000002,0.08745738803338426,2.623703870485387,98.82180000000001,59.053275109170315,100.0,91.13744075829383
2026-07-06 16:00:00,1.844,1698.9,50.2,57.09,6.08,2.3926,0.981,1.844,1.36,0.2432,0.4019,0.1317,0.22331691297208542,0.07752074871975985,2.4924479934393817,92.56880000000001,72.83144104803495,100.0,91.61137440758293
2026-07-06 19:00:00,1.609,1701.5,46.4,57.06,4.54,2.4434,1.142,1.609,1.087,0.252,0.3953,0.1355,0.2389010989010989,0.07963561563326477,2.252690391509672,74.6576,69.282096069869,100.0,96.11374407582939
2026-07-06 20:00:00,1.796,1701.1,47.2,57.06,4.73,2.4551,1.371,1.796,1.176,0.2742,0.4189,0.1501,0.24810126582278477,0.08823702310269826,2.547201012876683,84.77120000000001,68.46462882096071,100.0,95.16587677725119
2026-07-06 21:00:00,2.514,1701.6,47.8,57.06,4.52,2.543,1.317,1.479,2.514,0.2808,0.3926,0.1484,0.5549668874172186,0.08721203573107664,3.2003321702598306,120.16919999999999,62.32314410480349,100.0,94.45497630331754
2026-07-07 00:00:00,2.209,1701.2,46.4,57.06,4.69,2.877,0.964,2.209,0.956,0.2766,0.4314,0.1478,0.2034042553191489,0.08687984951798729,2.592858075560635,102.4976,38.986899563318794,100.0,96.11374407582939
2026-07-07 01:00:00,2.049,1700.9,45.7,57.06,4.81,2.5312,0.863,1.396,2.049,0.2207,0.3748,0.1227,0.42510373443983407,0.07213827973425833,2.625259225295666,93.6393,63.147598253275106,100.0,96.9431279620853
2026-07-07 03:00:00,1.029,592.8,50.3,19.92,0.97,1.7861,0.67,1.029,0.595,0.155,0.2773,0.1072,0.6071428571428571,0.18083670715249664,1.364465463102676,51.75869999999999,93.26052631578948,100.0,91.49289099526067
2026-07-07 04:00:00,3.146,1700.9,40.4,57.19,6.43,2.7715,1.285,3.146,2.236,0.2284,0.4458,0.1461,0.3472049689440994,0.08589570227526604,4.067952433350223,127.0984,46.35807860262008,100.0,100.0
2026-07-07 05:00:00,1.663,1700.7,44.6,57.19,6.51,2.7109,1.007,1.624,1.663,0.2629,0.4214,0.1429,0.25506134969325156,0.08402422531898629,2.5331786356275785,74.16980000000001,50.59213973799126,100.0,98.24644549763033
2026-07-07 09:00:00,1.653,1701.8,49.6,57.22,6.47,2.4512,1.227,1.653,1.583,0.2544,0.3987,0.1401,0.24429012345679013,0.08232459748501587,2.596887945214425,81.9888,68.73711790393013,100.0,92.32227488151659
2026-07-07 12:00:00,1.838,1701.7,45.2,57.19,6.09,2.6152,1.301,1.454,1.838,0.2343,0.415,0.1464,0.3013114754098361,0.08603161544338016,2.6804777559233726,83.0776,57.27860262008733,100.0,97.53554502369667
2026-07-07 13:00:00,0.938,602.0,48.9,20.22,0.92,2.3203,0.72,0.938,0.603,0.1991,0.397,0.1641,0.6483870967741935,0.27259136212624585,1.327348108071127,45.868199999999995,77.88296943231441,100.0,93.15165876777252
2026-07-07 14:00:00,2.029,1700.3,50.7,57.22,7.11,2.4082,0.951,1.691,2.029,0.2556,0.377,0.1414,0.28497191011235956,0.08316179497735694,2.8072625456127183,102.8703,71.74148471615722,100.0,91.01895734597156
2026-07-07 15:00:00,1.725,1701.5,51.5,57.25,7.0,2.4707,1.464,1.725,1.154,0.2642,0.3821,0.1467,0.16462196861626247,0.0862180429033206,2.539810425996397,88.8375,67.37467248908298,100.0,90.07109004739337
2026-07-07 17:00:00,1.785,1701.9,51.2,57.22,6.41,2.3926,1.082,1.785,1.614,0.2676,0.3804,0.1415,0.2514018691588785,0.08314237029202654,2.638549791078425,91.392,72.83144104803495,100.0,90.42654028436019
2026-07-07 20:00:00,1.893,1701.6,49.1,57.25,6.92,2.2793,1.259,1.893,1.678,0.2649,0.3674,0.1384,0.24213564213564215,0.08133521391631406,2.825635149837997,92.94630000000001,80.28157894736842,100.0,92.91469194312796
2026-07-07 21:00:00,2.383,1701.3,48.7,57.22,6.69,2.4082,1.306,1.331,2.383,0.2732,0.4019,0.1396,0.35567164179104477,0.08205489919473344,3.025869461824155,116.05210000000001,71.74148471615722,100.0,93.38862559241706
2026-07-07 22:00:00,1.858,1699.8,46.6,57.22,7.34,2.4434,1.858,1.736,1.159,0.2349,0.3933,0.1497,0.157687074829932,0.08806918460995411,2.7944840310869554,86.5828,69.282096069869,100.0,95.87677725118483
2026-07-07 23:00:00,1.892,1700.3,47.2,57.22,7.12,2.5605,1.737,1.589,1.892,0.2654,0.4048,0.1475,0.26535764375876575,0.08674939716520615,3.020224163865987,89.3024,61.10043668122269,100.0,95.16587677725119
2026-07-08 03:00:00,1.818,1701.4,43.9,57.22,6.63,2.625,1.397,1.719,1.818,0.2507,0.4009,0.1427,0.2737951807228916,0.08387210532502644,2.865605346170334,79.8102,56.5938864628821,100.0,99.07582938388626
2026-07-08 04:00:00,1.715,1701.5,45.3,57.22,6.6,2.5293,1.164,1.715,1.416,0.2654,0.4094,0.1376,0.21422087745839638,0.08086982074640023,2.5102145326644894,77.6895,63.28034934497816,100.0,97.41706161137441
2026-07-08 06:00:00,2.17,1701.3,47.7,57.22,6.69,2.5703,0.952,1.475,2.17,0.2642,0.395,0.1348,0.32388059701492533,0.07923352730265092,2.7912056534766476,103.509,60.41572052401747,100.0,94.5734597156398
2026-07-08 07:00:00,2.244,1699.9,47.4,57.22,7.27,2.6152,1.44,1.356,2.244,0.27,0.4009,0.1412,0.3082417582417583,0.08306370962997822,2.9912993832112496,106.3656,57.27860262008733,100.0,94.92890995260663
2026-07-08 09:00:00,2.135,1701.1,49.0,57.25,7.18,2.4082,1.142,1.752,2.135,0.2654,0.377,0.1395,0.29694019471488176,0.0820057609781906,2.988627276861402,104.615,71.74148471615722,100.0,93.03317535545024
2026-07-08 10:00:00,2.992,1702.1,49.0,57.25,6.74,2.6055,1.356,2.807,2.992,0.2695,0.4048,0.144,0.44325925925925924,0.08460137477234005,4.32088521023181,146.608,57.95633187772925,100.0,93.03317535545024
2026-07-08 11:00:00,3.111,1701.1,50.2,57.25,7.14,2.6855,1.411,3.111,2.799,0.272,0.4202,0.1426,0.3914685314685315,0.08382811122215038,4.416292902423932,156.17220000000003,52.36681222707422,100.0,91.61137440758293
2026-07-08 12:00:00,3.279,1701.3,55.7,57.25,7.06,2.5723,1.142,3.279,2.307,0.26,0.3933,0.1366,0.32630834512022633,0.08029154176218185,4.168723305761609,182.6403,60.27598253275111,100.0,85.09478672985782
2026-07-08 13:00:00,1.729,1701.3,51.6,57.25,7.08,2.4512,1.052,1.729,1.646,0.261,0.3723,0.1451,0.2321579689703808,0.08528772115441133,2.6087278508882448,89.21640000000001,68.73711790393013,100.0,89.95260663507109
2026-07-08 14:00:00,1.89,1701.4,52.1,57.25,7.04,2.5391,1.342,1.749,1.89,0.2742,0.3909,0.1516,0.2680851063829787,0.08910309157164689,2.903801818306477,98.469,62.59563318777293,100.0,89.3601895734597
2026-07-08 16:00:00,2.172,1701.5,52.0,57.25,6.98,2.3965,0.933,2.172,0.881,0.2517,0.3684,0.1409,0.12603719599427754,0.08280928592418454,2.5227433480241306,112.944,72.5589519650655,100.0,89.47867298578198
2026-07-08 19:00:00,2.139,1700.6,47.0,57.22,6.99,2.7285,1.425,2.139,1.962,0.2435,0.4021,0.1458,0.2802857142857143,0.08573444666588265,3.233479549958527,100.53299999999999,49.36244541484717,100.0,95.40284360189574
2026-07-08 20:00:00,1.76,1701.4,48.2,57.22,6.61,2.6719,1.583,1.349,1.76,0.2668,0.4048,0.1418,0.26586102719033233,0.08334312918772775,2.724571525946786,84.83200000000001,53.3170305676856,100.0,93.98104265402843
2026-07-08 21:00:00,0.843,600.2,48.0,20.58,3.54,2.0625,0.609,0.843,0.548,0.314,0.3054,0.1237,0.1543661971830986,0.2060979673442186,1.175514355505708,40.464,85.98684210526316,100.0,94.21800947867298
2026-07-08 22:00:00,1.003,598.5,49.2,20.12,1.05,1.8086,0.627,1.003,0.525,0.3081,0.293,0.1226,0.49528301886792453,0.2048454469507101,1.2941263462274462,49.3476,92.66842105263157,100.0,92.79620853080569
2026-07-09 00:00:00,2.303,1701.8,43.5,57.22,6.44,2.7129,1.126,2.303,2.062,0.2429,0.429,0.1462,0.3196899224806201,0.08590903748971677,3.2899132207400243,100.1805,50.4524017467249,100.0,99.54976303317535
2026-07-09 02:00:00,1.838,1701.6,46.4,57.22,6.53,2.6035,1.838,1.695,1.577,0.2703,0.384,0.1494,0.241131498470948,0.0877997179125529,2.9560443163119188,85.28320000000001,58.09606986899564,100.0,96.11374407582939
2026-07-09 04:00:00,2.426,1699.9,43.4,57.22,7.26,2.6133,1.484,1.615,2.426,0.2274,0.4102,0.1501,0.3337001375515819,0.08829931172421907,3.270467397788885,105.28840000000001,57.41135371179038,100.0,99.66824644549763
2026-07-09 05:00:00,2.393,593.9,44.7,19.94,0.85,2.7051,1.16,2.393,0.702,0.2356,0.3865,0.1542,0.8162790697674418,0.25963966997811083,2.7504277849091037,106.9671,50.997379912663774,100.0,98.12796208530806
2026-07-09 06:00:00,1.632,1701.2,49.7,57.19,6.3,2.7754,1.632,1.578,1.035,0.2296,0.4055,0.1481,0.16402535657686212,0.08705619562661651,2.4949414822796947,81.1104,46.08558951965067,100.0,92.2037914691943
2026-07-09 07:00:00,1.837,1701.2,42.2,57.22,6.71,2.7656,1.397,1.676,1.837,0.2214,0.4417,0.1549,0.27336309523809527,0.09105337408887844,2.8522191360412683,77.5214,46.7703056768559,100.0,100.0
2026-07-09 11:00:00,1.629,1699.9,46.2,57.25,7.68,2.666,1.206,1.451,1.629,0.2318,0.4126,0.153,0.21183355006501953,0.09000529442908405,2.492684897856125,75.2598,53.72925764192141,100.0,96.35071090047393
2026-07-09 12:00:00,2.533,1701.6,49.8,57.25,6.95,2.6328,1.216,2.039,2.533,0.2979,0.3909,0.1667,0.3639367816091954,0.09796661965209214,3.471637365854907,126.14339999999999,56.04890829694323,100.0,92.08530805687204
2026-07-09 15:00:00,2.76,1701.6,45.9,57.19,6.15,2.5273,1.833,1.534,2.76,0.2273,0.4177,0.1538,0.44805194805194803,0.09038551951104842,3.6511155829417397,126.68399999999998,63.42008733624455,100.0,96.70616113744076
2026-07-09 17:00:00,1.56,1700.2,51.5,57.22,7.14,2.7148,1.09,1.56,1.331,0.2456,0.3928,0.1456,0.18615384615384617,0.08563698388424891,2.3223395531231,80.34,50.319650655021846,100.0,90.07109004739337
2026-07-09 20:00:00,1.71,1700.8,47.8,57.22,6.9,2.3906,0.96,1.71,1.581,0.2651,0.3838,0.1451,0.22879884225759767,0.08531279397930387,2.518980150775309,81.738,72.9711790393013,100.0,94.45497630331754
2026-07-09 21:00:00,2.979,1701.3,48.8,57.22,6.68,2.4609,1.123,1.296,2.979,0.2788,0.4011,0.1445,0.44529147982062783,0.08493504966790101,3.4373225045084146,145.3752,68.0593886462882,100.0,93.2701421800948
2026-07-10 00:00:00,2.117,1700.8,45.8,57.22,6.88,2.6777,1.117,1.621,2.117,0.2374,0.4026,0.1399,0.3072568940493469,0.08225540921919097,2.8908509127936712,96.95859999999999,52.91179039301309,100.0,96.82464454976304
2026-07-10 03:00:00,1.939,1700.7,45.0,57.22,6.92,2.6387,0.913,1.939,1.73,0.2661,0.4146,0.1454,0.24963924963924966,0.0854942082671841,2.7543039048006306,87.255,55.63668122270742,100.0,97.77251184834122
2026-07-10 04:00:00,2.209,1699.8,43.5,57.22,7.33,2.5957,1.415,2.209,2.086,0.2457,0.4087,0.1478,0.2841961852861035,0.08695140604777032,3.3516118510352597,96.0915,58.64104803493451,100.0,99.54976303317535
2026-07-10 06:00:00,2.791,1701.6,41.1,57.22,6.54,2.7012,1.28,1.568,2.791,0.2205,0.4395,0.1477,0.4261068702290076,0.08680065820404326,3.4477101096234875,114.7101,51.26986899563319,100.0,100.0
2026-07-10 08:00:00,0.528,636.3,54.1,21.38,1.06,0.3901,0.528,0.407,0.255,0.0573,0.0621,0.0511,0.2383177570093458,0.08030803080308031,0.7137632660763651,28.5648,100.0,100.0,86.99052132701422
2026-07-10 09:00:00,2.09,1700.5,46.9,57.09,5.39,2.416,1.438,2.09,1.796,0.2284,0.3735,0.1313,0.3325925925925926,0.0772125845339606,3.108305004339181,98.02099999999999,71.19650655021834,100.0,95.521327014218
2026-07-10 10:00:00,1.468,1701.4,49.1,57.12,5.4,2.5039,1.228,1.405,1.468,0.2358,0.3818,0.1327,0.2713493530499076,0.07799459268837429,2.3742436690449447,72.0788,65.05502183406115,100.0,92.91469194312796
2026-07-10 11:00:00,0.37,1439.4,60.6,50.03,30.75,0.3589,0.129,0.37,0.107,0.0078,0.0137,0.0071,0.0034785435630689202,0.004932610810059747,0.40618961089619215,22.422,100.0,100.0,78.39999999999999
2026-07-10 19:00:00,1.618,1701.6,43.0,57.0,3.68,2.8828,1.003,1.535,1.618,0.1973,0.4102,0.1318,0.43848238482384827,0.07745651151857076,2.4454361574165047,69.574,38.581659388646294,100.0,100.0
2026-07-10 21:00:00,2.17,1701.2,45.2,57.0,3.87,2.6191,0.959,2.17,1.085,0.234,0.4329,0.1306,0.27963917525773196,0.076769339289913,2.608793974234071,98.084,57.00611353711791,100.0,97.53554502369667
2026-07-10 22:00:00,2.492,1699.6,45.2,57.0,4.55,2.625,1.373,2.492,1.801,0.2191,0.4133,0.1298,0.3949561403508772,0.07637091080254177,3.367312578303357,112.6384,56.5938864628821,100.0,97.53554502369667
2026-07-10 23:00:00,2.186,1699.9,45.4,57.0,4.45,2.4082,1.343,1.512,2.186,0.2502,0.3853,0.1383,0.49013452914798206,0.08135772692511324,2.9779840496550682,99.2444,71.74148471615722,100.0,97.29857819905213
2026-07-11 00:00:00,1.667,1701.2,45.6,57.0,3.84,2.418,1.1,1.667,1.579,0.2368,0.3994,0.1255,0.4101298701298702,0.07377145544321655,2.546002749409356,76.01520000000001,71.05676855895196,100.0,97.06161137440758
2026-07-11 01:00:00,1.944,1700.9,45.5,57.0,3.99,2.3711,1.505,1.802,1.944,0.2947,0.3921,0.1654,0.486,0.09724263625139631,3.048174043587406,88.452,74.33362445414846,100.0,97.18009478672985
2026-07-11 05:00:00,2.875,1699.8,42.1,57.0,4.45,2.8398,1.661,1.537,2.875,0.2214,0.4473,0.1354,0.6446188340807175,0.07965643016825509,3.658813332215788,121.03750000000001,41.58602620087338,100.0,100.0
2026-07-11 07:00:00,0.318,165.8,45.4,5.71,0.31,0.2505,0.318,0.267,0.19,0.0199,0.0361,0.0166,0.59375,0.10012062726176116,0.456632237144948,14.437199999999999,100.0,100.0,97.29857819905213
2026-07-11 12:00:00,0.431,603.5,50.2,20.39,1.68,0.1328,0.166,0.431,0.135,0.0067,0.0186,0.0082,0.07988165680473373,0.013587406793703398,0.4811881129038829,21.636200000000002,100.0,100.0,91.61137440758293
2026-07-11 17:00:00,0.79,629.3,47.5,21.11,0.83,1.1982,0.617,0.79,0.579,0.0812,0.1877,0.0733,0.6892857142857143,0.11647862704592406,1.1575966482328808,37.525,100.0,100.0,94.81042654028435
2026-07-11 19:00:00,2.393,1701.5,42.8,57.12,5.34,2.7012,1.543,2.393,1.784,0.2035,0.4426,0.1467,0.33345794392523365,0.0862180429033206,3.3600526781584836,102.42039999999999,51.26986899563319,100.0,100.0
2026-07-11 20:00:00,2.215,1699.9,44.2,57.12,6.05,2.4844,1.047,2.156,2.215,0.2141,0.3845,0.136,0.3655115511551155,0.08000470615918583,3.2635517461808385,97.903,66.41746724890831,100.0,98.72037914691943
2026-07-11 23:00:00,1.042,1260.2,41.7,42.28,3.46,2.2109,0.609,1.042,0.778,0.1693,0.354,0.1389,0.22420749279538907,0.11022059990477702,1.4359418511903608,43.45140000000001,82.08157894736843,100.0,100.0
2026-07-12 00:00:00,1.628,1008.7,41.6,33.72,0.96,1.6104,1.628,0.951,0.885,0.1442,0.2549,0.1068,0.9123711340206186,0.10587885397045702,2.0827889955537984,67.7248,97.88421052631578,100.0,100.0
2026-07-12 01:00:00,0.257,1489.0,48.4,50.0,5.48,0.2472,0.149,0.257,0.159,0.0078,0.0127,0.0075,0.02896174863387978,0.005036937541974479,0.3369436154611035,12.4388,100.0,100.0,93.74407582938389
2026-07-12 02:00:00,1.054,996.5,40.6,33.84,6.37,1.6406,1.054,0.849,0.893,0.1462,0.2717,0.1082,0.13996865203761755,0.10858003010536879,1.6214703204190943,42.7924,97.08947368421053,100.0,100.0
2026-07-12 03:00:00,1.564,999.2,42.4,33.84,5.44,1.6367,1.564,0.963,0.759,0.1399,0.2686,0.1093,0.13926605504587156,0.1093875100080064,1.987346472057653,66.3136,97.1921052631579,100.0,100.0
2026-07-12 05:00:00,1.651,997.0,43.4,33.84,6.21,1.7139,1.206,1.651,1.083,0.1464,0.2729,0.1044,0.17411575562700965,0.10471414242728186,2.3136823463907055,71.6534,95.16052631578947,100.0,99.66824644549763
2026-07-12 08:00:00,0.97,882.2,46.1,29.58,1.51,1.6201,0.534,0.97,0.674,0.175,0.24,0.0906,0.443421052631579,0.10269780095216503,1.2962762051353098,44.717,97.62894736842105,100.0,96.4691943127962
2026-07-12 11:00:00,0.894,682.4,44.2,23.2,3.17,1.1055,0.472,0.894,0.396,0.1104,0.1775,0.0609,0.12452830188679247,0.08924384525205159,1.0857421424997742,39.5148,100.0,100.0,98.72037914691943
2026-07-12 12:00:00,0.623,682.1,48.8,23.2,3.24,0.9751,0.427,0.623,0.387,0.0934,0.1652,0.0602,0.11907692307692308,0.0882568538337487,0.8486618879153228,30.402399999999997,100.0,100.0,93.2701421800948
2026-07-12 13:00:00,0.687,682.4,48.1,23.22,3.29,1.0059,0.339,0.687,0.368,0.0994,0.1678,0.0578,0.11151515151515153,0.0847010550996483,0.8498905811926616,33.044700000000006,100.0,100.0,94.0995260663507
2026-07-12 14:00:00,0.746,684.2,49.3,23.2,2.76,1.0498,0.501,0.746,0.326,0.0942,0.1654,0.0598,0.1176895306859206,0.08740134463607131,0.955925206279236,36.7778,100.0,100.0,92.67772511848341
2026-07-12 15:00:00,0.747,692.3,49.6,23.22,1.0,1.0488,0.507,0.747,0.519,0.1057,0.172,0.059,0.5138613861386139,0.08522316914632386,1.041354406530265,37.0512,100.0,100.0,92.32227488151659
2026-07-12 16:00:00,0.743,693.0,49.5,23.22,0.83,1.0703,0.478,0.743,0.421,0.1028,0.1747,0.0614,0.5011904761904762,0.08860028860028861,0.9786592869839841,36.7785,100.0,100.0,92.44075829383885
2026-07-12 18:00:00,0.87,682.0,46.8,23.2,3.27,1.1309,0.4,0.87,0.432,0.0994,0.1754,0.0643,0.13170731707317074,0.0942815249266862,1.0504875058752485,40.715999999999994,100.0,100.0,95.63981042654028
2026-07-12 19:00:00,0.856,691.8,46.2,23.22,1.11,1.084,0.505,0.856,0.367,0.1044,0.1726,0.0613,0.3276785714285714,0.08860942468921654,1.0594574082991728,39.547200000000004,100.0,100.0,96.35071090047393
2026-07-12 21:00:00,0.711,630.0,43.8,21.03,0.19,1.2217,0.711,0.697,0.516,0.0922,0.1771,0.0646,2.58,0.10253968253968254,1.1214214194494414,31.141799999999996,100.0,100.0,99.19431279620854
2026-07-12 23:00:00,0.85,627.6,42.7,21.11,1.21,1.3076,0.571,0.85,0.558,0.0909,0.1838,0.0703,0.4573770491803279,0.1120140216698534,1.1661496473437702,36.295,100.0,100.0,100.0
2026-07-13 01:00:00,1.262,629.8,42.2,21.14,0.93,1.3115,0.519,1.262,0.937,0.1119,0.2034,0.072,0.9968085106382979,0.11432200698634488,1.6552866821188408,53.256400000000006,100.0,100.0,100.0
2026-07-13 02:00:00,1.157,630.0,44.6,21.12,0.79,1.3037,0.462,1.157,0.819,0.1074,0.1956,0.0698,1.02375,0.11079365079365079,1.4909238746495408,51.6022,100.0,100.0,98.24644549763033
2026-07-13 06:00:00,1.047,628.9,42.0,21.14,1.12,1.3613,0.666,1.047,0.772,0.108,0.1942,0.0735,0.6831858407079645,0.1168707266656066,1.4614201996688014,43.974,100.0,100.0,100.0
2026-07-13 07:00:00,0.856,627.1,43.4,21.16,1.6,1.123,0.856,0.579,0.651,0.0949,0.1747,0.0723,0.4043478260869565,0.11529261680752671,1.2213836416130681,37.1504,100.0,100.0,99.66824644549763
2026-07-13 10:00:00,0.929,619.8,44.7,21.17,3.26,1.3135,0.563,0.75,0.929,0.0942,0.1914,0.0739,0.28409785932721715,0.11923201032591159,1.3200416660090695,41.526300000000006,100.0,100.0,98.12796208530806
2026-07-13 11:00:00,0.595,704.2,48.7,24.59,8.27,0.2428,0.24,0.595,0.16,0.0116,0.0283,0.0114,0.019323671497584544,0.016188582788980402,0.6612299146287923,28.9765,100.0,100.0,93.38862559241706
2026-07-13 12:00:00,0.858,620.8,44.1,21.19,3.13,1.3516,0.62,0.858,0.532,0.0917,0.1858,0.0717,0.1694267515923567,0.11549613402061858,1.1847311931404525,37.8378,100.0,100.0,98.8388625592417
2026-07-13 13:00:00,0.691,603.6,47.1,20.77,4.02,1.0557,0.633,0.587,0.691,0.087,0.163,0.0699,0.17146401985111664,0.1158051689860835,1.1057752936288636,32.546099999999996,100.0,100.0,95.28436018957346
2026-07-13 15:00:00,0.69,620.1,46.0,21.17,3.18,1.0859,0.617,0.655,0.69,0.0922,0.1699,0.0658,0.21630094043887146,0.10611191743267215,1.1339373880422146,31.74,100.0,100.0,96.58767772511848
2026-07-14 00:00:00,1.441,1700.3,41.8,57.03,4.66,2.7969,1.321,1.441,0.945,0.2179,0.449,0.1329,0.20235546038543897,0.07816267717461624,2.17130076221605,60.233799999999995,44.58340611353712,100.0,100.0
2026-07-14 02:00:00,1.684,1700.8,45.1,57.06,4.84,2.373,1.513,1.684,1.054,0.2434,0.3777,0.1392,0.217319587628866,0.08184383819379115,2.497186616975191,75.9484,74.2008733624454,100.0,97.65402843601895
2026-07-14 03:00:00,1.496,1700.4,45.9,57.03,4.6,2.7832,1.277,1.496,1.225,0.2473,0.4177,0.1334,0.2657266811279827,0.07845212891084449,2.317190108730831,68.6664,45.540611353711796,100.0,96.70616113744076
2026-07-14 05:00:00,1.81,1701.1,46.1,57.09,5.14,2.4219,1.253,1.81,1.328,0.2476,0.3853,0.1312,0.25786407766990294,0.0771265651637176,2.570932321162889,83.441,70.78427947598254,100.0,96.4691943127962
2026-07-14 06:00:00,1.994,1700.2,46.4,57.06,5.11,2.5625,1.191,1.697,1.994,0.2556,0.4285,0.1344,0.389453125,0.07904952358546052,2.8765128193700096,92.52159999999999,60.96069868995633,100.0,96.11374407582939
2026-07-14 08:00:00,2.398,1700.7,53.1,57.06,4.91,2.75,1.71,1.515,2.398,0.2352,0.4133,0.1339,0.48739837398373986,0.0787322867054742,3.312058121470697,127.33380000000001,47.86026200873363,100.0,88.17535545023696
2026-07-14 09:00:00,1.394,1698.8,47.7,57.03,5.3,2.4883,0.959,1.394,1.239,0.2382,0.3989,0.13,0.23333333333333336,0.07652460560395574,2.097149970793696,66.4938,66.14497816593885,100.0,94.5734597156398
2026-07-14 10:00:00,2.102,1699.8,49.0,57.06,5.28,2.5527,1.518,1.58,2.102,0.2472,0.4075,0.1364,0.3973534971644612,0.08024473467466761,3.036301697789599,102.99799999999999,61.64541484716156,100.0,93.03317535545024
2026-07-14 12:00:00,0.323,1492.3,56.3,49.97,3.38,0.1353,0.215,0.323,0.123,0.0082,0.0192,0.0101,0.036283185840707964,0.006768076124103732,0.4070417668986808,18.1849,100.0,100.0,84.38388625592418
2026-07-14 21:00:00,1.746,1701.4,44.9,57.03,4.18,2.709,1.199,1.746,1.688,0.2251,0.4397,0.1359,0.40286396181384254,0.07987539673210296,2.7084056195481505,78.3954,50.724890829694324,100.0,97.8909952606635
2026-07-14 21:37:14,2.566,1701.6,47.8,57.03,4.1,2.4883,0.953,2.566,2.414,0.2202,0.3928,0.1245,0.5873479318734794,0.07316643159379407,3.649652175207933,122.65479999999998,66.14497816593885,100.0,94.45497630331754
2026-07-14 22:00:01,1.57,1702.3,45.8,57.03,3.77,2.6543,1.023,1.57,1.05,0.2386,0.4341,0.1271,0.2777777777777778,0.07466369030135699,2.14800581935897,71.90599999999999,54.546724890829694,100.0,96.82464454976304
2026-07-15 03:00:01,2.77,1701.6,42.8,57.09,4.92,2.6992,1.048,2.77,2.078,0.2413,0.425,0.1309,0.42150101419878294,0.07692759755524212,3.6179121050683363,118.556,51.40960698689958,100.0,100.0
2026-07-15 04:00:01,2.475,1701.6,43.5,57.09,4.93,2.5156,1.526,2.475,1.106,0.2435,0.4133,0.1362,0.2238866396761134,0.08004231311706628,3.1108739929479627,107.66250000000001,64.23755458515284,100.0,99.54976303317535
2026-07-15 08:00:01,2.191,1700.9,43.9,57.06,4.8,2.6094,1.339,2.191,1.359,0.2191,0.4421,0.13,0.2825363825363826,0.07643012522782057,2.9052165151671567,96.18489999999998,57.68384279475983,100.0,99.07582938388626
2026-07-15 10:00:01,0.195,682.4,52.8,23.47,5.09,0.1182,0.119,0.195,0.062,0.0112,0.019,0.0072,0.01215686274509804,0.010550996483001172,0.23670656940608978,10.296,100.0,100.0,88.5308056872038
2026-07-16 15:00:01,0.228,1479.2,32.9,50.0,10.38,0.2095,0.115,0.228,0.11,0.0099,0.0219,0.0086,0.010587102983638113,0.005813953488372093,0.278044960393099,7.5012,100.0,100.0,100.0
2026-07-16 17:00:01,1.855,996.7,38.8,33.84,6.3,1.749,1.376,1.855,0.866,0.1417,0.262,0.1082,0.13724247226624406,0.10855824219925755,2.466648941377755,71.97399999999999,94.23684210526315,100.0,100.0
2026-07-16 19:00:01,2.176,998.8,45.3,33.84,5.6,1.6553,2.176,1.407,0.92,0.1311,0.2515,0.1153,0.16399286987522285,0.11543852623147778,2.749731805103909,98.5728,96.70263157894738,100.0,97.41706161137441
2026-07-16 20:00:01,0.295,713.4,51.0,24.56,5.76,0.1548,0.21,0.295,0.281,0.0109,0.0193,0.0094,0.04870017331022531,0.013176338659938325,0.45835139358356924,15.045,100.0,100.0,90.66350710900474
2026-07-16 22:00:01,1.401,744.6,43.6,25.3,3.62,1.3779,0.549,1.401,0.638,0.1177,0.204,0.0659,0.17575757575757578,0.08850389470856836,1.634394689173946,61.083600000000004,100.0,100.0,99.43127962085308
2026-07-16 23:00:01,1.435,748.8,44.5,25.3,2.56,1.3379,0.663,1.435,0.623,0.1205,0.217,0.0702,0.24241245136186773,0.09375000000000001,1.6990947589819705,63.8575,100.0,100.0,98.36492890995261
2026-07-17 00:00:01,1.465,757.6,44.8,25.3,0.33,1.2305,1.066,1.465,0.84,0.1188,0.2117,0.0715,2.4705882352941173,0.09437697993664201,1.9970430641325692,65.632,100.0,100.0,98.00947867298578
2026-07-17 01:00:01,1.401,744.6,44.2,25.3,3.62,1.4863,0.786,1.401,0.983,0.123,0.2126,0.0687,0.2707988980716253,0.09226430298146655,1.8833178170452272,61.924200000000006,100.0,100.0,98.72037914691943
2026-07-17 02:00:01,1.674,755.8,44.6,25.3,0.79,1.3281,0.803,1.674,1.173,0.1207,0.2191,0.0694,1.46625,0.09182323365969834,2.196136152427713,74.6604,100.0,100.0,98.24644549763033
2026-07-17 08:00:01,0.806,629.8,40.1,21.08,0.53,1.1123,0.503,0.806,0.482,0.0917,0.1638,0.0681,0.8925925925925925,0.1081295649412512,1.0653492385128926,32.320600000000006,100.0,100.0,100.0
2026-07-17 09:00:01,0.701,622.1,43.7,21.08,2.16,1.0078,0.653,0.701,0.289,0.0811,0.1619,0.0664,0.13317972350230414,0.10673525156727215,1.0006652787021242,30.6337,100.0,100.0,99.3127962085308
2026-07-17 15:00:01,1.06,409.5,41.4,13.79,0.58,1.7178,0.502,1.06,0.278,0.0811,0.2051,0.0779,0.47118644067796617,0.19023199023199025,1.2053580380949058,43.884,95.0578947368421,100.0,100.0
2026-07-17 18:00:01,0.986,503.3,42.0,16.95,0.89,1.373,0.423,0.986,0.488,0.0723,0.2214,0.0867,0.5422222222222222,0.17226306377905823,1.17867255843173,41.412,100.0,100.0,100.0
2026-07-17 19:00:01,0.724,504.1,44.5,16.94,0.67,1.0742,0.37,0.724,0.352,0.0704,0.1564,0.062,0.5176470588235293,0.1229914699464392,0.8859909706086174,32.217999999999996,100.0,100.0,98.36492890995261
2026-07-17 20:00:01,0.77,505.3,46.0,16.94,0.47,0.8779,0.422,0.77,0.413,0.0702,0.1423,0.0567,0.8604166666666666,0.11221056797941817,0.9703365395572816,35.42,100.0,100.0,96.58767772511848
2026-07-17 21:00:01,0.531,503.5,47.2,16.95,0.86,0.897,0.311,0.531,0.379,0.0666,0.1443,0.0576,0.435632183908046,0.1143992055610725,0.7227191709094204,25.063200000000002,100.0,100.0,95.16587677725119
2026-07-17 22:00:01,0.718,504.4,46.8,16.94,0.64,0.9131,0.365,0.718,0.455,0.069,0.1472,0.0619,0.7,0.12272006344171293,0.925080537034479,33.602399999999996,100.0,100.0,95.63981042654028
2026-07-18 00:00:00,0.795,503.3,46.4,16.92,0.74,0.8921,0.294,0.645,0.795,0.0833,0.1437,0.0568,1.06,0.11285515597059409,1.06512252816284,36.888,100.0,100.0,96.11374407582939
2026-07-18 01:00:00,0.739,503.6,46.7,16.94,0.76,0.9219,0.458,0.681,0.739,0.0826,0.1486,0.0612,0.9597402597402597,0.12152501985702938,1.104375841821977,34.5113,100.0,100.0,95.75829383886256
2026-07-18 02:00:00,0.505,505.7,46.1,16.95,0.48,1.0107,0.269,0.505,0.332,0.0687,0.1509,0.0574,0.6775510204081633,0.11350603124382044,0.6615209747241579,23.2805,100.0,100.0,96.4691943127962
2026-07-18 03:00:00,0.558,503.4,45.6,16.94,0.8,1.0098,0.482,0.558,0.396,0.0701,0.1573,0.0617,0.4888888888888889,0.12256654747715535,0.836961169947567,25.444800000000004,100.0,100.0,97.06161137440758
2026-07-18 04:00:00,0.77,502.6,45.7,16.94,0.93,1.0635,0.447,0.77,0.315,0.0701,0.1622,0.0603,0.33510638297872336,0.11997612415439712,0.9444225749101934,35.189,100.0,100.0,96.9431279620853
2026-07-18 05:00:00,0.64,502.9,44.9,16.94,0.89,0.9893,0.35,0.64,0.395,0.0725,0.1608,0.0631,0.4388888888888889,0.12547226088685623,0.829533001151853,28.736,100.0,100.0,97.8909952606635
2026-07-18 07:00:00,0.7,503.7,45.8,16.94,0.75,1.083,0.291,0.7,0.383,0.0748,0.1625,0.0587,0.5039473684210526,0.11653762160015882,0.8493350340119027,32.059999999999995,100.0,100.0,96.82464454976304
2026-07-18 08:00:00,0.688,504.0,47.1,16.92,0.62,0.9927,0.406,0.688,0.576,0.0795,0.1539,0.0592,0.9142857142857143,0.11746031746031746,0.9848634423106585,32.4048,100.0,100.0,95.28436018957346
2026-07-18 09:00:00,0.561,505.4,47.5,16.94,0.46,1.0352,0.561,0.533,0.386,0.0698,0.1626,0.0598,0.8212765957446808,0.1183221210922042,0.8647577695516822,26.6475,100.0,100.0,94.81042654028435
2026-07-18 11:00:00,0.595,503.4,45.8,16.94,0.79,1.0869,0.34,0.595,0.378,0.0799,0.1559,0.0554,0.4725,0.11005164878823998,0.7826295419928895,27.250999999999998,100.0,100.0,96.82464454976304
2026-07-18 12:00:00,0.506,503.7,48.4,16.94,0.75,1.0879,0.321,0.506,0.452,0.0755,0.1592,0.0581,0.5947368421052631,0.11534643637085566,0.7505871035396225,24.4904,100.0,100.0,93.74407582938389
2026-07-18 13:00:00,0.815,504.6,49.0,16.94,0.59,1.0215,0.688,0.815,0.633,0.0827,0.157,0.0611,1.0550000000000002,0.12108600871977804,1.2402652942012042,39.934999999999995,100.0,100.0,93.03317535545024
2026-07-18 14:00:00,0.935,504.1,50.3,16.95,0.76,0.9565,0.541,0.669,0.935,0.0911,0.1592,0.0657,1.2142857142857144,0.13033128347550088,1.2706167793634713,47.0305,100.0,100.0,91.49289099526067
2026-07-18 15:00:00,0.757,504.2,50.7,16.94,0.66,1.1035,0.322,0.757,0.383,0.0704,0.1581,0.0607,0.5716417910447761,0.12038873462911542,0.9074260300432208,38.3799,100.0,100.0,91.01895734597156
2026-07-18 16:00:00,0.717,504.3,50.9,16.94,0.64,0.9956,0.395,0.594,0.717,0.0831,0.1554,0.0641,1.103076923076923,0.12710688082490582,1.011409907011,36.4953,100.0,100.0,90.78199052132702
2026-07-18 17:00:00,0.605,504.9,49.9,16.94,0.55,0.9932,0.555,0.605,0.377,0.0734,0.1558,0.064,0.6732142857142857,0.12675777381659734,0.9034262559832983,30.1895,100.0,100.0,91.96682464454976
2026-07-18 18:00:00,0.724,497.7,49.7,16.94,1.76,1.04,0.473,0.724,0.324,0.0677,0.1548,0.0611,0.18305084745762712,0.12276471770142657,0.9235155656511698,35.9828,100.0,100.0,92.2037914691943
2026-07-18 19:00:00,0.806,503.8,48.6,16.94,0.74,1.0254,0.586,0.806,0.78,0.0881,0.1538,0.0591,1.04,0.11730845573640333,1.2654769851719945,39.171600000000005,100.0,100.0,93.50710900473933
2026-07-18 20:00:00,0.747,503.8,49.0,16.94,0.74,1.0166,0.388,0.747,0.609,0.0793,0.1543,0.058,0.8119999999999999,0.11512504962286621,1.0389581319764527,36.603,100.0,100.0,93.03317535545024
2026-07-18 21:00:00,0.528,504.8,48.3,16.95,0.63,1.1143,0.289,0.528,0.348,0.0735,0.1549,0.0609,0.54375,0.1206418383518225,0.6952762041088419,25.502399999999998,100.0,100.0,93.86255924170617
2026-07-18 23:00:00,1.375,502.9,47.6,16.94,0.89,1.0342,0.792,0.857,1.375,0.1225,0.1555,0.0651,1.5277777777777777,0.12944919467090873,1.803423965683056,65.45,100.0,100.0,94.69194312796208
2026-07-19 00:00:00,0.697,503.6,47.4,16.95,0.84,1.0107,0.384,0.697,0.362,0.0727,0.1482,0.0572,0.4258823529411765,0.11358220810166798,0.8742476765768382,33.0378,100.0,100.0,94.92890995260663
2026-07-19 03:00:00,1.457,756.0,43.8,25.31,0.85,1.8193,0.692,1.457,0.997,0.1407,0.2832,0.0759,1.1593023255813955,0.10039682539682539,1.8962389089985472,63.8166,92.38684210526316,100.0,99.19431279620854
2026-07-19 04:00:00,1.501,749.9,45.0,25.31,2.4,1.9307,0.818,1.501,0.725,0.1418,0.2727,0.0762,0.30082987551867224,0.10161354847312976,1.8568117836765254,67.545,89.45526315789473,100.0,97.77251184834122
2026-07-19 05:00:00,1.401,749.8,45.8,25.33,2.54,1.5547,0.59,1.401,1.055,0.1261,0.2268,0.0686,0.41372549019607846,0.09149106428380901,1.8503853652685431,64.16579999999999,99.35000000000001,100.0,96.82464454976304
2026-07-19 06:00:00,1.297,745.0,45.3,25.31,3.64,1.4453,0.707,1.297,0.89,0.123,0.2186,0.0695,0.24383561643835616,0.09328859060402686,1.7245747301871264,58.754099999999994,100.0,100.0,97.41706161137441
2026-07-19 07:00:00,1.365,749.9,46.7,25.31,2.41,1.4404,0.496,1.365,0.876,0.1294,0.2274,0.0673,0.36198347107438017,0.08974529937324977,1.696059256040307,63.74550000000001,100.0,100.0,95.75829383886256
2026-07-19 08:00:00,1.555,747.6,47.1,25.31,2.99,1.4844,1.007,1.555,0.683,0.1266,0.2316,0.0715,0.22766666666666668,0.09563937934724451,1.9744779056753203,73.2405,100.0,100.0,95.28436018957346
2026-07-19 10:00:00,1.592,746.0,48.5,25.33,3.5,1.4873,0.828,1.592,0.595,0.1165,0.2278,0.0687,0.16951566951566951,0.0920911528150134,1.8905218856178312,77.212,100.0,100.0,93.62559241706161
2026-07-19 14:00:00,1.543,999.0,47.1,33.88,5.85,1.5195,1.543,1.155,0.862,0.1355,0.2473,0.1016,0.14709897610921502,0.1017017017017017,2.1113782228677076,72.6753,100.0,100.0,95.28436018957346
2026-07-19 15:00:00,2.596,998.8,49.8,33.84,5.6,1.4932,2.596,1.76,1.008,0.1266,0.2432,0.1228,0.17967914438502675,0.12294753704445337,3.294370956647111,129.2808,100.0,100.0,92.08530805687204
2026-07-19 20:00:00,0.615,700.8,56.7,24.38,7.41,0.1753,0.203,0.615,0.129,0.0084,0.026,0.0095,0.01738544474393531,0.01355593607305936,0.6603597504391072,34.8705,100.0,100.0,83.90995260663507
2026-07-19 21:00:00,1.491,1701.1,45.6,57.12,5.52,2.4004,1.053,1.491,1.491,0.2101,0.3901,0.1364,0.269620253164557,0.0801834107342308,2.356898597733895,67.98960000000001,72.28646288209609,100.0,97.06161137440758
2026-07-20 00:00:00,1.653,604.2,49.9,20.28,0.85,2.5898,1.653,1.409,1.187,0.2169,0.3926,0.1416,1.380232558139535,0.2343594836146971,2.4752088800745686,82.4847,59.053275109170315,100.0,91.96682464454976
2026-07-20 02:00:00,3.67,623.3,51.9,20.94,1.02,3.1152,1.288,3.67,0.991,0.2258,0.447,0.1731,0.962135922330097,0.27771538584951067,4.013717105128363,190.47299999999998,22.344104803493437,100.0,89.59715639810426
2026-07-20 04:00:00,2.223,1699.6,50.7,57.09,5.77,2.8418,1.841,1.361,2.223,0.2472,0.4502,0.1503,0.3846020761245675,0.0884325723699694,3.191133184309298,112.7061,41.44628820960698,100.0,91.01895734597156
2026-07-20 07:00:00,2.324,1699.5,44.7,57.09,5.82,2.6445,1.058,2.324,1.856,0.235,0.4187,0.1304,0.31835334476843913,0.07672844954398352,3.1567508612495856,103.8828,55.231441048034945,100.0,98.12796208530806
2026-07-20 17:00:00,2.127,1701.0,49.3,57.16,5.98,2.4785,1.646,2.127,1.244,0.2242,0.4214,0.1498,0.20767946577629381,0.08806584362139917,2.9632720091142493,104.86109999999998,66.82969432314411,100.0,92.67772511848341
2026-07-20 20:00:00,2.482,1700.9,46.2,57.19,6.43,2.459,1.481,1.977,2.482,0.2352,0.3987,0.1436,0.3854037267080746,0.08442589217473102,3.5017444224272,114.66840000000002,68.19213973799127,100.0,96.35071090047393
2026-07-20 22:00:00,1.91,1700.1,48.2,57.19,6.77,2.6582,0.913,1.648,1.91,0.2163,0.405,0.1392,0.2817109144542773,0.0818775366154932,2.682829290133832,92.062,54.27423580786027,100.0,93.98104265402843
2026-07-20 23:00:00,2.158,604.7,53.1,20.62,2.9,2.7324,1.085,2.158,1.727,0.2554,0.425,0.144,0.593470790378007,0.23813461220439885,2.969295876129558,114.5898,49.089956331877715,100.0,88.17535545023696
2026-07-21 00:00:00,0.569,708.7,57.6,24.78,8.61,0.1826,0.327,0.569,0.104,0.0087,0.0264,0.0133,0.012064965197215777,0.01876675603217158,0.6644591785805957,32.7744,100.0,100.0,82.8436018957346
2026-07-21 01:00:00,1.819,1701.3,47.0,57.16,5.85,2.5684,1.482,1.819,1.234,0.217,0.4082,0.1425,0.210580204778157,0.08375947804619996,2.651007544312162,85.493,60.54847161572053,100.0,95.40284360189574
2026-07-21 03:00:00,2.918,1700.4,45.0,57.12,5.83,2.6582,1.011,2.918,1.459,0.2223,0.4353,0.1327,0.2498287671232877,0.078040461067984,3.4154832747358026,131.31,54.27423580786027,100.0,97.77251184834122
2026-07-21 04:00:00,1.987,1701.0,45.5,57.09,5.15,2.6602,1.878,1.482,1.987,0.2067,0.4158,0.1451,0.38507751937984497,0.08530276308054086,3.109883759885568,90.4085,54.13449781659388,100.0,97.18009478672985
2026-07-21 05:00:00,2.504,1699.8,45.4,57.12,6.12,2.6738,1.479,2.504,1.887,0.2413,0.4158,0.1381,0.30783034257748776,0.0812448523355689,3.466731313499793,113.6816,53.184279475982535,100.0,97.29857819905213
2026-07-21 06:00:00,2.107,1701.5,46.4,57.09,4.97,2.7383,1.353,1.752,2.107,0.2527,0.4453,0.1395,0.42309236947791173,0.08198648251542758,3.056069698158077,97.76480000000001,48.677729257641914,100.0,96.11374407582939
2026-07-21 07:00:00,1.946,1701.4,46.0,57.12,5.42,2.7598,1.796,1.769,1.946,0.2277,0.4202,0.1414,0.3583793738489871,0.08310802868226166,3.184633887906112,89.51599999999999,47.175545851528405,100.0,96.58767772511848
2026-07-21 10:00:00,2.771,1699.9,46.2,57.12,6.05,2.7012,1.202,2.771,2.504,0.217,0.4143,0.1354,0.4132013201320132,0.07965174422024823,3.9234246520100267,128.02020000000002,51.26986899563319,100.0,96.35071090047393
2026-07-21 11:00:00,2.215,1702.7,49.6,57.16,5.22,2.5977,1.128,2.215,1.732,0.2429,0.4187,0.1338,0.33116634799235184,0.07858107711282081,3.029592876939078,109.86399999999999,58.50131004366811,100.0,92.32227488151659
2026-07-21 12:00:00,1.715,1701.2,49.9,57.12,5.49,2.5801,1.715,1.67,1.13,0.2391,0.4294,0.1464,0.20545454545454545,0.08605690101105103,2.647078578357658,85.5785,59.73100436681224,100.0,91.96682464454976
2026-07-21 19:00:00,2.486,1701.5,46.2,57.12,5.34,2.5605,0.958,2.166,2.486,0.2311,0.4175,0.1462,0.46467289719626176,0.08592418454305024,3.433586463160641,114.85320000000002,61.10043668122269,100.0,96.35071090047393
2026-07-21 21:00:00,2.941,1700.8,46.6,57.12,5.66,2.6016,1.611,2.145,2.941,0.2306,0.4058,0.1387,0.5186948853615521,0.08154985888993414,3.9806817255339566,137.0506,58.2288209606987,100.0,95.87677725118483
2026-07-21 21:39:14,2.039,1700.2,48.1,57.12,5.91,2.5645,1.054,2.039,1.325,0.2412,0.3975,0.1536,0.22381756756756757,0.09034231266909774,2.650294700594634,98.0759,60.82096069868997,100.0,94.0995260663507
2026-07-21 23:00:01,2.348,1701.2,47.9,57.12,5.51,2.5957,1.755,2.348,1.951,0.2429,0.4028,0.1538,0.3534420289855073,0.09040677169057136,3.5212966361838927,112.46919999999999,58.64104803493451,100.0,94.33649289099526
2026-07-22 02:00:01,2.65,1701.3,43.9,57.12,5.47,2.7148,1.357,2.65,0.811,0.2185,0.4497,0.1425,0.14799270072992704,0.08375947804619996,3.0857203372956534,116.335,50.319650655021846,100.0,99.07582938388626
2026-07-22 03:00:01,3.033,1701.0,45.4,57.12,5.59,2.7363,1.401,2.623,3.033,0.2505,0.4146,0.1384,0.5416071428571428,0.0813639035861258,4.2475897871616555,137.69819999999999,48.8174672489083,100.0,97.29857819905213
2026-07-22 04:00:01,2.402,1699.1,52.2,57.12,6.42,2.6387,1.41,2.402,1.746,0.2428,0.4131,0.1393,0.2715396578538103,0.08198458007180273,3.2872815516776166,125.38440000000001,55.63668122270742,100.0,89.24170616113743
2026-07-22 06:00:01,1.618,629.7,47.2,21.12,0.86,1.5811,0.614,1.618,0.965,0.1213,0.2368,0.0769,1.1091954022988506,0.12212164522788628,1.981450226475548,76.3696,98.65526315789474,100.0,95.16587677725119
2026-07-22 07:00:01,1.886,1701.1,45.9,57.12,5.53,2.6699,1.115,1.57,1.886,0.2126,0.4314,0.1417,0.34043321299638984,0.08329904179648463,2.6953888402232433,86.56739999999999,53.45676855895196,100.0,96.70616113744076
2026-07-22 11:00:01,1.818,1700.3,43.0,57.06,5.06,3.0254,1.418,1.818,1.767,0.2015,0.4604,0.1637,0.3485207100591716,0.09627712756572371,2.904847156047974,78.174,28.618340611353723,100.0,100.0
2026-07-22 12:00:01,2.396,1700.2,48.6,57.12,5.91,2.6777,0.935,2.396,1.689,0.2324,0.4106,0.1364,0.28530405405405407,0.08022585578167274,3.0769728630587565,116.4456,52.91179039301309,100.0,93.50710900473933
2026-07-22 18:00:01,3.467,1701.3,44.6,57.12,5.45,2.7285,1.385,2.127,3.467,0.2078,0.4414,0.1443,0.634981684981685,0.08481749250573091,4.296794502882352,154.62820000000002,49.36244541484717,100.0,98.24644549763033
2026-07-22 23:00:01,1.854,1701.9,51.1,57.06,4.37,2.627,1.425,1.854,1.245,0.2246,0.4106,0.1321,0.2842465753424658,0.07761913155884598,2.649144390175817,94.7394,56.45414847161574,100.0,90.54502369668246
2026-07-23 00:00:01,2.76,1700.4,46.9,57.09,5.43,2.9277,1.326,2.76,1.233,0.2397,0.4175,0.1343,0.2266544117647059,0.07898141613737944,3.3009339587456155,129.444,35.44454148471615,100.0,95.521327014218
2026-07-23 03:00:01,1.676,1700.2,45.4,57.12,5.93,2.6504,0.949,1.676,1.219,0.2646,0.4092,0.1472,0.20521885521885525,0.08657804964121867,2.2793722820109927,76.09039999999999,54.81921397379914,100.0,97.29857819905213
2026-07-23 04:00:01,1.438,1701.4,44.8,57.09,5.01,2.5488,1.251,1.438,1.038,0.2024,0.3984,0.1343,0.2067729083665339,0.07893499471023863,2.1703200224851633,64.4224,61.91790393013101,100.0,98.00947867298578
2026-07-23 05:00:01,1.776,1690.5,46.1,57.12,10.19,2.5918,1.122,1.776,0.949,0.2539,0.4138,0.1395,0.09303921568627452,0.08251996450754216,2.3051379568260115,81.87360000000001,58.91353711790393,100.0,96.4691943127962
2026-07-23 08:00:01,2.559,1701.6,48.4,57.09,4.92,2.5195,1.618,1.619,2.559,0.2457,0.4258,0.1443,0.5190669371196756,0.08480253878702398,3.4333024917708608,123.85560000000001,63.96506550218342,100.0,93.74407582938389
2026-07-23 09:00:01,1.92,1701.6,50.2,57.09,4.9,2.5977,1.363,1.92,1.379,0.2161,0.3889,0.1315,0.2808553971486762,0.07728020686412788,2.7287011562279955,96.384,58.50131004366811,100.0,91.61137440758293
