Asset_ID,Timestamp,Operating_Mode,Speed_rpm,Frequency_Hz,Output_Power_kW,Skin_Temp_C,Vib_Radial_mm_s,Vib_Tangential_mm_s,Vib_Axial_mm_s,Acc_RMS_Tangential_g,Pk_Pk_Tangential_g,Deviation_Vib_Radial,Deviation_Vib_Tangential,Deviation_Vib_Axial,Avg_3_Vib_Radial,Avg_3_Vib_Tangential,Avg_3_Vib_Axial,Risk_Probability,Predicted_Future_Event,Alarm_Threshold,Alarm_Flag,Condition_Score,Risk_Level,Model_Name,Prediction_Timestamp,Actual_Future_Event,Data_Split
93707,2026-04-25 00:39:01+00:00,MODE_50HZ,1482.6,50.0,,46.0,0.355,0.474,0.102,0.0312,0.2153,0.19699999999999998,0.14399999999999996,-0.0050000000000000044,0.355,0.474,0.102,0.768852486082356,1,0.5571732283586782,True,23.1147513917644,HIGH,logistic_regression_v1,2026-08-04 15:56:49.319068+00:00,0,TRAIN
93707,2026-04-25 03:39:01+00:00,MODE_57HZ,1701.5,57.06,4.53,39.0,0.964,1.902,1.942,0.4436,2.8359,-0.375,0.09999999999999987,0.14100000000000001,0.964,1.902,1.942,0.703232748965103,1,0.5571732283586782,True,29.676725103489698,HIGH,logistic_regression_v1,2026-08-04 15:56:49.319068+00:00,0,TRAIN
93707,2026-04-25 08:39:01+00:00,MODE_57HZ,1701.0,57.09,5.17,38.0,1.244,2.365,1.935,0.4031,2.6016,-0.09499999999999997,0.5630000000000002,0.13400000000000012,1.104,2.1335,1.9385000000000001,0.7108906436486969,1,0.5571732283586782,True,28.910935635130308,HIGH,logistic_regression_v1,2026-08-04 15:56:49.319068+00:00,0,TRAIN
93707,2026-04-25 11:39:01+00:00,MODE_57HZ,1699.5,57.09,5.83,46.3,1.449,1.123,1.342,0.4187,2.6035,0.1100000000000001,-0.679,-0.45899999999999985,1.219,1.7966666666666666,1.7396666666666667,0.4937617917580834,0,0.5571732283586782,False,50.623820824191654,MEDIUM,logistic_regression_v1,2026-08-04 15:56:49.319068+00:00,0,TRAIN
93707,2026-04-25 12:39:01+00:00,MODE_57HZ,1701.4,57.09,4.98,44.7,0.935,1.685,1.401,0.3452,2.3672,-0.4039999999999999,-0.11699999999999999,-0.3999999999999999,1.2093333333333334,1.7243333333333335,1.5593333333333335,0.4517007525185723,0,0.5571732283586782,False,54.829924748142766,MEDIUM,logistic_regression_v1,2026-08-04 15:56:49.319068+00:00,0,TRAIN
93707,2026-04-25 13:39:01+00:00,MODE_57HZ,1701.2,57.09,5.09,45.2,1.339,1.963,2.83,0.3511,2.3223,0.0,0.16100000000000003,1.0290000000000001,1.241,1.5903333333333334,1.8576666666666668,0.5923225598062437,1,0.5571732283586782,True,40.76774401937563,HIGH,logistic_regression_v1,2026-08-04 15:56:49.319068+00:00,0,TRAIN
93707,2026-04-25 14:39:01+00:00,MODE_57HZ,1699.9,57.09,5.64,49.6,1.406,1.812,1.365,0.4058,2.5801,0.06699999999999995,0.010000000000000009,-0.43599999999999994,1.2266666666666666,1.82,1.8653333333333333,0.48641258257129283,0,0.5571732283586782,False,51.35874174287072,MEDIUM,logistic_regression_v1,2026-08-04 15:56:49.319068+00:00,1,TRAIN
93707,2026-04-25 16:39:01+00:00,MODE_57HZ,1701.1,57.09,5.12,42.5,1.172,1.364,1.713,0.4082,2.5938,-0.16700000000000004,-0.43799999999999994,-0.08799999999999986,1.3056666666666665,1.713,1.9693333333333334,0.471632823210865,0,0.5571732283586782,False,52.836717678913494,MEDIUM,logistic_regression_v1,2026-08-04 15:56:49.319068+00:00,1,TRAIN
93707,2026-04-25 20:39:01+00:00,MODE_57HZ,1699.8,57.09,5.68,42.4,1.444,1.15,1.09,0.3567,2.2793,0.10499999999999998,-0.6520000000000001,-0.7109999999999999,1.3406666666666667,1.442,1.3893333333333333,0.6130123729558246,1,0.5571732283586782,True,38.69876270441755,HIGH,logistic_regression_v1,2026-08-04 15:56:49.319068+00:00,1,TRAIN
93707,2026-04-26 11:40:01+00:00,OTHER,1449.8,48.62,4.36,33.2,1.624,3.885,0.811,0.5103,3.4961,1.0510000000000002,3.0229999999999997,0.21600000000000008,1.624,3.885,0.811,0.9149518885974006,1,0.5571732283586782,True,8.504811140259939,HIGH,logistic_regression_v1,2026-08-04 15:56:49.319068+00:00,1,TRAIN
93707,2026-04-26 17:40:01+00:00,OTHER,1260.0,42.28,3.55,37.4,1.045,1.021,0.546,0.4436,2.7207,0.472,0.15899999999999992,-0.04899999999999993,1.3345,2.453,0.6785000000000001,0.7689215418204203,1,0.5571732283586782,True,23.107845817957973,HIGH,logistic_regression_v1,2026-08-04 15:56:49.319068+00:00,0,TRAIN
93707,2026-04-26 18:40:01+00:00,OTHER,1260.0,42.31,3.96,41.6,0.982,0.84,0.446,0.407,2.377,0.40900000000000003,-0.02200000000000002,-0.14899999999999997,1.217,1.9153333333333333,0.6010000000000001,0.6221534233047811,1,0.5571732283586782,True,37.78465766952189,HIGH,logistic_regression_v1,2026-08-04 15:56:49.319068+00:00,0,TRAIN
93707,2026-04-26 22:40:01+00:00,OTHER,1250.1,42.31,8.15,39.1,0.918,0.841,0.599,0.4319,2.4902,0.3450000000000001,-0.02100000000000002,0.0040000000000000036,0.9816666666666667,0.9006666666666666,0.5303333333333333,0.618769166167221,1,0.5571732283586782,True,38.1230833832779,HIGH,logistic_regression_v1,2026-08-04 15:56:49.319068+00:00,0,TRAIN
93707,2026-04-26 23:40:01+00:00,OTHER,1260.4,42.31,3.81,40.1,0.807,0.992,0.413,0.4246,2.3477,0.2340000000000001,0.13,-0.182,0.9023333333333333,0.891,0.486,0.5981611349198394,1,0.5571732283586782,True,40.183886508016066,HIGH,logistic_regression_v1,2026-08-04 15:56:49.319068+00:00,1,TRAIN
93707,2026-04-27 02:40:01+00:00,OTHER,1259.8,42.31,4.04,36.7,1.132,1.052,0.444,0.4307,2.5137,0.5589999999999999,0.19000000000000006,-0.15099999999999997,0.9523333333333334,0.9616666666666667,0.48533333333333334,0.6891738712249539,1,0.5571732283586782,True,31.082612877504612,HIGH,logistic_regression_v1,2026-08-04 15:56:49.319068+00:00,1,TRAIN
93707,2026-04-27 03:40:01+00:00,OTHER,135.2,5.64,1.91,43.9,0.796,0.504,0.187,0.032,0.2148,0.2230000000000001,-0.358,-0.408,0.9116666666666666,0.8493333333333334,0.348,0.611332484983094,1,0.5571732283586782,True,38.8667515016906,HIGH,logistic_regression_v1,2026-08-04 15:56:49.319068+00:00,1,TRAIN
93707,2026-04-27 04:40:01+00:00,OTHER,1260.2,42.28,3.49,36.1,0.802,0.973,0.538,0.437,2.625,0.2290000000000001,0.11099999999999999,-0.05699999999999994,0.91,0.843,0.38966666666666666,0.45543581183368287,0,0.5571732283586782,False,54.45641881663171,MEDIUM,logistic_regression_v1,2026-08-04 15:56:49.319068+00:00,0,TRAIN
93707,2026-04-27 05:40:01+00:00,OTHER,1261.9,42.31,3.18,38.9,0.864,0.985,0.43,0.4253,2.373,0.29100000000000004,0.123,-0.16499999999999998,0.8206666666666667,0.8206666666666667,0.385,0.6779886269025611,1,0.5571732283586782,True,32.201137309743885,HIGH,logistic_regression_v1,2026-08-04 15:56:49.319068+00:00,0,TRAIN
93707,2026-04-27 06:40:01+00:00,OTHER,1260.5,42.31,3.74,42.1,0.79,0.887,0.471,0.4377,2.4258,0.21700000000000008,0.025000000000000022,-0.124,0.8186666666666667,0.9483333333333334,0.4796666666666667,0.5020930615904263,0,0.5571732283586782,False,49.79069384095737,MEDIUM,logistic_regression_v1,2026-08-04 15:56:49.319068+00:00,0,TRAIN
93707,2026-04-27 09:40:01+00:00,OTHER,1260.2,42.31,3.89,39.1,0.673,0.879,0.383,0.4485,2.6016,0.10000000000000009,0.017000000000000015,-0.21199999999999997,0.7756666666666667,0.917,0.428,0.5804821187302327,1,0.5571732283586782,True,41.95178812697673,HIGH,logistic_regression_v1,2026-08-04 15:56:49.319068+00:00,0,TRAIN
93707,2026-04-27 10:40:01+00:00,OTHER,1249.9,42.31,8.26,43.6,0.815,0.782,0.633,0.4243,2.3477,0.242,-0.07999999999999996,0.038000000000000034,0.7593333333333333,0.8493333333333334,0.49566666666666664,0.6681484194552623,1,0.5571732283586782,True,33.185158054473774,HIGH,logistic_regression_v1,2026-08-04 15:56:49.319068+00:00,0,TRAIN
93707,2026-04-27 11:40:01+00:00,OTHER,134.4,5.59,1.87,52.3,0.146,0.187,0.129,0.0222,0.1455,-0.42699999999999994,-0.675,-0.46599999999999997,0.5446666666666666,0.616,0.38166666666666665,0.3416247063359958,0,0.5571732283586782,False,65.83752936640042,MEDIUM,logistic_regression_v1,2026-08-04 15:56:49.319068+00:00,0,TRAIN
93707,2026-04-27 12:40:01+00:00,OTHER,1259.7,42.31,4.09,46.6,0.764,0.738,0.521,0.4429,2.5781,0.19100000000000006,-0.124,-0.07399999999999995,0.575,0.5690000000000001,0.4276666666666667,0.4375759153986491,0,0.5571732283586782,False,56.24240846013508,MEDIUM,logistic_regression_v1,2026-08-04 15:56:49.319068+00:00,0,TRAIN
93707,2026-04-27 13:40:01+00:00,OTHER,1253.9,42.31,6.56,45.8,0.636,0.769,0.5,0.4082,2.4023,0.06300000000000006,-0.09299999999999997,-0.09499999999999997,0.5153333333333333,0.5646666666666667,0.38333333333333336,0.6956123222798212,1,0.5571732283586782,True,30.438767772017883,HIGH,logistic_regression_v1,2026-08-04 15:56:49.319068+00:00,0,TRAIN
93707,2026-04-27 14:40:01+00:00,OTHER,1259.9,42.31,4.0,45.7,0.899,0.645,0.678,0.4114,2.4297,0.32600000000000007,-0.21699999999999997,0.08300000000000007,0.7663333333333333,0.7173333333333334,0.5663333333333334,0.6215404858508304,1,0.5571732283586782,True,37.845951414916954,HIGH,logistic_regression_v1,2026-08-04 15:56:49.319068+00:00,1,TRAIN
93707,2026-04-27 15:40:01+00:00,OTHER,1261.0,42.34,3.94,46.4,1.02,0.803,0.813,0.4075,2.3848,0.44700000000000006,-0.05899999999999994,0.21799999999999997,0.8516666666666667,0.739,0.6636666666666666,0.5078227122257487,0,0.5571732283586782,False,49.21772877742513,MEDIUM,logistic_regression_v1,2026-08-04 15:56:49.319068+00:00,1,TRAIN
93707,2026-04-27 17:40:01+00:00,MODE_50HZ,1478.0,49.94,10.04,52.7,0.212,0.293,0.195,0.0267,0.1465,0.05399999999999999,-0.03700000000000003,0.08800000000000001,0.2835,0.3835,0.1485,0.508140048608694,0,0.5571732283586782,False,49.1859951391306,MEDIUM,logistic_regression_v1,2026-08-04 15:56:49.319068+00:00,1,TRAIN
93707,2026-04-27 22:40:01+00:00,OTHER,1260.2,42.31,3.87,40.2,0.805,1.073,0.733,0.4446,2.7461,0.2320000000000001,0.21099999999999997,0.138,0.908,0.8403333333333334,0.7413333333333333,0.5126547500771608,0,0.5571732283586782,False,48.73452499228392,MEDIUM,logistic_regression_v1,2026-08-04 15:56:49.319068+00:00,0,TRAIN
93707,2026-04-28 01:40:01+00:00,OTHER,1260.3,42.34,4.23,41.5,0.733,0.848,0.565,0.4341,2.5879,0.16000000000000003,-0.014000000000000012,-0.030000000000000027,0.8526666666666667,0.908,0.7036666666666667,0.6573215888472662,1,0.5571732283586782,True,34.26784111527338,HIGH,logistic_regression_v1,2026-08-04 15:56:49.319068+00:00,0,TRAIN
93707,2026-04-28 03:40:01+00:00,OTHER,1260.0,42.25,3.16,38.9,0.856,0.797,0.638,0.4124,2.627,0.28300000000000003,-0.06499999999999995,0.04300000000000004,0.798,0.906,0.6453333333333333,0.6159200712730711,1,0.5571732283586782,True,38.40799287269289,HIGH,logistic_regression_v1,2026-08-04 15:56:49.319068+00:00,0,TRAIN
93707,2026-04-28 07:40:01+00:00,OTHER,1260.3,42.28,3.45,34.5,0.906,0.963,0.483,0.4253,2.5547,0.3330000000000001,0.10099999999999998,-0.11199999999999999,0.8316666666666667,0.8693333333333333,0.5619999999999999,0.6957738456142585,1,0.5571732283586782,True,30.42261543857415,HIGH,logistic_regression_v1,2026-08-04 15:56:49.319068+00:00,0,TRAIN
93707,2026-04-28 09:40:01+00:00,OTHER,1260.1,42.31,3.91,40.8,0.938,0.694,0.46,0.4326,2.5332,0.365,-0.16800000000000004,-0.13499999999999995,0.9,0.818,0.527,0.6940075727081286,1,0.5571732283586782,True,30.599242729187136,HIGH,logistic_regression_v1,2026-08-04 15:56:49.319068+00:00,0,TRAIN
93707,2026-04-28 10:40:01+00:00,OTHER,1260.3,42.31,3.85,43.8,0.758,0.753,0.592,0.4219,2.4375,0.18500000000000005,-0.10899999999999999,-0.0030000000000000027,0.8673333333333333,0.8033333333333333,0.5116666666666667,0.4005968582610732,0,0.5571732283586782,False,59.94031417389267,MEDIUM,logistic_regression_v1,2026-08-04 15:56:49.319068+00:00,0,TRAIN
93707,2026-04-28 14:40:01+00:00,OTHER,1260.5,42.31,3.77,41.9,0.671,0.796,0.474,0.4294,2.4336,0.09800000000000009,-0.06599999999999995,-0.121,0.789,0.7476666666666667,0.5086666666666667,0.49325840827446393,0,0.5571732283586782,False,50.6741591725536,MEDIUM,logistic_regression_v1,2026-08-04 15:56:49.319068+00:00,0,TRAIN
93707,2026-04-28 15:40:01+00:00,OTHER,1259.7,42.31,4.11,43.8,0.677,0.755,0.657,0.4133,2.3984,0.10400000000000009,-0.10699999999999998,0.062000000000000055,0.7020000000000001,0.768,0.5743333333333334,0.5304427321556584,0,0.5571732283586782,False,46.95572678443416,MEDIUM,logistic_regression_v1,2026-08-04 15:56:49.319068+00:00,0,TRAIN
93707,2026-04-28 16:40:01+00:00,OTHER,1260.1,42.31,3.92,45.8,0.904,0.821,0.757,0.437,2.4219,0.33100000000000007,-0.041000000000000036,0.16200000000000003,0.7506666666666667,0.7906666666666666,0.6293333333333333,0.43161784017880966,0,0.5571732283586782,False,56.83821598211903,MEDIUM,logistic_regression_v1,2026-08-04 15:56:49.319068+00:00,0,TRAIN
93707,2026-04-28 19:40:01+00:00,MODE_50HZ,1495.4,50.03,2.76,49.6,0.255,0.319,0.089,0.0208,0.1313,0.097,-0.01100000000000001,-0.018000000000000002,0.274,0.362,0.12866666666666668,0.5835407970366239,1,0.5571732283586782,True,41.645920296337614,HIGH,logistic_regression_v1,2026-08-04 15:56:49.319068+00:00,0,TRAIN
93707,2026-04-28 21:26:39+00:00,MODE_50HZ,1477.2,49.97,,41.9,0.164,0.262,0.078,0.0222,0.1236,0.006000000000000005,-0.068,-0.028999999999999998,0.21033333333333334,0.29133333333333333,0.12066666666666667,0.663424899160197,1,0.5571732283586782,True,33.6575100839803,HIGH,logistic_regression_v1,2026-08-04 15:56:49.319068+00:00,1,TRAIN
93707,2026-04-29 01:00:00+00:00,OTHER,1255.8,42.28,5.33,37.0,0.869,0.891,0.441,0.4221,2.4609,0.29600000000000004,0.029000000000000026,-0.15399999999999997,0.8166666666666667,0.8223333333333334,0.6183333333333334,0.672642066957182,1,0.5571732283586782,True,32.7357933042818,HIGH,logistic_regression_v1,2026-08-04 15:56:49.319068+00:00,1,TRAIN
93707,2026-04-29 12:00:00+00:00,OTHER,1260.1,42.31,3.94,40.7,1.052,0.946,0.469,0.4333,2.5898,0.4790000000000001,0.08399999999999996,-0.126,0.9416666666666667,0.886,0.5556666666666666,0.8046065804583823,1,0.5571732283586782,True,19.53934195416177,HIGH,logistic_regression_v1,2026-08-04 15:56:49.319068+00:00,1,TRAIN
93707,2026-04-29 15:00:00+00:00,OTHER,1260.6,42.31,3.72,42.1,0.816,1.059,0.479,0.4578,2.752,0.243,0.19699999999999995,-0.11599999999999999,0.9123333333333333,0.9653333333333333,0.46299999999999997,0.5526176308224583,0,0.5571732283586782,False,44.73823691775417,MEDIUM,logistic_regression_v1,2026-08-04 15:56:49.319068+00:00,1,TRAIN
93707,2026-04-29 18:00:00+00:00,OTHER,1260.4,42.25,3.0,40.3,0.957,0.886,0.455,0.4365,2.498,0.384,0.02400000000000002,-0.13999999999999996,0.9416666666666667,0.9636666666666667,0.4676666666666667,0.6375616687133426,1,0.5571732283586782,True,36.243833128665734,HIGH,logistic_regression_v1,2026-08-04 15:56:49.319068+00:00,1,TRAIN
93707,2026-04-29 20:00:00+00:00,OTHER,1259.8,42.28,3.64,39.3,0.697,1.127,0.483,0.4465,2.75,0.124,0.265,-0.11199999999999999,0.8233333333333333,1.024,0.4723333333333333,0.6508442939704248,1,0.5571732283586782,True,34.91557060295752,HIGH,logistic_regression_v1,2026-08-04 15:56:49.319068+00:00,1,TRAIN
93707,2026-04-29 23:00:00+00:00,OTHER,1260.2,42.28,3.49,34.3,0.789,1.085,0.481,0.4314,2.6289,0.21600000000000008,0.22299999999999998,-0.11399999999999999,0.8143333333333334,1.0326666666666666,0.473,0.6881935176113515,1,0.5571732283586782,True,31.18064823886485,HIGH,logistic_regression_v1,2026-08-04 15:56:49.319068+00:00,1,TRAIN
93707,2026-04-30 00:00:00+00:00,OTHER,1259.7,42.31,4.07,39.2,0.817,0.789,0.443,0.4194,2.416,0.244,-0.07299999999999995,-0.15199999999999997,0.7676666666666666,1.0003333333333333,0.469,0.7336334347155269,1,0.5571732283586782,True,26.63665652844731,HIGH,logistic_regression_v1,2026-08-04 15:56:49.319068+00:00,1,TRAIN
93707,2026-04-30 02:00:00+00:00,OTHER,1255.2,42.31,5.98,36.1,0.941,1.04,0.537,0.4414,2.6621,0.368,0.17800000000000005,-0.05799999999999994,0.849,0.9713333333333334,0.487,0.624493977429011,1,0.5571732283586782,True,37.550602257098895,HIGH,logistic_regression_v1,2026-08-04 15:56:49.319068+00:00,0,TRAIN
93707,2026-04-30 03:00:00+00:00,OTHER,1251.2,42.31,7.68,39.4,0.689,1.2,0.479,0.4133,2.416,0.11599999999999999,0.33799999999999997,-0.11599999999999999,0.8156666666666667,1.0096666666666667,0.48633333333333334,0.6722295590251071,1,0.5571732283586782,True,32.777044097489295,HIGH,logistic_regression_v1,2026-08-04 15:56:49.319068+00:00,0,TRAIN
93707,2026-04-30 04:00:00+00:00,OTHER,1260.4,42.28,3.42,42.1,0.873,0.891,0.5,0.4397,2.4531,0.30000000000000004,0.029000000000000026,-0.09499999999999997,0.8343333333333333,1.0436666666666667,0.5053333333333333,0.5066595293847216,0,0.5571732283586782,False,49.33404706152784,MEDIUM,logistic_regression_v1,2026-08-04 15:56:49.319068+00:00,0,TRAIN
93707,2026-04-30 07:00:00+00:00,OTHER,1007.8,33.94,3.52,36.6,1.522,0.964,1.16,0.4048,2.3047,0.9490000000000001,0.10199999999999998,0.565,1.028,1.0183333333333333,0.713,0.45026298545356763,0,0.5571732283586782,False,54.97370145464324,MEDIUM,logistic_regression_v1,2026-08-04 15:56:49.319068+00:00,0,TRAIN
93707,2026-04-30 08:00:00+00:00,OTHER,1008.7,33.94,3.19,40.9,1.452,0.807,0.916,0.3638,1.9424,0.879,-0.05499999999999994,0.32100000000000006,1.2823333333333333,0.8873333333333333,0.8586666666666667,0.5433708177212694,0,0.5571732283586782,False,45.662918227873064,MEDIUM,logistic_regression_v1,2026-08-04 15:56:49.319068+00:00,0,TRAIN
93707,2026-04-30 09:00:00+00:00,OTHER,1001.9,33.94,5.49,43.9,1.192,0.888,0.824,0.366,2.0391,0.619,0.026000000000000023,0.22899999999999998,1.3886666666666667,0.8863333333333333,0.9666666666666667,0.325912564697359,0,0.5571732283586782,False,67.40874353026409,MEDIUM,logistic_regression_v1,2026-08-04 15:56:49.319068+00:00,0,TRAIN
93707,2026-04-30 12:00:00+00:00,OTHER,1008.4,33.91,2.99,44.6,1.508,1.444,0.867,0.3748,2.0938,0.935,0.582,0.272,1.384,1.0463333333333333,0.869,0.2647735656031792,0,0.5571732283586782,False,73.52264343968208,LOW,logistic_regression_v1,2026-08-04 15:56:49.319068+00:00,0,TRAIN
93707,2026-04-30 13:00:00+00:00,OTHER,999.0,33.94,6.51,47.2,1.014,0.964,0.929,0.3572,2.0625,0.44100000000000006,0.10199999999999998,0.3340000000000001,1.238,1.0986666666666667,0.8733333333333333,0.298659060907292,0,0.5571732283586782,False,70.1340939092708,MEDIUM,logistic_regression_v1,2026-08-04 15:56:49.319068+00:00,0,TRAIN
93707,2026-04-30 14:00:00+00:00,OTHER,997.0,33.94,7.18,48.4,0.846,1.256,0.846,0.3025,1.8955,0.273,0.394,0.251,1.1226666666666667,1.2213333333333334,0.8806666666666667,0.38052945884530426,0,0.5571732283586782,False,61.94705411546957,MEDIUM,logistic_regression_v1,2026-08-04 15:56:49.319068+00:00,0,TRAIN
93707,2026-04-30 15:00:00+00:00,OTHER,998.4,33.91,6.37,47.7,1.334,1.036,0.911,0.355,2.1816,0.7610000000000001,0.17400000000000004,0.31600000000000006,1.0646666666666667,1.0853333333333333,0.8953333333333333,0.47605404582262956,0,0.5571732283586782,False,52.394595417737044,MEDIUM,logistic_regression_v1,2026-08-04 15:56:49.319068+00:00,0,TRAIN
93707,2026-05-01 22:00:00+00:00,OTHER,440.9,14.8,0.48,24.2,0.476,0.823,0.487,0.2063,1.3291,-0.09699999999999998,-0.039000000000000035,-0.10799999999999998,0.8853333333333333,1.0383333333333333,0.748,0.4628150399132975,0,0.5571732283586782,False,53.71849600867024,MEDIUM,logistic_regression_v1,2026-08-04 15:56:49.319068+00:00,0,TRAIN
93707,2026-05-01 23:00:00+00:00,OTHER,692.8,23.22,0.87,30.1,0.479,0.731,1.04,0.2571,1.4814,-0.09399999999999997,-0.131,0.44500000000000006,0.763,0.8633333333333333,0.8126666666666666,0.44024542212628576,0,0.5571732283586782,False,55.97545778737143,MEDIUM,logistic_regression_v1,2026-08-04 15:56:49.319068+00:00,0,TRAIN
93707,2026-05-02 01:00:00+00:00,OTHER,692.9,23.22,0.86,33.9,0.42,0.862,1.446,0.2888,1.6934,-0.15299999999999997,0.0,0.851,0.4583333333333333,0.8053333333333333,0.991,0.03467106140111008,0,0.5571732283586782,False,96.53289385988899,LOW,logistic_regression_v1,2026-08-04 15:56:49.319068+00:00,0,TRAIN
93707,2026-05-02 03:00:00+00:00,OTHER,693.3,23.23,0.87,37.2,0.464,0.906,2.104,0.3225,1.8418,-0.10899999999999993,0.04400000000000004,1.5090000000000001,0.4543333333333333,0.833,1.53,0.016222459507578828,0,0.5571732283586782,False,98.37775404924211,LOW,logistic_regression_v1,2026-08-04 15:56:49.319068+00:00,0,TRAIN
93707,2026-05-02 04:00:00+00:00,OTHER,693.5,23.27,1.04,37.8,0.473,0.812,1.676,0.3298,1.7861,-0.09999999999999998,-0.04999999999999993,1.081,0.4523333333333333,0.86,1.742,0.02900686663051921,0,0.5571732283586782,False,97.09931333694809,LOW,logistic_regression_v1,2026-08-04 15:56:49.319068+00:00,0,TRAIN
93707,2026-05-02 05:00:00+00:00,OTHER,692.3,23.27,1.31,39.8,0.426,0.785,0.521,0.3357,1.7129,-0.14699999999999996,-0.07699999999999996,-0.07399999999999995,0.4543333333333333,0.8343333333333334,1.4336666666666666,0.13696452071709125,0,0.5571732283586782,False,86.30354792829087,LOW,logistic_regression_v1,2026-08-04 15:56:49.319068+00:00,0,TRAIN
93707,2026-05-02 06:00:00+00:00,OTHER,690.8,23.27,1.66,39.6,0.488,0.862,3.828,0.3359,1.7461,-0.08499999999999996,0.0,3.2329999999999997,0.4623333333333333,0.8196666666666667,2.0083333333333333,0.001556727015882071,0,0.5571732283586782,False,99.8443272984118,LOW,logistic_regression_v1,2026-08-04 15:56:49.319068+00:00,0,TRAIN
93707,2026-05-02 07:00:00+00:00,OTHER,690.7,23.25,1.59,43.4,0.406,0.831,0.638,0.3401,1.6934,-0.16699999999999993,-0.031000000000000028,0.04300000000000004,0.44,0.826,1.6623333333333332,0.10745641421678345,0,0.5571732283586782,False,89.25435857832166,LOW,logistic_regression_v1,2026-08-04 15:56:49.319068+00:00,0,TRAIN
93707,2026-05-02 08:00:00+00:00,OTHER,689.1,23.27,2.07,40.2,0.402,0.854,1.558,0.3257,1.6406,-0.17099999999999993,-0.008000000000000007,0.9630000000000001,0.432,0.849,2.008,0.029168951294336214,0,0.5571732283586782,False,97.08310487056639,LOW,logistic_regression_v1,2026-08-04 15:56:49.319068+00:00,0,TRAIN
93707,2026-05-02 09:00:00+00:00,OTHER,692.4,23.27,1.3,40.2,0.436,0.752,2.941,0.3242,1.6572,-0.13699999999999996,-0.10999999999999999,2.346,0.4146666666666667,0.8123333333333334,1.7123333333333333,0.007702341169498144,0,0.5571732283586782,False,99.22976588305018,LOW,logistic_regression_v1,2026-08-04 15:56:49.319068+00:00,0,TRAIN
93707,2026-05-02 10:00:00+00:00,OTHER,692.6,23.27,1.26,40.7,0.442,0.88,0.701,0.3259,1.667,-0.13099999999999995,0.018000000000000016,0.10599999999999998,0.4266666666666667,0.8286666666666667,1.7333333333333334,0.10458414240389138,0,0.5571732283586782,False,89.54158575961087,LOW,logistic_regression_v1,2026-08-04 15:56:49.319068+00:00,0,TRAIN
93707,2026-05-02 11:00:00+00:00,OTHER,692.7,23.28,1.33,40.6,0.395,0.962,1.892,0.3252,1.6475,-0.17799999999999994,0.09999999999999998,1.297,0.42433333333333334,0.8646666666666667,1.8446666666666667,0.01730404842193902,0,0.5571732283586782,False,98.2695951578061,LOW,logistic_regression_v1,2026-08-04 15:56:49.319068+00:00,0,TRAIN
93707,2026-05-02 15:00:00+00:00,OTHER,755.9,25.31,0.87,38.7,0.73,1.613,0.382,0.3655,1.9453,0.15700000000000003,0.751,-0.21299999999999997,0.5223333333333333,1.1516666666666666,0.9916666666666666,0.22209441288290085,0,0.5571732283586782,False,77.7905587117099,LOW,logistic_regression_v1,2026-08-04 15:56:49.319068+00:00,0,TRAIN
93707,2026-05-02 18:00:00+00:00,OTHER,627.1,21.2,1.9,37.8,0.79,1.418,0.787,0.4233,2.3906,0.21700000000000008,0.5559999999999999,0.19200000000000006,0.6383333333333333,1.331,1.0203333333333333,0.21163153646076352,0,0.5571732283586782,False,78.83684635392365,LOW,logistic_regression_v1,2026-08-04 15:56:49.319068+00:00,0,TRAIN
93707,2026-05-02 19:00:00+00:00,OTHER,624.4,21.2,2.47,41.2,0.636,1.33,0.578,0.4194,2.5801,0.06300000000000006,0.4680000000000001,-0.017000000000000015,0.7186666666666667,1.4536666666666667,0.5823333333333334,0.3407246032536088,0,0.5571732283586782,False,65.9275396746391,MEDIUM,logistic_regression_v1,2026-08-04 15:56:49.319068+00:00,0,TRAIN
93707,2026-05-02 20:00:00+00:00,OTHER,145.8,5.03,0.25,43.0,0.159,0.3,0.098,0.0109,0.0781,-0.4139999999999999,-0.562,-0.497,0.5283333333333333,1.016,0.4876666666666667,0.40406369481829335,0,0.5571732283586782,False,59.593630518170656,MEDIUM,logistic_regression_v1,2026-08-04 15:56:49.319068+00:00,0,TRAIN
93707,2026-05-02 22:00:00+00:00,OTHER,629.8,21.17,1.13,37.4,0.654,1.165,0.616,0.374,2.0703,0.08100000000000007,0.30300000000000005,0.02100000000000002,0.48300000000000004,0.9316666666666668,0.43066666666666664,0.21642542117574373,0,0.5571732283586782,False,78.35745788242563,LOW,logistic_regression_v1,2026-08-04 15:56:49.319068+00:00,0,TRAIN
93707,2026-05-02 23:00:00+00:00,OTHER,629.5,21.19,1.3,38.7,0.618,1.366,0.559,0.4138,2.2969,0.04500000000000004,0.5040000000000001,-0.03599999999999992,0.47700000000000004,0.9436666666666668,0.42433333333333334,0.21811268468002998,0,0.5571732283586782,False,78.188731531997,LOW,logistic_regression_v1,2026-08-04 15:56:49.319068+00:00,0,TRAIN
93707,2026-05-03 01:00:00+00:00,OTHER,630.3,21.2,1.24,36.9,0.716,1.508,0.668,0.4417,2.3828,0.14300000000000002,0.646,0.07300000000000006,0.6626666666666666,1.3463333333333334,0.6143333333333334,0.19156729262390534,0,0.5571732283586782,False,80.84327073760946,LOW,logistic_regression_v1,2026-08-04 15:56:49.319068+00:00,0,TRAIN
93707,2026-05-03 03:00:00+00:00,OTHER,629.2,21.19,1.36,38.1,0.797,1.406,0.859,0.4233,2.3535,0.2240000000000001,0.5439999999999999,0.264,0.7103333333333334,1.4266666666666667,0.6953333333333334,0.2324048961287172,0,0.5571732283586782,False,76.75951038712829,LOW,logistic_regression_v1,2026-08-04 15:56:49.319068+00:00,0,TRAIN
93707,2026-05-03 05:00:00+00:00,OTHER,628.8,21.16,1.25,37.7,0.612,1.427,0.565,0.415,2.4453,0.039000000000000035,0.5650000000000001,-0.030000000000000027,0.7083333333333334,1.447,0.6973333333333334,0.29023441854587284,0,0.5571732283586782,False,70.97655814541271,MEDIUM,logistic_regression_v1,2026-08-04 15:56:49.319068+00:00,0,TRAIN
93707,2026-05-03 06:00:00+00:00,OTHER,630.0,21.11,0.69,36.6,0.687,1.612,1.06,0.3572,2.2129,0.1140000000000001,0.7500000000000001,0.4650000000000001,0.6986666666666667,1.4816666666666667,0.828,0.21632033156646593,0,0.5571732283586782,False,78.36796684335341,LOW,logistic_regression_v1,2026-08-04 15:56:49.319068+00:00,0,TRAIN
93707,2026-05-03 07:00:00+00:00,OTHER,629.8,21.12,0.82,37.3,0.706,1.218,0.562,0.3662,2.2441,0.133,0.356,-0.03299999999999992,0.6683333333333333,1.419,0.729,0.3710340108962806,0,0.5571732283586782,False,62.896598910371935,MEDIUM,logistic_regression_v1,2026-08-04 15:56:49.319068+00:00,0,TRAIN
93707,2026-05-03 08:00:00+00:00,OTHER,629.8,21.12,0.83,37.8,0.62,1.161,0.761,0.3528,2.1895,0.04700000000000004,0.29900000000000004,0.16600000000000004,0.671,1.3303333333333334,0.7943333333333333,0.20352244309139564,0,0.5571732283586782,False,79.64775569086044,LOW,logistic_regression_v1,2026-08-04 15:56:49.319068+00:00,0,TRAIN
93707,2026-05-03 11:00:00+00:00,MODE_50HZ,1493.7,49.97,,38.9,0.192,0.255,0.076,0.0194,0.1113,0.034,-0.07500000000000001,-0.031,0.20366666666666666,0.2786666666666667,0.081,0.8963387972871265,1,0.5571732283586782,True,10.366120271287349,HIGH,logistic_regression_v1,2026-08-04 15:56:49.319068+00:00,0,TRAIN
93707,2026-05-03 13:00:00+00:00,OTHER,629.8,21.23,1.53,36.8,0.688,1.596,0.623,0.4465,2.4609,0.11499999999999999,0.7340000000000001,0.028000000000000025,0.6713333333333333,1.325,0.6486666666666667,0.20479964401428893,0,0.5571732283586782,False,79.5200355985711,LOW,logistic_regression_v1,2026-08-04 15:56:49.319068+00:00,0,TRAIN
93707,2026-05-03 16:00:00+00:00,OTHER,503.5,17.09,1.6,37.8,0.542,1.012,0.638,0.3154,1.6299,-0.030999999999999917,0.15000000000000002,0.04300000000000004,0.6166666666666667,1.2563333333333333,0.674,0.2396511860068756,0,0.5571732283586782,False,76.03488139931244,LOW,logistic_regression_v1,2026-08-04 15:56:49.319068+00:00,0,TRAIN
93707,2026-05-03 17:00:00+00:00,OTHER,504.0,17.08,1.42,42.1,0.59,1.011,0.7,0.3289,1.7959,0.017000000000000015,0.1489999999999999,0.10499999999999998,0.6066666666666667,1.2063333333333333,0.6536666666666666,0.2066391862715411,0,0.5571732283586782,False,79.3360813728459,LOW,logistic_regression_v1,2026-08-04 15:56:49.319068+00:00,0,TRAIN
93707,2026-05-03 18:00:00+00:00,OTHER,504.0,17.09,1.51,41.1,0.507,0.789,0.726,0.2927,1.5361,-0.06599999999999995,-0.07299999999999995,0.131,0.5463333333333333,0.9373333333333334,0.688,0.10195027484915994,0,0.5571732283586782,False,89.804972515084,LOW,logistic_regression_v1,2026-08-04 15:56:49.319068+00:00,0,TRAIN
93707,2026-05-03 19:00:00+00:00,OTHER,503.6,17.09,1.58,41.2,0.637,0.916,0.714,0.3164,1.7939,0.06400000000000006,0.05400000000000005,0.119,0.578,0.9053333333333333,0.7133333333333333,0.15884940669811853,0,0.5571732283586782,False,84.11505933018815,LOW,logistic_regression_v1,2026-08-04 15:56:49.319068+00:00,0,TRAIN
93707,2026-05-03 20:00:00+00:00,OTHER,503.6,17.09,1.58,41.9,0.499,0.642,0.742,0.2893,1.4531,-0.07399999999999995,-0.21999999999999997,0.14700000000000002,0.5476666666666666,0.7823333333333333,0.7273333333333333,0.10136671256207035,0,0.5571732283586782,False,89.86332874379298,LOW,logistic_regression_v1,2026-08-04 15:56:49.319068+00:00,0,TRAIN
93707,2026-05-03 21:00:00+00:00,OTHER,503.8,17.09,1.54,41.3,0.602,0.855,0.705,0.2991,1.6396,0.029000000000000026,-0.007000000000000006,0.10999999999999999,0.5793333333333334,0.8043333333333333,0.7203333333333333,0.1253024583452399,0,0.5571732283586782,False,87.469754165476,LOW,logistic_regression_v1,2026-08-04 15:56:49.319068+00:00,0,TRAIN
93707,2026-05-03 23:00:00+00:00,OTHER,504.1,17.12,1.66,39.8,0.787,0.91,0.777,0.3176,1.7588,0.21400000000000008,0.04800000000000004,0.18200000000000005,0.6293333333333333,0.8023333333333333,0.7413333333333333,0.13991666784337747,0,0.5571732283586782,False,86.00833321566226,LOW,logistic_regression_v1,2026-08-04 15:56:49.319068+00:00,0,TRAIN
93707,2026-05-04 00:00:00+00:00,OTHER,503.9,17.12,1.69,43.9,0.477,0.896,0.696,0.3198,1.7734,-0.09599999999999997,0.03400000000000003,0.10099999999999998,0.622,0.887,0.726,0.11781624675130264,0,0.5571732283586782,False,88.21837532486974,LOW,logistic_regression_v1,2026-08-04 15:56:49.319068+00:00,0,TRAIN
93707,2026-05-04 01:00:00+00:00,OTHER,503.7,17.12,1.72,42.0,0.573,0.765,0.702,0.2954,1.5713,0.0,-0.09699999999999998,0.10699999999999998,0.6123333333333333,0.857,0.725,0.11024760805651071,0,0.5571732283586782,False,88.97523919434893,LOW,logistic_regression_v1,2026-08-04 15:56:49.319068+00:00,0,TRAIN
93707,2026-05-04 02:00:00+00:00,OTHER,503.7,17.12,1.72,41.8,0.449,0.84,0.687,0.313,1.7334,-0.12399999999999994,-0.02200000000000002,0.09200000000000008,0.49966666666666665,0.8336666666666667,0.695,0.13830055185886614,0,0.5571732283586782,False,86.16994481411339,LOW,logistic_regression_v1,2026-08-04 15:56:49.319068+00:00,0,TRAIN
93707,2026-05-04 03:00:00+00:00,OTHER,503.9,17.12,1.69,42.7,0.535,0.762,0.698,0.2954,1.5615,-0.03799999999999992,-0.09999999999999998,0.10299999999999998,0.519,0.789,0.6956666666666667,0.12414237427227072,0,0.5571732283586782,False,87.58576257277294,LOW,logistic_regression_v1,2026-08-04 15:56:49.319068+00:00,0,TRAIN
93707,2026-05-04 04:00:00+00:00,OTHER,504.2,17.12,1.63,42.2,0.527,0.631,0.657,0.2949,1.6523,-0.04599999999999993,-0.23099999999999998,0.062000000000000055,0.5036666666666667,0.7443333333333333,0.6806666666666666,0.14174054136501837,0,0.5571732283586782,False,85.82594586349816,LOW,logistic_regression_v1,2026-08-04 15:56:49.319068+00:00,0,TRAIN
93707,2026-05-04 06:00:00+00:00,OTHER,503.6,17.12,1.73,41.7,0.421,0.719,0.673,0.2856,1.5322,-0.15199999999999997,-0.14300000000000002,0.07800000000000007,0.49433333333333335,0.704,0.676,0.1124631057767444,0,0.5571732283586782,False,88.75368942232555,LOW,logistic_regression_v1,2026-08-04 15:56:49.319068+00:00,0,TRAIN
93707,2026-05-04 07:00:00+00:00,OTHER,503.8,17.12,1.71,43.2,0.593,0.832,0.616,0.3179,1.7002,0.020000000000000018,-0.030000000000000027,0.02100000000000002,0.5136666666666667,0.7273333333333333,0.6486666666666667,0.1308291535661343,0,0.5571732283586782,False,86.91708464338657,LOW,logistic_regression_v1,2026-08-04 15:56:49.319068+00:00,0,TRAIN
93707,2026-05-04 08:00:00+00:00,OTHER,503.8,17.12,1.7,41.8,0.454,0.698,0.636,0.2869,1.5752,-0.11899999999999994,-0.16400000000000003,0.041000000000000036,0.48933333333333334,0.7496666666666666,0.6416666666666667,0.12956923292760567,0,0.5571732283586782,False,87.04307670723944,LOW,logistic_regression_v1,2026-08-04 15:56:49.319068+00:00,0,TRAIN
93707,2026-05-04 09:00:00+00:00,OTHER,503.8,17.12,1.7,41.2,0.775,0.986,0.641,0.334,1.7178,0.20200000000000007,0.124,0.04600000000000004,0.6073333333333334,0.8386666666666667,0.631,0.14974952380485457,0,0.5571732283586782,False,85.02504761951455,LOW,logistic_regression_v1,2026-08-04 15:56:49.319068+00:00,0,TRAIN
93707,2026-05-04 10:00:00+00:00,OTHER,503.9,17.12,1.68,42.0,0.493,0.704,0.731,0.293,1.5859,-0.07999999999999996,-0.15800000000000003,0.136,0.5740000000000001,0.7959999999999999,0.6693333333333333,0.12216475344468845,0,0.5571732283586782,False,87.78352465553115,LOW,logistic_regression_v1,2026-08-04 15:56:49.319068+00:00,0,TRAIN
93707,2026-05-04 11:00:00+00:00,OTHER,503.8,17.12,1.7,42.4,0.543,0.784,0.694,0.3032,1.6523,-0.029999999999999916,-0.07799999999999996,0.09899999999999998,0.6036666666666667,0.8246666666666667,0.6886666666666666,0.12836447634557407,0,0.5571732283586782,False,87.1635523654426,LOW,logistic_regression_v1,2026-08-04 15:56:49.319068+00:00,0,TRAIN
93707,2026-05-04 12:00:00+00:00,OTHER,503.8,17.12,1.7,43.2,0.357,0.592,0.623,0.2925,1.5459,-0.21599999999999997,-0.27,0.028000000000000025,0.4643333333333333,0.6933333333333334,0.6826666666666666,0.1050736978114165,0,0.5571732283586782,False,89.49263021885835,LOW,logistic_regression_v1,2026-08-04 15:56:49.319068+00:00,0,TRAIN
93707,2026-05-04 13:00:00+00:00,OTHER,503.8,17.12,1.71,42.3,0.466,0.772,0.64,0.3105,1.667,-0.10699999999999993,-0.08999999999999997,0.04500000000000004,0.45533333333333337,0.716,0.6523333333333333,0.1129249830403333,0,0.5571732283586782,False,88.70750169596667,LOW,logistic_regression_v1,2026-08-04 15:56:49.319068+00:00,0,TRAIN
93707,2026-05-04 15:00:00+00:00,OTHER,503.7,17.12,1.72,42.8,0.376,0.635,0.712,0.2944,1.5283,-0.19699999999999995,-0.22699999999999998,0.11699999999999999,0.39966666666666667,0.6663333333333333,0.6583333333333333,0.1027664074395667,0,0.5571732283586782,False,89.72335925604334,LOW,logistic_regression_v1,2026-08-04 15:56:49.319068+00:00,0,TRAIN
93707,2026-05-04 16:00:00+00:00,OTHER,503.8,17.12,1.71,42.4,0.539,0.891,0.684,0.321,1.7959,-0.03399999999999992,0.029000000000000026,0.08900000000000008,0.46033333333333337,0.766,0.6786666666666666,0.12318838956511946,0,0.5571732283586782,False,87.68116104348806,LOW,logistic_regression_v1,2026-08-04 15:56:49.319068+00:00,0,TRAIN
93707,2026-05-04 17:00:00+00:00,OTHER,504.0,17.14,1.76,43.3,0.451,0.674,0.662,0.3015,1.5713,-0.12199999999999994,-0.18799999999999994,0.06700000000000006,0.45533333333333337,0.7333333333333334,0.686,0.11481048942291992,0,0.5571732283586782,False,88.51895105770801,LOW,logistic_regression_v1,2026-08-04 15:56:49.319068+00:00,0,TRAIN
93707,2026-05-04 18:00:00+00:00,OTHER,504.4,17.14,1.69,42.8,0.562,0.768,0.625,0.3054,1.6006,-0.010999999999999899,-0.09399999999999997,0.030000000000000027,0.5173333333333334,0.7776666666666667,0.657,0.13152361404133145,0,0.5571732283586782,False,86.84763859586685,LOW,logistic_regression_v1,2026-08-04 15:56:49.319068+00:00,0,TRAIN
93707,2026-05-04 22:00:00+00:00,OTHER,314.4,10.75,0.87,35.4,0.439,0.458,0.196,0.1385,0.8379,-0.13399999999999995,-0.40399999999999997,-0.39899999999999997,0.48400000000000004,0.6333333333333334,0.49433333333333335,0.3500745019093142,0,0.5571732283586782,False,64.99254980906858,MEDIUM,logistic_regression_v1,2026-08-04 15:56:49.319068+00:00,0,TRAIN
93707,2026-05-04 23:00:00+00:00,OTHER,314.8,10.75,0.83,39.5,0.393,0.476,0.204,0.1606,0.8867,-0.17999999999999994,-0.386,-0.391,0.4646666666666667,0.5673333333333334,0.3416666666666667,0.3134489050193062,0,0.5571732283586782,False,68.65510949806938,MEDIUM,logistic_regression_v1,2026-08-04 15:56:49.319068+00:00,0,TRAIN
93707,2026-05-05 01:00:00+00:00,OTHER,314.9,10.7,0.66,41.7,0.348,0.479,0.278,0.1686,0.9224,-0.22499999999999998,-0.383,-0.31699999999999995,0.3933333333333333,0.471,0.226,0.07463274237891071,0,0.5571732283586782,False,92.53672576210893,LOW,logistic_regression_v1,2026-08-04 15:56:49.319068+00:00,0,TRAIN
93707,2026-05-05 02:00:00+00:00,OTHER,315.1,10.7,0.61,41.9,0.298,0.375,0.183,0.167,0.9209,-0.27499999999999997,-0.487,-0.412,0.3463333333333333,0.4433333333333333,0.22166666666666668,0.09901827760595062,0,0.5571732283586782,False,90.09817223940495,LOW,logistic_regression_v1,2026-08-04 15:56:49.319068+00:00,0,TRAIN
93707,2026-05-05 03:00:00+00:00,OTHER,314.9,10.7,0.66,42.4,0.277,0.444,0.252,0.168,0.8994,-0.29599999999999993,-0.418,-0.34299999999999997,0.30766666666666664,0.43266666666666664,0.23766666666666666,0.09210181776103374,0,0.5571732283586782,False,90.78981822389662,LOW,logistic_regression_v1,2026-08-04 15:56:49.319068+00:00,0,TRAIN
93707,2026-05-05 04:00:00+00:00,OTHER,315.2,10.7,0.64,42.4,0.362,0.454,0.265,0.1719,0.9346,-0.21099999999999997,-0.408,-0.32999999999999996,0.31233333333333335,0.42433333333333334,0.23333333333333334,0.100817617844181,0,0.5571732283586782,False,89.91823821558191,LOW,logistic_regression_v1,2026-08-04 15:56:49.319068+00:00,0,TRAIN
93707,2026-05-05 06:00:00+00:00,OTHER,315.1,10.7,0.64,42.4,0.319,0.424,0.224,0.174,0.9614,-0.25399999999999995,-0.438,-0.371,0.31933333333333336,0.44066666666666665,0.247,0.11086766820679146,0,0.5571732283586782,False,88.91323317932086,LOW,logistic_regression_v1,2026-08-04 15:56:49.319068+00:00,0,TRAIN
93707,2026-05-05 07:00:00+00:00,OTHER,314.7,10.7,0.66,42.2,0.469,0.546,0.231,0.1678,0.9009,-0.10399999999999998,-0.31599999999999995,-0.364,0.3833333333333333,0.4746666666666667,0.24000000000000002,0.1165831146724227,0,0.5571732283586782,False,88.34168853275773,LOW,logistic_regression_v1,2026-08-04 15:56:49.319068+00:00,0,TRAIN
93707,2026-05-05 08:00:00+00:00,OTHER,315.1,10.7,0.64,42.4,0.362,0.456,0.235,0.1713,0.8896,-0.21099999999999997,-0.40599999999999997,-0.36,0.3833333333333333,0.47533333333333333,0.23,0.10117349578814802,0,0.5571732283586782,False,89.88265042118519,LOW,logistic_regression_v1,2026-08-04 15:56:49.319068+00:00,0,TRAIN
93707,2026-05-05 10:00:01+00:00,OTHER,314.1,10.7,0.72,42.3,0.455,0.537,0.305,0.173,0.9155,-0.11799999999999994,-0.32499999999999996,-0.29,0.42866666666666664,0.513,0.257,0.10300623064198444,0,0.5571732283586782,False,89.69937693580155,LOW,logistic_regression_v1,2026-08-04 15:56:49.319068+00:00,0,TRAIN
93707,2026-05-05 11:00:01+00:00,OTHER,315.1,10.7,0.65,41.8,0.549,0.489,0.216,0.1676,0.9067,-0.02399999999999991,-0.373,-0.379,0.45533333333333337,0.494,0.252,0.13513222809995407,0,0.5571732283586782,False,86.48677719000459,LOW,logistic_regression_v1,2026-08-04 15:56:49.319068+00:00,0,TRAIN
93707,2026-05-05 14:00:01+00:00,MODE_50HZ,1480.1,50.03,10.39,38.5,0.161,0.267,0.085,0.012,0.0811,0.0030000000000000027,-0.063,-0.021999999999999992,0.17233333333333334,0.26133333333333336,0.07966666666666666,0.7936458441549439,1,0.5571732283586782,True,20.635415584505612,HIGH,logistic_regression_v1,2026-08-04 15:56:49.319068+00:00,1,TRAIN
93707,2026-05-05 15:00:01+00:00,OTHER,152.7,5.27,0.28,36.7,0.199,0.288,0.108,0.0214,0.1309,-0.37399999999999994,-0.5740000000000001,-0.487,0.401,0.438,0.20966666666666667,0.16350184447227584,0,0.5571732283586782,False,83.64981555277242,LOW,logistic_regression_v1,2026-08-04 15:56:49.319068+00:00,1,TRAIN
93707,2026-05-05 16:00:01+00:00,OTHER,170.7,5.78,0.16,35.6,0.226,0.337,0.213,0.0703,0.4124,-0.347,-0.5249999999999999,-0.382,0.3246666666666667,0.37133333333333335,0.179,0.1587987128970394,0,0.5571732283586782,False,84.12012871029606,LOW,logistic_regression_v1,2026-08-04 15:56:49.319068+00:00,1,TRAIN
93707,2026-05-05 19:00:01+00:00,OTHER,1323.7,44.41,3.77,38.9,0.909,0.827,0.656,0.4604,2.6758,0.3360000000000001,-0.03500000000000003,0.061000000000000054,0.4446666666666667,0.484,0.32566666666666666,0.5533319482479032,0,0.5571732283586782,False,44.66680517520968,MEDIUM,logistic_regression_v1,2026-08-04 15:56:49.319068+00:00,1,TRAIN
93707,2026-05-05 21:27:13+00:00,MODE_50HZ,1476.5,50.03,,40.2,0.19,0.237,0.061,0.0154,0.1113,0.032,-0.09300000000000003,-0.046,0.181,0.253,0.074,0.7084804918100305,1,0.5571732283586782,True,29.15195081899695,HIGH,logistic_regression_v1,2026-08-04 15:56:49.319068+00:00,1,TRAIN
93707,2026-05-05 23:00:01+00:00,OTHER,1071.1,36.0,3.21,35.2,0.866,1.083,0.787,0.4517,2.9492,0.29300000000000004,0.22099999999999997,0.19200000000000006,0.667,0.749,0.552,0.48614983830923714,0,0.5571732283586782,False,51.385016169076295,MEDIUM,logistic_regression_v1,2026-08-04 15:56:49.319068+00:00,0,TRAIN
93707,2026-05-06 00:00:01+00:00,OTHER,1071.0,36.0,3.24,37.4,1.014,0.987,0.865,0.3845,2.2695,0.44100000000000006,0.125,0.27,0.9296666666666666,0.9656666666666667,0.7693333333333333,0.5799503816442775,1,0.5571732283586782,True,42.00496183557225,HIGH,logistic_regression_v1,2026-08-04 15:56:49.319068+00:00,0,TRAIN
93707,2026-05-06 01:00:01+00:00,OTHER,1060.6,36.0,6.98,39.2,0.779,0.921,0.794,0.3818,2.4082,0.20600000000000007,0.05900000000000005,0.19900000000000007,0.8863333333333333,0.997,0.8153333333333334,0.5700363010585029,1,0.5571732283586782,True,42.99636989414971,HIGH,logistic_regression_v1,2026-08-04 15:56:49.319068+00:00,0,TRAIN
93707,2026-05-06 03:00:01+00:00,OTHER,1071.1,36.0,3.21,40.3,0.766,0.772,0.721,0.3835,2.1133,0.19300000000000006,-0.08999999999999997,0.126,0.853,0.8933333333333333,0.7933333333333333,0.32187714876328927,0,0.5571732283586782,False,67.81228512367107,MEDIUM,logistic_regression_v1,2026-08-04 15:56:49.319068+00:00,0,TRAIN
93707,2026-05-06 04:00:01+00:00,OTHER,1061.2,36.0,6.76,39.6,0.92,0.882,0.804,0.3662,2.1133,0.3470000000000001,0.020000000000000018,0.20900000000000007,0.8216666666666667,0.8583333333333334,0.773,0.45666786436603674,0,0.5571732283586782,False,54.333213563396335,MEDIUM,logistic_regression_v1,2026-08-04 15:56:49.319068+00:00,0,TRAIN
93707,2026-05-06 06:00:01+00:00,OTHER,1070.8,36.0,3.31,42.7,0.812,0.813,0.729,0.417,2.3555,0.2390000000000001,-0.049000000000000044,0.134,0.8326666666666667,0.8223333333333334,0.7513333333333333,0.36768877005439915,0,0.5571732283586782,False,63.23112299456008,MEDIUM,logistic_regression_v1,2026-08-04 15:56:49.319068+00:00,0,TRAIN
93707,2026-05-06 07:00:01+00:00,OTHER,1061.9,36.0,6.51,41.1,1.002,1.044,0.888,0.3706,2.0371,0.42900000000000005,0.18200000000000005,0.29300000000000004,0.9113333333333333,0.913,0.807,0.38268868779249304,0,0.5571732283586782,False,61.73113122075069,MEDIUM,logistic_regression_v1,2026-08-04 15:56:49.319068+00:00,0,TRAIN
93707,2026-05-06 10:00:01+00:00,OTHER,158.6,5.52,,45.6,0.298,0.357,0.169,0.0223,0.1479,-0.27499999999999997,-0.505,-0.42599999999999993,0.7040000000000001,0.738,0.5953333333333334,0.4991432928336502,0,0.5571732283586782,False,50.08567071663498,MEDIUM,logistic_regression_v1,2026-08-04 15:56:49.319068+00:00,0,TRAIN
93707,2026-05-06 11:00:01+00:00,OTHER,1007.8,34.0,4.14,39.6,1.609,1.349,0.937,0.3911,2.2793,1.036,0.487,0.3420000000000001,0.9696666666666667,0.9166666666666666,0.6646666666666667,0.3963850515701626,0,0.5571732283586782,False,60.361494842983745,MEDIUM,logistic_regression_v1,2026-08-04 15:56:49.319068+00:00,0,TRAIN
93707,2026-05-06 12:00:01+00:00,OTHER,1008.2,34.0,4.01,43.1,2.105,1.148,1.155,0.3669,2.0469,1.532,0.2859999999999999,0.56,1.3373333333333333,0.9513333333333333,0.7536666666666667,0.5271066904590445,0,0.5571732283586782,False,47.289330954095554,MEDIUM,logistic_regression_v1,2026-08-04 15:56:49.319068+00:00,0,TRAIN
93707,2026-05-06 13:00:01+00:00,OTHER,1008.0,34.0,4.08,44.3,1.624,1.271,1.045,0.3713,1.9824,1.0510000000000002,0.4089999999999999,0.44999999999999996,1.7793333333333334,1.256,1.0456666666666667,0.2781783543879592,0,0.5571732283586782,False,72.18216456120408,LOW,logistic_regression_v1,2026-08-04 15:56:49.319068+00:00,0,TRAIN
93707,2026-05-06 16:00:01+00:00,OTHER,1000.1,33.88,5.47,42.3,1.906,0.856,0.851,0.3789,2.1055,1.333,-0.006000000000000005,0.256,1.8783333333333334,1.0916666666666666,1.017,0.52995608140844,0,0.5571732283586782,False,47.004391859156,MEDIUM,logistic_regression_v1,2026-08-04 15:56:49.319068+00:00,0,TRAIN
93707,2026-05-06 19:00:01+00:00,OTHER,1008.0,33.91,3.1,41.5,1.833,1.052,0.923,0.3879,2.0879,1.26,0.19000000000000006,0.32800000000000007,1.7876666666666667,1.0596666666666668,0.9396666666666667,0.43099867942409376,0,0.5571732283586782,False,56.900132057590625,MEDIUM,logistic_regression_v1,2026-08-04 15:56:49.319068+00:00,0,TRAIN
93707,2026-05-07 02:00:01+00:00,MODE_57HZ,1699.5,57.09,5.85,38.3,0.958,1.413,1.09,0.3887,2.4551,-0.381,-0.389,-0.7109999999999999,1.1913333333333334,1.309,1.2976666666666667,0.9309608565031697,1,0.5571732283586782,True,6.903914349683027,HIGH,logistic_regression_v1,2026-08-04 15:56:49.319068+00:00,0,TRAIN
93707,2026-05-07 05:00:01+00:00,MODE_57HZ,1701.5,57.12,5.35,41.6,1.959,1.44,2.023,0.3445,2.459,0.6200000000000001,-0.3620000000000001,0.2220000000000002,1.4536666666666667,1.3343333333333334,1.401,0.6127601579877934,1,0.5571732283586782,True,38.72398420122066,HIGH,logistic_regression_v1,2026-08-04 15:56:49.319068+00:00,0,TRAIN
93707,2026-05-07 06:00:01+00:00,MODE_57HZ,1701.1,57.12,5.54,42.2,1.267,2.486,2.662,0.3694,2.3301,-0.07200000000000006,0.6840000000000002,0.861,1.3946666666666667,1.7796666666666667,1.925,0.37668573167181846,0,0.5571732283586782,False,62.33142683281816,MEDIUM,logistic_regression_v1,2026-08-04 15:56:49.319068+00:00,0,TRAIN
93707,2026-05-07 10:00:01+00:00,MODE_50HZ,1478.3,49.97,10.36,47.0,0.157,0.243,0.1,0.0196,0.1372,-0.0010000000000000009,-0.08700000000000002,-0.006999999999999992,0.16933333333333334,0.249,0.082,0.6104956922320758,1,0.5571732283586782,True,38.95043077679242,HIGH,logistic_regression_v1,2026-08-04 15:56:49.319068+00:00,0,TRAIN
93707,2026-05-07 11:00:01+00:00,MODE_57HZ,1701.8,57.12,5.22,40.8,1.081,2.703,2.088,0.4038,2.5449,-0.258,0.9009999999999998,0.28700000000000014,1.4356666666666666,2.2096666666666667,2.2576666666666667,0.5382553259212324,0,0.5571732283586782,False,46.17446740787676,MEDIUM,logistic_regression_v1,2026-08-04 15:56:49.319068+00:00,0,TRAIN
93707,2026-05-07 14:00:01+00:00,MODE_57HZ,1701.8,57.16,5.62,46.6,1.119,1.668,2.238,0.4226,2.5645,-0.21999999999999997,-0.13400000000000012,0.43700000000000006,1.1556666666666666,2.2856666666666667,2.3293333333333335,0.5858482771233837,1,0.5571732283586782,True,41.415172287661626,HIGH,logistic_regression_v1,2026-08-04 15:56:49.319068+00:00,0,TRAIN
93707,2026-05-07 16:00:01+00:00,MODE_57HZ,1701.3,57.12,5.43,45.2,1.25,1.727,2.121,0.436,2.9023,-0.08899999999999997,-0.07499999999999996,0.32000000000000006,1.15,2.0326666666666666,2.149,0.5439345614881496,0,0.5571732283586782,False,45.606543851185045,MEDIUM,logistic_regression_v1,2026-08-04 15:56:49.319068+00:00,0,TRAIN
93707,2026-05-07 18:00:01+00:00,MODE_57HZ,1701.6,57.16,5.71,42.7,1.396,1.818,2.266,0.3962,2.6152,0.05699999999999994,0.016000000000000014,0.4650000000000001,1.255,1.7376666666666667,2.2083333333333335,0.675861816290983,1,0.5571732283586782,True,32.4138183709017,HIGH,logistic_regression_v1,2026-08-04 15:56:49.319068+00:00,0,TRAIN
93707,2026-05-07 20:00:01+00:00,MODE_57HZ,1701.5,57.16,5.75,44.6,1.388,1.33,2.348,0.4082,2.6211,0.04899999999999993,-0.472,0.5469999999999999,1.3446666666666667,1.625,2.245,0.5994298512474503,1,0.5571732283586782,True,40.05701487525497,HIGH,logistic_regression_v1,2026-08-04 15:56:49.319068+00:00,0,TRAIN
93707,2026-05-08 02:00:01+00:00,MODE_57HZ,1701.3,57.12,5.46,40.4,1.658,1.35,2.203,0.3887,2.4277,0.31899999999999995,-0.45199999999999996,0.4019999999999999,1.4806666666666666,1.4993333333333334,2.272333333333333,0.4447262264442147,0,0.5571732283586782,False,55.52737735557854,MEDIUM,logistic_regression_v1,2026-08-04 15:56:49.319068+00:00,0,TRAIN
93707,2026-05-08 04:00:01+00:00,MODE_50HZ,1494.3,50.0,,46.3,0.169,0.264,0.094,0.0225,0.1772,0.01100000000000001,-0.066,-0.012999999999999998,0.17200000000000001,0.248,0.085,0.464846030100686,0,0.5571732283586782,False,53.515396989931396,MEDIUM,logistic_regression_v1,2026-08-04 15:56:49.319068+00:00,0,TRAIN
93707,2026-05-08 05:00:01+00:00,MODE_57HZ,1701.9,57.12,5.18,37.4,1.523,1.454,2.705,0.407,2.9531,0.18399999999999994,-0.3480000000000001,0.9040000000000001,1.523,1.3780000000000001,2.4186666666666667,0.6896528405852376,1,0.5571732283586782,True,31.034715941476243,HIGH,logistic_regression_v1,2026-08-04 15:56:49.319068+00:00,0,TRAIN
93707,2026-05-08 06:00:01+00:00,MODE_57HZ,1701.3,57.16,5.86,42.2,1.14,2.111,0.93,0.3757,2.6328,-0.19900000000000007,0.30900000000000016,-0.8709999999999999,1.4403333333333332,1.6383333333333334,1.946,0.5737815282351019,1,0.5571732283586782,True,42.621847176489815,HIGH,logistic_regression_v1,2026-08-04 15:56:49.319068+00:00,1,TRAIN
93707,2026-05-08 07:00:01+00:00,MODE_57HZ,1701.3,57.16,5.86,50.9,1.303,1.178,2.404,0.405,2.4648,-0.03600000000000003,-0.6240000000000001,0.603,1.3219999999999998,1.581,2.013,0.31854343935712925,0,0.5571732283586782,False,68.14565606428708,MEDIUM,logistic_regression_v1,2026-08-04 15:56:49.319068+00:00,1,TRAIN
93707,2026-05-10 20:00:01+00:00,OTHER,999.0,33.84,5.52,37.0,0.905,1.42,0.61,0.3103,2.0723,0.3320000000000001,0.5579999999999999,0.015000000000000013,1.548,1.1093333333333333,0.7946666666666666,0.6369112647043036,1,0.5571732283586782,True,36.30887352956964,HIGH,logistic_regression_v1,2026-08-04 15:56:49.319068+00:00,1,TRAIN
93707,2026-05-10 22:00:01+00:00,MODE_57HZ,1701.5,57.19,6.17,42.2,1.533,3.867,1.735,0.6021,3.3262,0.19399999999999995,2.065,-0.06599999999999984,1.3253333333333333,2.3853333333333335,1.6896666666666667,0.4810179324376298,0,0.5571732283586782,False,51.898206756237016,MEDIUM,logistic_regression_v1,2026-08-04 15:56:49.319068+00:00,1,TRAIN
93707,2026-05-10 23:00:01+00:00,MODE_57HZ,1701.5,57.19,6.17,42.1,1.325,2.77,2.041,0.5693,3.6836,-0.014000000000000012,0.968,0.24,1.387,2.605,2.06,0.8177407920541234,1,0.5571732283586782,True,18.22592079458766,HIGH,logistic_regression_v1,2026-08-04 15:56:49.319068+00:00,1,TRAIN
93707,2026-05-11 01:00:01+00:00,MODE_57HZ,1701.3,57.19,6.26,43.2,1.525,3.275,2.365,0.5991,3.9062,0.18599999999999994,1.4729999999999999,0.5640000000000003,1.4609999999999999,3.304,2.047,0.8745342028353403,1,0.5571732283586782,True,12.546579716465967,HIGH,logistic_regression_v1,2026-08-04 15:56:49.319068+00:00,1,TRAIN
93707,2026-05-11 02:00:01+00:00,MODE_57HZ,1702.0,57.19,5.95,42.4,1.42,2.281,1.097,0.5034,3.6992,0.08099999999999996,0.4790000000000001,-0.704,1.4233333333333333,2.775333333333333,1.8343333333333334,0.901198239381051,1,0.5571732283586782,True,9.880176061894897,HIGH,logistic_regression_v1,2026-08-04 15:56:49.319068+00:00,1,TRAIN
93707,2026-05-11 04:00:01+00:00,MODE_57HZ,1701.0,57.19,6.38,42.4,2.279,2.049,3.281,0.4827,3.2754,0.94,0.2469999999999999,1.4800000000000002,1.7413333333333332,2.535,2.247666666666667,0.8371445746131858,1,0.5571732283586782,True,16.28554253868142,HIGH,logistic_regression_v1,2026-08-04 15:56:49.319068+00:00,1,TRAIN
93707,2026-05-11 05:00:01+00:00,MODE_57HZ,1700.9,57.19,6.44,42.8,1.234,2.727,1.539,0.5601,3.7188,-0.10499999999999998,0.9249999999999998,-0.262,1.6443333333333332,2.352333333333333,1.9723333333333333,0.7546224591830042,1,0.5571732283586782,True,24.537754081699582,HIGH,logistic_regression_v1,2026-08-04 15:56:49.319068+00:00,1,TRAIN
93707,2026-05-11 06:00:01+00:00,MODE_57HZ,1701.9,57.16,5.61,43.5,1.569,1.915,1.282,0.4688,3.1758,0.22999999999999998,0.11299999999999999,-0.5189999999999999,1.694,2.2303333333333333,2.0340000000000003,0.7383811216289058,1,0.5571732283586782,True,26.161887837109422,HIGH,logistic_regression_v1,2026-08-04 15:56:49.319068+00:00,1,TRAIN
93707,2026-05-11 07:00:01+00:00,MODE_57HZ,1701.4,57.19,6.21,43.7,1.671,2.062,1.516,0.4849,3.2148,0.3320000000000001,0.2599999999999998,-0.2849999999999999,1.4913333333333334,2.2346666666666666,1.4456666666666667,0.763389139926795,1,0.5571732283586782,True,23.6610860073205,HIGH,logistic_regression_v1,2026-08-04 15:56:49.319068+00:00,1,TRAIN
93707,2026-05-11 10:00:01+00:00,MODE_57HZ,1701.8,57.16,5.64,39.1,0.989,2.635,1.071,0.4622,3.0801,-0.35,0.8329999999999997,-0.73,1.4096666666666666,2.2039999999999997,1.2896666666666667,0.7033567185809357,1,0.5571732283586782,True,29.664328141906427,HIGH,logistic_regression_v1,2026-08-04 15:56:49.319068+00:00,1,TRAIN
93707,2026-05-11 14:00:01+00:00,MODE_50HZ,1458.7,50.0,20.67,50.2,0.673,0.75,0.161,0.0656,0.4404,0.515,0.42,0.054000000000000006,0.333,0.419,0.11833333333333333,0.9863433604346725,1,0.5571732283586782,True,1.3656639565327477,HIGH,logistic_regression_v1,2026-08-04 15:56:49.319068+00:00,1,TRAIN
93707,2026-05-11 15:00:01+00:00,MODE_57HZ,1701.8,57.19,6.04,45.9,1.194,2.221,1.44,0.4824,3.4609,-0.14500000000000002,0.41900000000000004,-0.361,1.2846666666666666,2.306,1.3423333333333334,0.8331321663610102,1,0.5571732283586782,True,16.686783363898982,HIGH,logistic_regression_v1,2026-08-04 15:56:49.319068+00:00,1,TRAIN
93707,2026-05-11 16:00:01+00:00,MODE_57HZ,1701.2,57.19,6.31,49.1,1.691,2.984,0.949,0.4983,3.4824,0.3520000000000001,1.182,-0.852,1.2913333333333334,2.6133333333333333,1.1533333333333333,0.7095203667866311,1,0.5571732283586782,True,29.04796332133689,HIGH,logistic_regression_v1,2026-08-04 15:56:49.319068+00:00,1,TRAIN
93707,2026-05-11 17:00:01+00:00,MODE_57HZ,1701.2,57.19,6.31,46.6,1.492,2.229,1.671,0.449,2.9883,0.15300000000000002,0.42700000000000005,-0.1299999999999999,1.459,2.478,1.3533333333333333,0.7063492070645269,1,0.5571732283586782,True,29.365079293547314,HIGH,logistic_regression_v1,2026-08-04 15:56:49.319068+00:00,1,TRAIN
93707,2026-05-11 18:00:01+00:00,MODE_57HZ,1702.0,57.16,5.56,47.9,1.562,2.561,1.024,0.4858,3.0879,0.2230000000000001,0.7589999999999999,-0.7769999999999999,1.5816666666666668,2.5913333333333335,1.2146666666666668,0.7038704295082618,1,0.5571732283586782,True,29.612957049173815,HIGH,logistic_regression_v1,2026-08-04 15:56:49.319068+00:00,1,TRAIN
93707,2026-05-11 19:00:01+00:00,MODE_57HZ,1701.5,57.19,6.17,45.3,1.802,2.041,2.738,0.47,3.2988,0.4630000000000001,0.23899999999999988,0.937,1.6186666666666667,2.277,1.811,0.7498000751422577,1,0.5571732283586782,True,25.019992485774235,HIGH,logistic_regression_v1,2026-08-04 15:56:49.319068+00:00,1,TRAIN
93707,2026-05-11 20:00:01+00:00,MODE_57HZ,1701.5,57.19,6.18,46.3,1.289,3.314,1.502,0.4282,2.9629,-0.050000000000000044,1.512,-0.29899999999999993,1.551,2.6386666666666665,1.7546666666666666,0.7730930414761247,1,0.5571732283586782,True,22.69069585238753,HIGH,logistic_regression_v1,2026-08-04 15:56:49.319068+00:00,1,TRAIN
93707,2026-05-11 21:00:01+00:00,MODE_57HZ,1700.7,57.16,6.11,46.2,1.216,2.498,2.674,0.4402,2.9219,-0.123,0.6960000000000002,0.873,1.4356666666666666,2.6176666666666666,2.304666666666667,0.6864023744144339,1,0.5571732283586782,True,31.359762558556614,HIGH,logistic_regression_v1,2026-08-04 15:56:49.319068+00:00,1,TRAIN
93707,2026-05-11 22:00:01+00:00,MODE_57HZ,1701.4,57.16,5.81,48.1,1.689,2.568,2.592,0.4648,3.4883,0.3500000000000001,0.766,0.7910000000000001,1.398,2.7933333333333334,2.2560000000000002,0.8282527880035043,1,0.5571732283586782,True,17.174721199649568,HIGH,logistic_regression_v1,2026-08-04 15:56:49.319068+00:00,1,TRAIN
93707,2026-05-11 23:00:01+00:00,MODE_57HZ,1701.8,57.16,5.63,45.8,1.346,2.842,2.182,0.4199,2.8633,0.007000000000000117,1.04,0.381,1.417,2.636,2.482666666666667,0.7469992013656496,1,0.5571732283586782,True,25.300079863435045,HIGH,logistic_regression_v1,2026-08-04 15:56:49.319068+00:00,1,TRAIN
93707,2026-05-12 00:00:01+00:00,MODE_57HZ,1701.0,57.16,5.98,48.3,1.529,2.508,1.583,0.4661,3.3945,0.18999999999999995,0.706,-0.21799999999999997,1.5213333333333334,2.6393333333333335,2.119,0.8140969766538034,1,0.5571732283586782,True,18.590302334619658,HIGH,logistic_regression_v1,2026-08-04 15:56:49.319068+00:00,0,TRAIN
93707,2026-05-12 01:00:01+00:00,MODE_57HZ,1701.0,57.16,6.01,44.4,1.394,1.862,2.598,0.4307,3.0156,0.05499999999999994,0.06000000000000005,0.7969999999999999,1.423,2.404,2.121,0.7466164602327536,1,0.5571732283586782,True,25.338353976724637,HIGH,logistic_regression_v1,2026-08-04 15:56:49.319068+00:00,1,TRAIN
93707,2026-05-12 03:00:01+00:00,MODE_57HZ,1701.7,57.16,5.68,45.6,1.205,1.888,1.094,0.4395,2.9551,-0.1339999999999999,0.08599999999999985,-0.7069999999999999,1.376,2.086,1.7583333333333333,0.7095569116942434,1,0.5571732283586782,True,29.04430883057566,HIGH,logistic_regression_v1,2026-08-04 15:56:49.319068+00:00,1,TRAIN
93707,2026-05-12 04:00:01+00:00,MODE_57HZ,1701.6,57.16,5.75,44.0,1.48,1.859,1.776,0.4426,2.8203,0.14100000000000001,0.05699999999999994,-0.02499999999999991,1.3596666666666666,1.8696666666666666,1.8226666666666667,0.5931126987727341,1,0.5571732283586782,True,40.68873012272659,HIGH,logistic_regression_v1,2026-08-04 15:56:49.319068+00:00,1,TRAIN
93707,2026-05-12 06:00:01+00:00,MODE_57HZ,1699.7,57.16,6.57,45.2,1.143,2.811,1.66,0.4773,3.1816,-0.19599999999999995,1.009,-0.14100000000000001,1.276,2.186,1.51,0.7009810975739145,1,0.5571732283586782,True,29.90189024260855,HIGH,logistic_regression_v1,2026-08-04 15:56:49.319068+00:00,1,TRAIN
93707,2026-05-12 08:00:01+00:00,MODE_57HZ,1699.9,57.19,6.86,45.9,1.37,2.902,1.871,0.468,3.0996,0.03100000000000014,1.1,0.07000000000000006,1.331,2.524,1.769,0.7254373847577144,1,0.5571732283586782,True,27.456261524228566,HIGH,logistic_regression_v1,2026-08-04 15:56:49.319068+00:00,0,TRAIN
93707,2026-05-12 10:00:01+00:00,MODE_57HZ,1701.0,57.16,5.99,47.9,1.495,2.732,1.809,0.4319,2.9492,0.15600000000000014,0.9300000000000002,0.008000000000000007,1.336,2.815,1.78,0.8060089964510929,1,0.5571732283586782,True,19.39910035489071,HIGH,logistic_regression_v1,2026-08-04 15:56:49.319068+00:00,1,TRAIN
93707,2026-05-12 11:00:01+00:00,MODE_57HZ,1702.1,57.16,5.5,49.1,1.676,2.127,1.002,0.4282,3.0391,0.33699999999999997,0.32499999999999973,-0.7989999999999999,1.5136666666666667,2.587,1.5606666666666666,0.7174185106486188,1,0.5571732283586782,True,28.258148935138117,HIGH,logistic_regression_v1,2026-08-04 15:56:49.319068+00:00,1,TRAIN
93707,2026-05-12 13:00:01+00:00,OTHER,1318.3,44.12,2.41,50.1,0.812,1.084,0.626,0.2233,1.4658,0.2390000000000001,0.2220000000000001,0.031000000000000028,1.1833333333333333,1.1853333333333333,0.7196666666666667,0.6017568511760895,1,0.5571732283586782,True,39.82431488239106,HIGH,logistic_regression_v1,2026-08-04 15:56:49.319068+00:00,1,TRAIN
93707,2026-05-12 14:00:01+00:00,MODE_57HZ,1701.5,57.12,5.35,47.7,1.309,2.486,0.945,0.5,3.2539,-0.030000000000000027,0.6840000000000002,-0.856,1.4933333333333334,2.4483333333333333,1.252,0.6731070308429455,1,0.5571732283586782,True,32.68929691570545,HIGH,logistic_regression_v1,2026-08-04 15:56:49.319068+00:00,0,TRAIN
93707,2026-05-12 15:00:01+00:00,MODE_57HZ,1701.2,57.16,5.9,48.3,2.094,1.89,1.853,0.436,2.9336,0.7549999999999999,0.08799999999999986,0.052000000000000046,1.6929999999999998,2.167666666666667,1.2666666666666666,0.7010498503218326,1,0.5571732283586782,True,29.895014967816735,HIGH,logistic_regression_v1,2026-08-04 15:56:49.319068+00:00,0,TRAIN
93707,2026-05-12 17:00:01+00:00,MODE_57HZ,1701.6,57.16,5.72,45.9,1.365,3.516,1.019,0.4448,2.9902,0.026000000000000023,1.714,-0.782,1.5893333333333333,2.630666666666667,1.2723333333333333,0.6683116300370336,1,0.5571732283586782,True,33.16883699629663,HIGH,logistic_regression_v1,2026-08-04 15:56:49.319068+00:00,0,TRAIN
93707,2026-05-12 21:00:01+00:00,MODE_57HZ,1701.9,57.16,5.61,44.8,1.591,1.84,1.796,0.4126,2.7832,0.252,0.038000000000000034,-0.004999999999999893,1.6833333333333333,2.4153333333333333,1.556,0.5963062475458276,1,0.5571732283586782,True,40.36937524541724,HIGH,logistic_regression_v1,2026-08-04 15:56:49.319068+00:00,1,TRAIN
93707,2026-05-12 21:28:14+00:00,OTHER,686.0,23.94,7.7,55.9,0.275,0.632,0.126,0.0274,0.1929,-0.29799999999999993,-0.22999999999999998,-0.469,0.664,1.0453333333333334,0.454,0.24723778787545567,0,0.5571732283586782,False,75.27622121245443,LOW,logistic_regression_v1,2026-08-04 15:56:49.319068+00:00,1,TRAIN
93707,2026-05-12 23:00:00+00:00,MODE_57HZ,1701.7,57.19,6.07,43.2,1.19,1.778,1.491,0.4441,2.8672,-0.14900000000000002,-0.02400000000000002,-0.30999999999999983,1.382,2.378,1.4353333333333333,0.6108903201116619,1,0.5571732283586782,True,38.91096798883381,HIGH,logistic_regression_v1,2026-08-04 15:56:49.319068+00:00,1,TRAIN
93707,2026-05-13 00:00:01+00:00,OTHER,608.6,20.75,2.88,50.2,1.388,3.781,2.113,0.502,3.3047,0.815,2.919,1.518,0.825,1.8323333333333334,0.955,0.025579728679516755,0,0.5571732283586782,False,97.44202713204832,LOW,logistic_regression_v1,2026-08-04 15:56:49.319068+00:00,0,TRAIN
93707,2026-05-13 01:00:01+00:00,MODE_50HZ,1494.3,49.97,2.39,53.4,0.166,0.268,0.217,0.0099,0.082,0.008000000000000007,-0.062,0.11,0.336,0.42733333333333334,0.15733333333333333,0.1405930362858655,0,0.5571732283586782,False,85.94069637141345,LOW,logistic_regression_v1,2026-08-04 15:56:49.319068+00:00,0,TRAIN
93707,2026-05-13 04:00:01+00:00,MODE_57HZ,1701.3,57.19,6.25,42.4,1.657,1.784,2.082,0.4409,2.6836,0.31800000000000006,-0.018000000000000016,0.2809999999999999,1.4793333333333334,1.8006666666666666,1.7896666666666667,0.5900133584419879,1,0.5571732283586782,True,40.998664155801215,HIGH,logistic_regression_v1,2026-08-04 15:56:49.319068+00:00,0,TRAIN
93707,2026-05-13 05:00:01+00:00,MODE_57HZ,1701.3,57.19,6.28,43.5,1.422,1.64,1.71,0.4031,2.6914,0.08299999999999996,-0.16200000000000014,-0.09099999999999997,1.423,1.734,1.761,0.6504030462228192,1,0.5571732283586782,True,34.95969537771808,HIGH,logistic_regression_v1,2026-08-04 15:56:49.319068+00:00,1,TRAIN
93707,2026-05-13 06:00:01+00:00,MODE_57HZ,1701.3,57.19,6.26,44.8,1.146,1.577,1.622,0.4258,2.832,-0.19300000000000006,-0.2250000000000001,-0.17899999999999983,1.4083333333333332,1.667,1.8046666666666666,0.5970714806770387,1,0.5571732283586782,True,40.292851932296124,HIGH,logistic_regression_v1,2026-08-04 15:56:49.319068+00:00,1,TRAIN
93707,2026-05-13 07:00:01+00:00,MODE_57HZ,1678.0,57.19,16.43,46.0,1.056,1.734,1.696,0.4187,2.7305,-0.2829999999999999,-0.06800000000000006,-0.10499999999999998,1.208,1.6503333333333332,1.676,0.777050054402804,1,0.5571732283586782,True,22.294994559719605,HIGH,logistic_regression_v1,2026-08-04 15:56:49.319068+00:00,1,TRAIN
93707,2026-05-13 10:00:01+00:00,MODE_50HZ,1494.1,49.97,2.49,48.6,0.854,1.168,0.746,0.3401,2.2012,0.696,0.8379999999999999,0.639,0.5643333333333334,0.7286666666666667,0.37466666666666665,0.03880669085834159,0,0.5571732283586782,False,96.11933091416584,LOW,logistic_regression_v1,2026-08-04 15:56:49.319068+00:00,0,TRAIN
93707,2026-05-13 13:00:01+00:00,MODE_57HZ,1696.6,57.16,7.92,46.6,1.444,2.143,1.806,0.4307,3.0625,0.10499999999999998,0.34099999999999975,0.0050000000000001155,1.2153333333333334,1.8179999999999998,1.708,0.6807779109245857,1,0.5571732283586782,True,31.922208907541428,HIGH,logistic_regression_v1,2026-08-04 15:56:49.319068+00:00,0,TRAIN
93707,2026-05-13 14:00:01+00:00,MODE_57HZ,1701.7,57.19,6.08,48.4,1.331,1.595,1.816,0.4353,2.7207,-0.008000000000000007,-0.20700000000000007,0.015000000000000124,1.277,1.8239999999999998,1.7726666666666666,0.525398689385796,0,0.5571732283586782,False,47.4601310614204,MEDIUM,logistic_regression_v1,2026-08-04 15:56:49.319068+00:00,0,TRAIN
93707,2026-05-13 16:00:01+00:00,OTHER,314.9,10.71,0.69,57.7,0.302,0.551,0.383,0.0879,0.5127,-0.27099999999999996,-0.31099999999999994,-0.21199999999999997,0.655,1.6546666666666667,0.874,0.32287966257476347,0,0.5571732283586782,False,67.71203374252366,MEDIUM,logistic_regression_v1,2026-08-04 15:56:49.319068+00:00,0,TRAIN
93707,2026-05-13 20:00:01+00:00,MODE_57HZ,1689.3,57.16,11.09,44.1,1.533,1.609,1.532,0.4414,2.707,0.19399999999999995,-0.19300000000000006,-0.2689999999999999,1.436,1.7823333333333333,1.718,0.5840194597878091,1,0.5571732283586782,True,41.59805402121909,HIGH,logistic_regression_v1,2026-08-04 15:56:49.319068+00:00,0,TRAIN
93707,2026-05-14 02:00:01+00:00,MODE_50HZ,1477.9,50.0,,41.6,0.167,0.482,0.192,0.0266,0.2075,0.009000000000000008,0.15199999999999997,0.085,0.39566666666666667,0.6393333333333333,0.385,0.6925360614758108,1,0.5571732283586782,True,30.74639385241892,HIGH,logistic_regression_v1,2026-08-04 15:56:49.319068+00:00,0,TRAIN
93707,2026-05-14 03:00:01+00:00,MODE_57HZ,1701.3,57.16,5.84,37.4,1.342,1.704,1.632,0.4253,2.6152,0.0030000000000001137,-0.09800000000000009,-0.16900000000000004,1.402,1.636,1.66,0.6237597018702208,1,0.5571732283586782,True,37.62402981297792,HIGH,logistic_regression_v1,2026-08-04 15:56:49.319068+00:00,0,TRAIN
93707,2026-05-14 04:00:01+00:00,MODE_57HZ,1701.7,57.19,6.09,40.4,1.467,1.746,1.154,0.4385,2.5117,0.1280000000000001,-0.05600000000000005,-0.647,1.4473333333333334,1.6863333333333332,1.4393333333333334,0.5588129832760232,1,0.5571732283586782,True,44.11870167239768,HIGH,logistic_regression_v1,2026-08-04 15:56:49.319068+00:00,0,TRAIN
93707,2026-05-14 05:00:01+00:00,MODE_57HZ,1700.3,57.19,6.72,42.1,1.402,2.877,0.952,0.447,2.8438,0.06299999999999994,1.0749999999999997,-0.849,1.4036666666666666,2.109,1.246,0.4751100504905934,0,0.5571732283586782,False,52.48899495094066,MEDIUM,logistic_regression_v1,2026-08-04 15:56:49.319068+00:00,0,TRAIN
93707,2026-05-14 09:00:01+00:00,MODE_57HZ,1701.3,57.16,5.84,43.9,0.834,2.543,1.213,0.4541,2.7793,-0.505,0.7410000000000001,-0.5879999999999999,1.2343333333333333,2.3886666666666665,1.1063333333333334,0.587239248400465,1,0.5571732283586782,True,41.27607515995349,HIGH,logistic_regression_v1,2026-08-04 15:56:49.319068+00:00,0,TRAIN
93707,2026-05-14 10:00:01+00:00,MODE_57HZ,1700.4,57.16,6.24,51.7,0.979,1.962,1.981,0.4307,2.7539,-0.36,0.15999999999999992,0.18000000000000016,1.0716666666666665,2.4606666666666666,1.3820000000000001,0.6721753664507211,1,0.5571732283586782,True,32.78246335492789,HIGH,logistic_regression_v1,2026-08-04 15:56:49.319068+00:00,0,TRAIN
93707,2026-05-14 11:00:01+00:00,MODE_57HZ,1701.8,57.16,5.64,45.5,1.164,1.985,1.609,0.3972,2.6836,-0.17500000000000004,0.18300000000000005,-0.19199999999999995,0.9923333333333333,2.1633333333333336,1.601,0.6434753701377607,1,0.5571732283586782,True,35.65246298622393,HIGH,logistic_regression_v1,2026-08-04 15:56:49.319068+00:00,1,TRAIN
93707,2026-05-14 13:00:01+00:00,MODE_57HZ,1700.8,57.16,6.07,41.6,1.423,1.729,1.94,0.4568,2.6973,0.08400000000000007,-0.07299999999999995,0.139,1.1886666666666668,1.8920000000000001,1.8433333333333333,0.6720778795072933,1,0.5571732283586782,True,32.792212049270674,HIGH,logistic_regression_v1,2026-08-04 15:56:49.319068+00:00,1,TRAIN
93707,2026-05-14 14:00:03+00:00,MODE_57HZ,1701.7,57.16,5.7,42.4,1.543,2.158,1.497,0.4429,2.6328,0.20399999999999996,0.35599999999999987,-0.3039999999999998,1.3766666666666667,1.9573333333333334,1.682,0.5912514478241511,1,0.5571732283586782,True,40.874855217584894,HIGH,logistic_regression_v1,2026-08-04 15:56:49.319068+00:00,1,TRAIN
93707,2026-05-14 16:00:00+00:00,MODE_57HZ,1701.1,57.16,5.93,41.5,2.252,1.843,3.018,0.4453,2.6152,0.9129999999999998,0.040999999999999925,1.2169999999999999,1.7393333333333332,1.91,2.151666666666667,0.44207447581092885,0,0.5571732283586782,False,55.792552418907114,MEDIUM,logistic_regression_v1,2026-08-04 15:56:49.319068+00:00,0,TRAIN
93707,2026-05-14 17:00:00+00:00,MODE_57HZ,1701.6,57.12,5.34,40.4,1.411,2.072,2.447,0.4309,2.4688,0.07200000000000006,0.27,0.6460000000000001,1.7353333333333332,2.0243333333333333,2.320666666666667,0.4409960181671856,0,0.5571732283586782,False,55.90039818328144,MEDIUM,logistic_regression_v1,2026-08-04 15:56:49.319068+00:00,0,TRAIN
93707,2026-05-15 00:00:00+00:00,MODE_50HZ,1477.3,49.97,10.9,35.8,0.151,0.311,0.16,0.0144,0.1006,-0.007000000000000006,-0.019000000000000017,0.053000000000000005,0.39066666666666666,0.6536666666666666,0.366,0.9066583961900077,1,0.5571732283586782,True,9.334160380999235,HIGH,logistic_regression_v1,2026-08-04 15:56:49.319068+00:00,0,TRAIN
93707,2026-05-15 03:00:00+00:00,OTHER,562.4,19.61,5.07,34.6,0.541,1.163,0.519,0.1846,1.2783,-0.03199999999999992,0.30100000000000005,-0.07599999999999996,0.7436666666666667,1.8316666666666668,1.0050000000000001,0.6482737349879862,1,0.5571732283586782,True,35.17262650120138,HIGH,logistic_regression_v1,2026-08-04 15:56:49.319068+00:00,0,TRAIN
93707,2026-05-15 08:00:00+00:00,MODE_57HZ,1672.2,57.19,19.0,39.3,1.842,1.733,1.958,0.4199,2.5254,0.5030000000000001,-0.06899999999999995,0.15700000000000003,1.835,1.8826666666666667,2.4743333333333335,0.7246628795107484,1,0.5571732283586782,True,27.533712048925164,HIGH,logistic_regression_v1,2026-08-04 15:56:49.319068+00:00,0,TRAIN
93707,2026-05-15 12:00:00+00:00,MODE_57HZ,1701.1,57.22,6.77,45.8,1.717,1.71,1.283,0.448,2.8711,0.3780000000000001,-0.09200000000000008,-0.518,1.6566666666666667,1.8383333333333334,1.896,0.5122267014296695,0,0.5571732283586782,False,48.777329857033045,MEDIUM,logistic_regression_v1,2026-08-04 15:56:49.319068+00:00,0,TRAIN
93707,2026-05-15 16:00:00+00:00,OTHER,1006.9,33.81,2.51,42.2,1.375,0.935,0.606,0.2456,1.4229,0.802,0.07300000000000006,0.01100000000000001,0.7393333333333334,0.883,0.5026666666666667,0.7124327391278925,1,0.5571732283586782,True,28.756726087210748,HIGH,logistic_regression_v1,2026-08-04 15:56:49.319068+00:00,0,TRAIN
93707,2026-05-15 18:00:00+00:00,OTHER,1007.1,33.84,2.77,40.3,1.932,0.883,0.854,0.2479,1.4473,1.359,0.02100000000000002,0.259,1.2826666666666666,0.9936666666666667,0.6596666666666666,0.3074152378230384,0,0.5571732283586782,False,69.25847621769617,MEDIUM,logistic_regression_v1,2026-08-04 15:56:49.319068+00:00,0,TRAIN
93707,2026-05-15 19:00:00+00:00,OTHER,1001.1,33.84,4.8,41.7,1.657,0.963,0.681,0.2482,1.4785,1.084,0.10099999999999998,0.08600000000000008,1.6546666666666667,0.927,0.7136666666666667,0.41187856787985505,0,0.5571732283586782,False,58.81214321201449,MEDIUM,logistic_regression_v1,2026-08-04 15:56:49.319068+00:00,0,TRAIN
93707,2026-05-15 21:00:00+00:00,OTHER,999.0,33.84,5.51,41.2,1.089,0.922,1.008,0.2568,1.4805,0.516,0.06000000000000005,0.41300000000000003,1.5593333333333332,0.9226666666666666,0.8476666666666667,0.1562528452700388,0,0.5571732283586782,False,84.37471547299612,LOW,logistic_regression_v1,2026-08-04 15:56:49.319068+00:00,0,TRAIN
93707,2026-05-15 22:00:00+00:00,OTHER,674.4,23.39,6.38,45.9,0.172,0.237,0.087,0.0196,0.165,-0.40099999999999997,-0.625,-0.508,0.9726666666666667,0.7073333333333334,0.592,0.3179032946427259,0,0.5571732283586782,False,68.20967053572741,MEDIUM,logistic_regression_v1,2026-08-04 15:56:49.319068+00:00,0,TRAIN
93707,2026-05-16 00:00:00+00:00,OTHER,1071.3,36.0,3.13,38.5,0.947,1.103,0.768,0.2869,1.6875,0.374,0.241,0.17300000000000004,0.736,0.754,0.621,0.18713709616542298,0,0.5571732283586782,False,81.28629038345771,LOW,logistic_regression_v1,2026-08-04 15:56:49.319068+00:00,0,TRAIN
93707,2026-05-16 01:00:00+00:00,OTHER,1059.6,36.0,7.35,39.5,0.644,1.387,0.63,0.2878,1.8047,0.07100000000000006,0.525,0.03500000000000003,0.5876666666666667,0.909,0.495,0.35325417079490706,0,0.5571732283586782,False,64.6745829205093,MEDIUM,logistic_regression_v1,2026-08-04 15:56:49.319068+00:00,0,TRAIN
93707,2026-05-16 05:00:00+00:00,OTHER,1071.1,36.0,3.22,37.4,0.669,0.95,0.777,0.2876,1.6572,0.09600000000000009,0.08799999999999997,0.18200000000000005,0.7533333333333333,1.1466666666666667,0.725,0.21046497526744887,0,0.5571732283586782,False,78.95350247325511,LOW,logistic_regression_v1,2026-08-04 15:56:49.319068+00:00,0,TRAIN
93707,2026-05-16 06:00:00+00:00,OTHER,1058.7,36.0,7.68,44.6,0.73,1.225,0.556,0.2871,1.8135,0.15700000000000003,0.3630000000000001,-0.038999999999999924,0.681,1.1873333333333334,0.6543333333333333,0.41182756960921496,0,0.5571732283586782,False,58.817243039078505,MEDIUM,logistic_regression_v1,2026-08-04 15:56:49.319068+00:00,0,TRAIN
93707,2026-05-16 07:00:00+00:00,OTHER,1063.5,36.0,5.93,40.3,0.618,0.833,0.62,0.2783,1.7305,0.04500000000000004,-0.029000000000000026,0.025000000000000022,0.6723333333333333,1.0026666666666666,0.651,0.2527354116698133,0,0.5571732283586782,False,74.72645883301867,LOW,logistic_regression_v1,2026-08-04 15:56:49.319068+00:00,0,TRAIN
93707,2026-05-16 10:00:00+00:00,OTHER,967.1,35.97,,43.2,0.832,1.0,0.817,0.2686,1.6475,0.259,0.138,0.22199999999999998,0.7266666666666667,1.0193333333333334,0.6643333333333333,0.3430159811028104,0,0.5571732283586782,False,65.69840188971897,MEDIUM,logistic_regression_v1,2026-08-04 15:56:49.319068+00:00,0,TRAIN
93707,2026-05-16 11:00:00+00:00,OTHER,1063.3,35.97,5.65,44.1,0.75,0.925,0.57,0.2664,1.6621,0.17700000000000005,0.06300000000000006,-0.025000000000000022,0.7333333333333333,0.9193333333333333,0.6689999999999999,0.3116735654931585,0,0.5571732283586782,False,68.83264345068415,MEDIUM,logistic_regression_v1,2026-08-04 15:56:49.319068+00:00,0,TRAIN
93707,2026-05-16 14:00:00+00:00,OTHER,1061.9,35.97,6.18,46.1,0.564,0.657,0.54,0.2559,1.6045,-0.009000000000000008,-0.20499999999999996,-0.05499999999999994,0.7153333333333333,0.8606666666666667,0.6423333333333333,0.3302168973680456,0,0.5571732283586782,False,66.97831026319544,MEDIUM,logistic_regression_v1,2026-08-04 15:56:49.319068+00:00,0,TRAIN
93707,2026-05-16 15:00:00+00:00,OTHER,1061.4,36.0,6.69,45.5,0.688,1.241,0.655,0.2661,1.7178,0.11499999999999999,0.3790000000000001,0.06000000000000005,0.6673333333333333,0.9410000000000001,0.5883333333333334,0.26747257986076994,0,0.5571732283586782,False,73.252742013923,LOW,logistic_regression_v1,2026-08-04 15:56:49.319068+00:00,0,TRAIN
93707,2026-05-16 18:00:00+00:00,OTHER,1060.2,36.0,7.12,43.9,0.574,0.914,0.719,0.2693,1.7188,0.0010000000000000009,0.052000000000000046,0.124,0.6086666666666666,0.9373333333333334,0.638,0.2931951640361722,0,0.5571732283586782,False,70.68048359638279,MEDIUM,logistic_regression_v1,2026-08-04 15:56:49.319068+00:00,0,TRAIN
93707,2026-05-16 19:00:00+00:00,OTHER,1061.7,36.0,6.57,43.3,0.899,1.038,0.533,0.2729,1.7314,0.32600000000000007,0.17600000000000005,-0.061999999999999944,0.7203333333333333,1.0643333333333334,0.6356666666666667,0.48439715246675885,0,0.5571732283586782,False,51.56028475332411,MEDIUM,logistic_regression_v1,2026-08-04 15:56:49.319068+00:00,0,TRAIN
93707,2026-05-16 21:00:00+00:00,OTHER,1061.0,36.0,6.84,40.5,0.648,1.03,0.623,0.2852,1.9395,0.07500000000000007,0.16800000000000004,0.028000000000000025,0.707,0.994,0.625,0.42484694614408985,0,0.5571732283586782,False,57.51530538559102,MEDIUM,logistic_regression_v1,2026-08-04 15:56:49.319068+00:00,0,TRAIN
93707,2026-05-16 22:00:00+00:00,OTHER,1071.9,36.0,2.91,39.9,0.577,1.099,0.564,0.2856,1.665,0.0040000000000000036,0.237,-0.031000000000000028,0.708,1.0556666666666668,0.5733333333333334,0.2971388690699352,0,0.5571732283586782,False,70.28611309300648,MEDIUM,logistic_regression_v1,2026-08-04 15:56:49.319068+00:00,0,TRAIN
93707,2026-05-17 01:00:00+00:00,OTHER,1059.9,36.0,7.24,41.6,0.667,0.948,0.663,0.2781,1.6201,0.09400000000000008,0.08599999999999997,0.06800000000000006,0.6306666666666667,1.0256666666666667,0.6166666666666667,0.35027379006374826,0,0.5571732283586782,False,64.97262099362517,MEDIUM,logistic_regression_v1,2026-08-04 15:56:49.319068+00:00,0,TRAIN
93707,2026-05-17 03:00:00+00:00,OTHER,1062.8,36.0,6.2,43.2,0.746,1.056,0.688,0.2771,1.7656,0.17300000000000004,0.19400000000000006,0.09299999999999997,0.6633333333333333,1.0343333333333333,0.6383333333333333,0.3264951841541568,0,0.5571732283586782,False,67.35048158458432,MEDIUM,logistic_regression_v1,2026-08-04 15:56:49.319068+00:00,0,TRAIN
93707,2026-05-17 04:00:00+00:00,OTHER,1063.1,36.0,6.08,41.2,0.802,0.867,0.718,0.2822,1.7666,0.2290000000000001,0.0050000000000000044,0.123,0.7383333333333334,0.957,0.6896666666666667,0.3307092854873123,0,0.5571732283586782,False,66.92907145126877,MEDIUM,logistic_regression_v1,2026-08-04 15:56:49.319068+00:00,0,TRAIN
93707,2026-05-17 05:00:00+00:00,OTHER,1061.3,36.0,6.74,41.9,0.72,0.942,0.566,0.2727,1.6709,0.14700000000000002,0.07999999999999996,-0.029000000000000026,0.756,0.955,0.6573333333333333,0.4100192017087983,0,0.5571732283586782,False,58.99807982912017,MEDIUM,logistic_regression_v1,2026-08-04 15:56:49.319068+00:00,0,TRAIN
93707,2026-05-17 06:00:00+00:00,OTHER,1070.2,36.0,3.52,40.6,0.755,0.903,0.699,0.2822,1.6797,0.18200000000000005,0.041000000000000036,0.10399999999999998,0.759,0.904,0.6609999999999999,0.25735198395837494,0,0.5571732283586782,False,74.26480160416251,LOW,logistic_regression_v1,2026-08-04 15:56:49.319068+00:00,0,TRAIN
93707,2026-05-17 07:00:00+00:00,OTHER,1070.9,36.0,3.26,41.8,0.994,1.128,0.631,0.2734,1.6016,0.42100000000000004,0.2659999999999999,0.03600000000000003,0.823,0.991,0.632,0.326499541497861,0,0.5571732283586782,False,67.3500458502139,MEDIUM,logistic_regression_v1,2026-08-04 15:56:49.319068+00:00,0,TRAIN
93707,2026-05-17 09:00:00+00:00,OTHER,997.2,33.91,6.79,42.4,1.362,1.277,0.944,0.2534,1.5215,0.7890000000000001,0.4149999999999999,0.349,1.0370000000000001,1.1026666666666667,0.758,0.31923628330471004,0,0.5571732283586782,False,68.076371669529,MEDIUM,logistic_regression_v1,2026-08-04 15:56:49.319068+00:00,0,TRAIN
93707,2026-05-17 10:00:00+00:00,OTHER,996.9,33.91,6.9,44.1,1.068,1.827,0.822,0.2551,1.5977,0.4950000000000001,0.965,0.22699999999999998,1.1413333333333333,1.4106666666666665,0.7989999999999999,0.2248984429128341,0,0.5571732283586782,False,77.51015570871658,LOW,logistic_regression_v1,2026-08-04 15:56:49.319068+00:00,0,TRAIN
93707,2026-05-17 11:00:00+00:00,OTHER,1008.1,33.91,3.09,44.6,0.892,1.579,0.719,0.2502,1.498,0.31900000000000006,0.717,0.124,1.1073333333333335,1.561,0.8283333333333333,0.17956304866596492,0,0.5571732283586782,False,82.0436951334035,LOW,logistic_regression_v1,2026-08-04 15:56:49.319068+00:00,0,TRAIN
93707,2026-05-17 12:00:00+00:00,OTHER,1000.3,33.91,5.74,45.3,0.708,1.696,0.591,0.2482,1.583,0.135,0.834,-0.0040000000000000036,0.8893333333333333,1.7006666666666665,0.7106666666666667,0.3038860643010878,0,0.5571732283586782,False,69.61139356989122,MEDIUM,logistic_regression_v1,2026-08-04 15:56:49.319068+00:00,0,TRAIN
93707,2026-05-17 14:00:00+00:00,OTHER,1000.1,33.91,5.81,49.6,1.236,1.316,0.711,0.2419,1.5166,0.663,0.45400000000000007,0.11599999999999999,0.9453333333333334,1.5303333333333333,0.6736666666666666,0.392681076538294,0,0.5571732283586782,False,60.7318923461706,MEDIUM,logistic_regression_v1,2026-08-04 15:56:49.319068+00:00,1,TRAIN
93707,2026-05-17 15:00:00+00:00,OTHER,998.3,33.91,6.39,45.8,1.84,1.252,1.056,0.246,1.5195,1.2670000000000001,0.39,0.4610000000000001,1.2613333333333334,1.4213333333333333,0.786,0.3636367288247028,0,0.5571732283586782,False,63.63632711752971,MEDIUM,logistic_regression_v1,2026-08-04 15:56:49.319068+00:00,1,TRAIN
93707,2026-05-17 16:00:00+00:00,OTHER,998.1,33.91,6.46,45.0,1.663,1.07,0.875,0.2448,1.585,1.09,0.20800000000000007,0.28,1.5796666666666668,1.2126666666666668,0.8806666666666667,0.4815384077884781,0,0.5571732283586782,False,51.84615922115219,MEDIUM,logistic_regression_v1,2026-08-04 15:56:49.319068+00:00,1,TRAIN
93707,2026-05-17 20:00:00+00:00,OTHER,1071.1,35.97,2.86,39.6,1.147,2.002,0.693,0.4478,2.3984,0.5740000000000001,1.1399999999999997,0.09799999999999998,1.55,1.4413333333333334,0.8746666666666667,0.22468221569430333,0,0.5571732283586782,False,77.53177843056966,LOW,logistic_regression_v1,2026-08-04 15:56:49.319068+00:00,0,TRAIN
93707,2026-05-17 23:00:00+00:00,MODE_57HZ,1700.4,57.09,5.45,35.2,1.249,2.5,3.23,0.4319,2.9746,-0.08999999999999986,0.698,1.429,1.6026666666666667,1.981,2.157,0.6943732982015647,1,0.5571732283586782,True,30.562670179843533,HIGH,logistic_regression_v1,2026-08-04 15:56:49.319068+00:00,1,TRAIN
93707,2026-05-18 00:00:00+00:00,MODE_57HZ,1700.9,57.12,5.61,39.5,1.849,1.464,2.23,0.4106,2.5645,0.51,-0.3380000000000001,0.42900000000000005,1.605,1.8913333333333333,2.2476666666666665,0.6183498701515306,1,0.5571732283586782,True,38.16501298484694,HIGH,logistic_regression_v1,2026-08-04 15:56:49.319068+00:00,1,TRAIN
93707,2026-05-18 01:00:00+00:00,OTHER,579.0,19.48,1.08,42.5,0.325,0.697,0.196,0.0251,0.1689,-0.24799999999999994,-0.16500000000000004,-0.39899999999999997,1.045,1.2563333333333333,0.588,0.5205653947051431,0,0.5571732283586782,False,47.94346052948569,MEDIUM,logistic_regression_v1,2026-08-04 15:56:49.319068+00:00,1,TRAIN
93707,2026-05-18 02:00:00+00:00,OTHER,1152.3,39.81,16.74,50.6,1.485,5.277,0.679,0.4133,2.75,0.9120000000000001,4.415,0.08400000000000007,0.9856666666666667,2.6586666666666665,0.5226666666666667,0.28643259775147883,0,0.5571732283586782,False,71.35674022485212,MEDIUM,logistic_regression_v1,2026-08-04 15:56:49.319068+00:00,0,TRAIN
93707,2026-05-18 03:00:00+00:00,MODE_57HZ,1701.5,57.12,5.35,41.8,1.238,2.031,1.313,0.4233,2.6738,-0.10099999999999998,0.2290000000000001,-0.488,1.4453333333333334,1.9983333333333333,2.2576666666666667,0.4079405179829358,0,0.5571732283586782,False,59.20594820170641,MEDIUM,logistic_regression_v1,2026-08-04 15:56:49.319068+00:00,0,TRAIN
93707,2026-05-18 04:00:00+00:00,MODE_57HZ,1701.5,57.12,5.34,41.8,1.224,2.967,2.07,0.4417,2.8359,-0.11499999999999999,1.165,0.2689999999999999,1.437,2.154,1.871,0.4841599684795458,0,0.5571732283586782,False,51.58400315204542,MEDIUM,logistic_regression_v1,2026-08-04 15:56:49.319068+00:00,0,TRAIN
93707,2026-05-18 07:00:00+00:00,MODE_57HZ,1701.1,57.09,5.14,39.2,1.701,1.717,1.363,0.4194,2.7578,0.3620000000000001,-0.08499999999999996,-0.43799999999999994,1.3876666666666666,2.2383333333333333,1.5819999999999999,0.5550586645559283,0,0.5571732283586782,False,44.49413354440716,MEDIUM,logistic_regression_v1,2026-08-04 15:56:49.319068+00:00,0,TRAIN
93707,2026-05-18 08:00:00+00:00,MODE_57HZ,1701.0,57.12,5.59,41.8,1.396,1.893,2.449,0.4556,2.875,0.05699999999999994,0.09099999999999997,0.6479999999999999,1.4403333333333332,2.1923333333333335,1.9606666666666666,0.5749349540968867,1,0.5571732283586782,True,42.50650459031134,HIGH,logistic_regression_v1,2026-08-04 15:56:49.319068+00:00,0,TRAIN
93707,2026-05-18 09:00:00+00:00,MODE_57HZ,1701.8,57.09,4.83,43.5,1.963,2.406,2.877,0.4417,2.7402,0.6240000000000001,0.6040000000000001,1.0759999999999998,1.6866666666666668,2.0053333333333336,2.2296666666666667,0.4279258316725612,0,0.5571732283586782,False,57.20741683274389,MEDIUM,logistic_regression_v1,2026-08-04 15:56:49.319068+00:00,0,TRAIN
93707,2026-05-18 11:00:00+00:00,MODE_57HZ,1701.7,57.12,5.29,43.7,1.947,1.412,1.892,0.4373,2.8457,0.6080000000000001,-0.3900000000000001,0.09099999999999997,1.7686666666666666,1.9036666666666666,2.4059999999999997,0.4078993979729384,0,0.5571732283586782,False,59.21006020270616,MEDIUM,logistic_regression_v1,2026-08-04 15:56:49.319068+00:00,0,TRAIN
93707,2026-05-18 12:00:00+00:00,MODE_57HZ,1701.4,57.12,5.42,45.6,1.118,1.706,2.484,0.415,2.6816,-0.22099999999999986,-0.09600000000000009,0.683,1.6760000000000002,1.8413333333333333,2.4176666666666664,0.4890210988444726,0,0.5571732283586782,False,51.097890115552744,MEDIUM,logistic_regression_v1,2026-08-04 15:56:49.319068+00:00,0,TRAIN
93707,2026-05-18 17:00:00+00:00,OTHER,685.5,23.39,3.8,39.9,0.439,1.373,0.36,0.1901,1.2393,-0.13399999999999995,0.511,-0.235,0.7496666666666667,2.449,0.4116666666666667,0.22562162695090404,0,0.5571732283586782,False,77.43783730490959,LOW,logistic_regression_v1,2026-08-04 15:56:49.319068+00:00,0,TRAIN
93707,2026-05-18 22:00:00+00:00,OTHER,504.6,17.0,0.93,34.4,0.556,0.758,0.828,0.1639,1.1094,-0.016999999999999904,-0.10399999999999998,0.23299999999999998,0.8266666666666668,2.4693333333333336,0.6223333333333333,0.44884380693992487,0,0.5571732283586782,False,55.11561930600751,MEDIUM,logistic_regression_v1,2026-08-04 15:56:49.319068+00:00,0,TRAIN
93707,2026-05-18 23:00:00+00:00,OTHER,503.8,17.02,1.14,38.3,0.467,1.035,0.716,0.1312,0.8818,-0.10599999999999993,0.17299999999999993,0.121,0.48733333333333334,1.0553333333333332,0.6346666666666666,0.13789477412090273,0,0.5571732283586782,False,86.21052258790974,LOW,logistic_regression_v1,2026-08-04 15:56:49.319068+00:00,0,TRAIN
93707,2026-05-19 00:00:00+00:00,OTHER,503.9,17.02,1.12,39.6,0.437,0.683,0.822,0.1273,0.7969,-0.13599999999999995,-0.17899999999999994,0.22699999999999998,0.4866666666666667,0.8253333333333334,0.7886666666666666,0.05469276788620499,0,0.5571732283586782,False,94.5307232113795,LOW,logistic_regression_v1,2026-08-04 15:56:49.319068+00:00,0,TRAIN
93707,2026-05-19 03:00:00+00:00,OTHER,504.0,17.08,1.42,36.4,0.37,0.63,0.489,0.1222,0.7881,-0.20299999999999996,-0.23199999999999998,-0.10599999999999998,0.4246666666666667,0.7826666666666666,0.6756666666666666,0.0999704208338415,0,0.5571732283586782,False,90.00295791661586,LOW,logistic_regression_v1,2026-08-04 15:56:49.319068+00:00,0,TRAIN
93707,2026-05-19 04:00:00+00:00,OTHER,504.0,17.09,1.5,39.3,0.628,0.75,0.56,0.1382,0.8525,0.05500000000000005,-0.11199999999999999,-0.03499999999999992,0.47833333333333333,0.6876666666666666,0.6236666666666667,0.12751503276710935,0,0.5571732283586782,False,87.24849672328907,LOW,logistic_regression_v1,2026-08-04 15:56:49.319068+00:00,0,TRAIN
93707,2026-05-19 05:00:00+00:00,OTHER,504.3,17.09,1.46,40.7,0.607,0.876,0.508,0.1365,0.877,0.03400000000000003,0.014000000000000012,-0.08699999999999997,0.535,0.752,0.519,0.0892983534107652,0,0.5571732283586782,False,91.07016465892347,LOW,logistic_regression_v1,2026-08-04 15:56:49.319068+00:00,0,TRAIN
93707,2026-05-19 07:00:00+00:00,OTHER,498.3,17.09,2.48,40.7,0.361,0.603,0.499,0.1398,0.8555,-0.21199999999999997,-0.259,-0.09599999999999997,0.532,0.743,0.5223333333333333,0.09185169345709995,0,0.5571732283586782,False,90.81483065429,LOW,logistic_regression_v1,2026-08-04 15:56:49.319068+00:00,0,TRAIN
93707,2026-05-19 08:00:00+00:00,OTHER,497.6,17.09,2.59,45.4,0.599,0.601,0.533,0.1407,0.9502,0.026000000000000023,-0.261,-0.061999999999999944,0.5223333333333333,0.6933333333333334,0.5133333333333333,0.1235412143576279,0,0.5571732283586782,False,87.64587856423721,LOW,logistic_regression_v1,2026-08-04 15:56:49.319068+00:00,0,TRAIN
93707,2026-05-19 09:00:00+00:00,OTHER,503.3,17.09,1.62,42.8,0.583,0.717,0.418,0.1442,0.9458,0.010000000000000009,-0.14500000000000002,-0.177,0.5143333333333333,0.6403333333333333,0.48333333333333334,0.10796614516649311,0,0.5571732283586782,False,89.2033854833507,LOW,logistic_regression_v1,2026-08-04 15:56:49.319068+00:00,0,TRAIN
93707,2026-05-19 10:00:00+00:00,OTHER,504.0,17.09,1.51,43.3,1.083,0.824,0.567,0.1448,0.9434,0.51,-0.038000000000000034,-0.028000000000000025,0.755,0.714,0.506,0.1892361458908059,0,0.5571732283586782,False,81.07638541091941,LOW,logistic_regression_v1,2026-08-04 15:56:49.319068+00:00,0,TRAIN
93707,2026-05-19 11:00:00+00:00,OTHER,503.8,17.09,1.54,44.6,0.606,0.7,0.583,0.1461,0.8765,0.03300000000000003,-0.16200000000000003,-0.01200000000000001,0.7573333333333333,0.747,0.5226666666666666,0.08666694380920276,0,0.5571732283586782,False,91.33330561907972,LOW,logistic_regression_v1,2026-08-04 15:56:49.319068+00:00,0,TRAIN
93707,2026-05-19 12:00:00+00:00,OTHER,504.1,17.09,1.48,44.8,0.622,0.776,0.487,0.1461,0.9868,0.049000000000000044,-0.08599999999999997,-0.10799999999999998,0.7703333333333333,0.7666666666666666,0.5456666666666666,0.11420498960846714,0,0.5571732283586782,False,88.57950103915329,LOW,logistic_regression_v1,2026-08-04 15:56:49.319068+00:00,0,TRAIN
93707,2026-05-19 13:00:00+00:00,OTHER,503.7,17.09,1.55,45.7,0.859,0.888,0.443,0.1534,1.0107,0.28600000000000003,0.026000000000000023,-0.15199999999999997,0.6956666666666667,0.788,0.5043333333333333,0.15829460221774228,0,0.5571732283586782,False,84.17053977822577,LOW,logistic_regression_v1,2026-08-04 15:56:49.319068+00:00,0,TRAIN
93707,2026-05-19 14:00:00+00:00,OTHER,503.8,17.09,1.54,45.7,0.391,0.536,0.466,0.1506,0.9648,-0.18199999999999994,-0.32599999999999996,-0.12899999999999995,0.624,0.7333333333333334,0.4653333333333333,0.09740752130692149,0,0.5571732283586782,False,90.25924786930786,LOW,logistic_regression_v1,2026-08-04 15:56:49.319068+00:00,0,TRAIN
93707,2026-05-19 19:00:00+00:00,OTHER,594.9,19.98,0.92,42.9,0.661,1.224,0.598,0.3215,2.1523,0.08800000000000008,0.362,0.0030000000000000027,0.637,0.8826666666666667,0.5023333333333333,0.24765149900658848,0,0.5571732283586782,False,75.23485009934116,LOW,logistic_regression_v1,2026-08-04 15:56:49.319068+00:00,0,TRAIN
93707,2026-05-19 20:00:00+00:00,OTHER,1134.6,39.03,14.2,42.0,0.914,1.077,0.637,0.3496,2.2578,0.3410000000000001,0.21499999999999997,0.04200000000000004,0.6553333333333333,0.9456666666666667,0.5670000000000001,0.7004008789847139,1,0.5571732283586782,True,29.95991210152861,HIGH,logistic_regression_v1,2026-08-04 15:56:49.319068+00:00,0,TRAIN
93707,2026-05-20 00:00:01+00:00,OTHER,1323.2,44.38,3.57,34.8,0.756,1.077,0.598,0.3152,1.9697,0.18300000000000005,0.21499999999999997,0.0030000000000000027,0.777,1.126,0.611,0.5372383848315521,0,0.5571732283586782,False,46.276161516844795,MEDIUM,logistic_regression_v1,2026-08-04 15:56:49.319068+00:00,0,TRAIN
93707,2026-05-20 01:00:01+00:00,OTHER,1323.3,44.41,3.97,37.4,0.775,1.223,0.692,0.335,2.1133,0.20200000000000007,0.3610000000000001,0.09699999999999998,0.8150000000000001,1.1256666666666666,0.6423333333333333,0.5439307076095449,0,0.5571732283586782,False,45.60692923904551,MEDIUM,logistic_regression_v1,2026-08-04 15:56:49.319068+00:00,0,TRAIN
93707,2026-05-20 02:00:01+00:00,OTHER,1322.7,44.38,3.8,37.1,0.64,0.875,0.56,0.3335,2.1113,0.06700000000000006,0.013000000000000012,-0.03499999999999992,0.7236666666666667,1.0583333333333333,0.6166666666666667,0.4004506884267415,0,0.5571732283586782,False,59.95493115732585,MEDIUM,logistic_regression_v1,2026-08-04 15:56:49.319068+00:00,0,TRAIN
93707,2026-05-20 04:00:01+00:00,OTHER,1323.2,44.38,3.57,34.7,0.585,1.155,0.718,0.3303,2.0273,0.01200000000000001,0.29300000000000004,0.123,0.6666666666666666,1.0843333333333334,0.6566666666666666,0.3468274102617202,0,0.5571732283586782,False,65.31725897382799,MEDIUM,logistic_regression_v1,2026-08-04 15:56:49.319068+00:00,0,TRAIN
93707,2026-05-20 10:00:01+00:00,OTHER,629.5,21.16,1.11,32.4,0.507,1.032,1.22,0.2084,1.5166,-0.06599999999999995,0.17000000000000004,0.625,0.5773333333333334,1.0206666666666666,0.8326666666666667,0.2029829719611012,0,0.5571732283586782,False,79.70170280388989,LOW,logistic_regression_v1,2026-08-04 15:56:49.319068+00:00,0,TRAIN
93707,2026-05-20 13:00:01+00:00,MODE_57HZ,1701.5,57.09,4.96,39.9,1.775,2.361,1.421,0.417,2.668,0.43599999999999994,0.5590000000000002,-0.3799999999999999,1.6133333333333333,1.8263333333333334,1.9323333333333332,0.5352170268999781,0,0.5571732283586782,False,46.47829731000219,MEDIUM,logistic_regression_v1,2026-08-04 15:56:49.319068+00:00,0,TRAIN
93707,2026-05-20 14:00:01+00:00,MODE_57HZ,1701.7,57.09,4.86,42.0,1.302,1.451,2.168,0.4238,2.7363,-0.03699999999999992,-0.351,0.3670000000000002,1.3983333333333334,1.8393333333333335,2.0243333333333333,0.5640102672932165,1,0.5571732283586782,True,43.59897327067836,HIGH,logistic_regression_v1,2026-08-04 15:56:49.319068+00:00,0,TRAIN
93707,2026-05-20 15:00:01+00:00,MODE_57HZ,1701.9,57.12,5.19,42.7,1.136,2.152,1.555,0.437,2.6934,-0.20300000000000007,0.3500000000000001,-0.246,1.4043333333333332,1.9880000000000002,1.7146666666666668,0.4934508564003958,0,0.5571732283586782,False,50.654914359960415,MEDIUM,logistic_regression_v1,2026-08-04 15:56:49.319068+00:00,0,TRAIN
93707,2026-05-20 16:00:01+00:00,OTHER,708.5,24.78,,53.5,0.214,0.491,0.188,0.0286,0.2089,-0.359,-0.371,-0.407,0.43533333333333335,0.8926666666666667,0.7086666666666667,0.3752588778792566,0,0.5571732283586782,False,62.47411221207434,MEDIUM,logistic_regression_v1,2026-08-04 15:56:49.319068+00:00,0,TRAIN
93707,2026-05-20 17:00:01+00:00,MODE_57HZ,1700.9,57.09,5.2,40.1,0.967,2.039,0.975,0.3982,2.5742,-0.372,0.2370000000000001,-0.826,1.135,1.8806666666666667,1.566,0.5787003161595216,1,0.5571732283586782,True,42.12996838404784,HIGH,logistic_regression_v1,2026-08-04 15:56:49.319068+00:00,0,TRAIN
93707,2026-05-20 18:00:01+00:00,MODE_57HZ,1701.4,57.12,5.41,40.4,0.908,2.311,1.454,0.4087,2.502,-0.43099999999999994,0.5089999999999999,-0.347,1.0036666666666667,2.1673333333333336,1.328,0.7084624355484176,1,0.5571732283586782,True,29.15375644515824,HIGH,logistic_regression_v1,2026-08-04 15:56:49.319068+00:00,0,TRAIN
93707,2026-05-20 21:00:01+00:00,MODE_57HZ,1701.2,57.22,6.7,39.9,1.606,1.814,2.771,0.4194,2.5801,0.2670000000000001,0.01200000000000001,0.97,1.1603333333333334,2.054666666666667,1.7333333333333334,0.5961363205198777,1,0.5571732283586782,True,40.38636794801222,HIGH,logistic_regression_v1,2026-08-04 15:56:49.319068+00:00,0,TRAIN
93707,2026-05-20 23:00:01+00:00,MODE_57HZ,1701.4,57.19,6.22,37.1,1.186,2.777,2.211,0.4124,2.7852,-0.15300000000000002,0.9750000000000001,0.4099999999999999,1.2333333333333334,2.300666666666667,2.1453333333333333,0.6677371750678032,1,0.5571732283586782,True,33.226282493219685,HIGH,logistic_regression_v1,2026-08-04 15:56:49.319068+00:00,0,TRAIN
93707,2026-05-21 01:00:01+00:00,MODE_57HZ,1701.8,57.19,6.06,37.2,0.958,1.668,1.191,0.3792,2.3457,-0.381,-0.13400000000000012,-0.6099999999999999,1.25,2.0863333333333336,2.0576666666666665,0.5597959429157429,1,0.5571732283586782,True,44.02040570842571,HIGH,logistic_regression_v1,2026-08-04 15:56:49.319068+00:00,0,TRAIN
93707,2026-05-21 03:00:01+00:00,MODE_57HZ,1700.9,57.16,6.02,40.8,1.754,1.763,1.582,0.4006,2.6074,0.41500000000000004,-0.039000000000000146,-0.21899999999999986,1.2993333333333332,2.0693333333333332,1.6613333333333333,0.5095292048726193,0,0.5571732283586782,False,49.047079512738065,MEDIUM,logistic_regression_v1,2026-08-04 15:56:49.319068+00:00,0,TRAIN
93707,2026-05-21 04:00:01+00:00,OTHER,216.5,7.42,0.46,46.3,0.185,0.41,0.101,0.0139,0.0732,-0.38799999999999996,-0.452,-0.494,0.302,0.6443333333333333,0.503,0.053414172905596136,0,0.5571732283586782,False,94.65858270944038,LOW,logistic_regression_v1,2026-08-04 15:56:49.319068+00:00,0,TRAIN
93707,2026-05-21 10:00:06+00:00,MODE_57HZ,1699.0,57.06,5.64,38.0,1.312,1.498,0.777,0.3943,2.3887,-0.026999999999999913,-0.30400000000000005,-1.024,1.3413333333333333,1.643,1.1833333333333333,0.4060052113509544,0,0.5571732283586782,False,59.39947886490455,MEDIUM,logistic_regression_v1,2026-08-04 15:56:49.319068+00:00,0,TRAIN
93707,2026-05-21 11:00:00+00:00,OTHER,604.6,20.38,1.35,49.2,1.307,0.899,0.275,0.0693,0.4124,0.734,0.03700000000000003,-0.31999999999999995,0.5686666666666667,0.6,0.188,0.25346208960319694,0,0.5571732283586782,False,74.6537910396803,LOW,logistic_regression_v1,2026-08-04 15:56:49.319068+00:00,0,TRAIN
93707,2026-05-21 13:00:00+00:00,MODE_57HZ,1700.9,57.09,5.2,42.7,1.405,1.791,2.227,0.4404,2.7793,0.06600000000000006,-0.01100000000000012,0.42599999999999993,1.4903333333333333,1.684,1.5286666666666666,0.5688887766926847,1,0.5571732283586782,True,43.11112233073153,HIGH,logistic_regression_v1,2026-08-04 15:56:49.319068+00:00,0,TRAIN
93707,2026-05-21 15:00:00+00:00,MODE_57HZ,1702.0,57.09,4.72,40.5,1.267,1.935,1.65,0.4231,2.5938,-0.07200000000000006,0.133,-0.15100000000000002,1.328,1.7413333333333334,1.5513333333333332,0.41472274274502313,0,0.5571732283586782,False,58.52772572549769,MEDIUM,logistic_regression_v1,2026-08-04 15:56:49.319068+00:00,0,TRAIN
93707,2026-05-21 17:00:00+00:00,MODE_57HZ,1700.1,57.12,5.99,43.3,1.325,1.745,2.506,0.4275,2.6641,-0.014000000000000012,-0.05699999999999994,0.7049999999999998,1.3323333333333334,1.8236666666666668,2.1276666666666664,0.604460383490698,1,0.5571732283586782,True,39.553961650930205,HIGH,logistic_regression_v1,2026-08-04 15:56:49.319068+00:00,0,TRAIN
93707,2026-05-21 18:00:00+00:00,MODE_57HZ,1701.7,57.12,5.26,42.9,1.326,1.609,1.8,0.3987,2.5723,-0.0129999999999999,-0.19300000000000006,-0.0009999999999998899,1.306,1.7630000000000001,1.9853333333333332,0.5017243987575298,0,0.5571732283586782,False,49.827560124247015,MEDIUM,logistic_regression_v1,2026-08-04 15:56:49.319068+00:00,0,TRAIN
93707,2026-05-21 20:00:00+00:00,MODE_57HZ,1701.1,57.09,5.11,40.7,1.335,1.985,1.326,0.4167,2.668,-0.0040000000000000036,0.18300000000000005,-0.47499999999999987,1.3286666666666667,1.7796666666666667,1.8773333333333333,0.5181094009042715,0,0.5571732283586782,False,48.18905990957285,MEDIUM,logistic_regression_v1,2026-08-04 15:56:49.319068+00:00,0,TRAIN
93707,2026-05-21 22:00:00+00:00,MODE_57HZ,1700.4,57.12,5.85,40.5,1.376,1.4,2.1,0.4285,2.6699,0.03699999999999992,-0.40200000000000014,0.29900000000000015,1.3456666666666666,1.6646666666666667,1.742,0.5421817821120966,0,0.5571732283586782,False,45.781821788790346,MEDIUM,logistic_regression_v1,2026-08-04 15:56:49.319068+00:00,0,TRAIN
93707,2026-05-22 00:00:00+00:00,MODE_57HZ,1701.8,57.12,5.25,41.4,1.107,2.451,1.746,0.425,2.668,-0.23199999999999998,0.649,-0.05499999999999994,1.2726666666666666,1.9453333333333334,1.724,0.5396591909384277,0,0.5571732283586782,False,46.03408090615723,MEDIUM,logistic_regression_v1,2026-08-04 15:56:49.319068+00:00,0,TRAIN
93707,2026-05-22 03:00:00+00:00,OTHER,689.4,24.08,7.94,44.7,0.215,0.324,0.117,0.0158,0.1494,-0.358,-0.538,-0.478,0.569,0.5443333333333333,0.16433333333333336,0.1485838152155819,0,0.5571732283586782,False,85.14161847844181,LOW,logistic_regression_v1,2026-08-04 15:56:49.319068+00:00,0,TRAIN
93707,2026-05-22 04:00:00+00:00,MODE_57HZ,1700.8,57.16,6.07,39.6,1.26,1.947,2.5,0.4221,2.668,-0.07899999999999996,0.14500000000000002,0.6990000000000001,1.2476666666666667,1.9326666666666668,2.1153333333333335,0.509129953509712,0,0.5571732283586782,False,49.0870046490288,MEDIUM,logistic_regression_v1,2026-08-04 15:56:49.319068+00:00,1,TRAIN
93707,2026-05-22 12:00:00+00:00,MODE_57HZ,1700.4,57.19,6.64,39.9,1.094,1.787,1.609,0.3943,2.5918,-0.24499999999999988,-0.015000000000000124,-0.19199999999999995,1.1536666666666666,2.0616666666666665,1.9516666666666667,0.6671376092635064,1,0.5571732283586782,True,33.28623907364936,HIGH,logistic_regression_v1,2026-08-04 15:56:49.319068+00:00,1,TRAIN
93707,2026-05-22 18:00:00+00:00,MODE_50HZ,1479.7,50.03,,48.5,0.215,0.425,0.124,0.0237,0.1709,0.056999999999999995,0.09499999999999997,0.017,0.17766666666666667,0.40599999999999997,0.15866666666666668,0.8316984529154682,1,0.5571732283586782,True,16.830154708453183,HIGH,logistic_regression_v1,2026-08-04 15:56:49.319068+00:00,1,TRAIN
93707,2026-05-22 20:00:00+00:00,OTHER,1574.1,52.84,5.3,38.5,3.02,2.047,1.402,0.3691,2.2012,2.447,1.185,0.8069999999999999,1.514,1.09,0.598,0.7109994086304743,1,0.5571732283586782,True,28.90005913695257,HIGH,logistic_regression_v1,2026-08-04 15:56:49.319068+00:00,1,TRAIN
93707,2026-05-22 21:00:00+00:00,OTHER,1575.1,52.88,5.26,41.2,2.307,1.964,1.052,0.3716,2.2578,1.734,1.1019999999999999,0.4570000000000001,1.8473333333333333,1.445,0.857,0.6018002419006337,1,0.5571732283586782,True,39.81997580993662,HIGH,logistic_regression_v1,2026-08-04 15:56:49.319068+00:00,0,TRAIN
93707,2026-05-23 00:00:00+00:00,MODE_57HZ,1700.2,57.03,4.71,39.2,1.15,1.519,0.851,0.394,2.4023,-0.18900000000000006,-0.28300000000000014,-0.95,1.168,1.751,1.6533333333333333,0.49475377303241075,0,0.5571732283586782,False,50.524622696758925,MEDIUM,logistic_regression_v1,2026-08-04 15:56:49.319068+00:00,0,TRAIN
93707,2026-05-23 04:00:00+00:00,MODE_57HZ,1701.2,57.12,5.47,35.3,1.279,1.761,2.549,0.3899,2.3555,-0.06000000000000005,-0.04100000000000015,0.748,1.1743333333333332,1.6889999999999998,1.6696666666666666,0.5529867465105024,0,0.5571732283586782,False,44.70132534894976,MEDIUM,logistic_regression_v1,2026-08-04 15:56:49.319068+00:00,1,TRAIN
93707,2026-05-23 07:00:00+00:00,MODE_57HZ,1701.0,57.16,5.97,39.5,0.9,1.605,1.273,0.4021,2.4492,-0.43899999999999995,-0.19700000000000006,-0.528,1.1096666666666666,1.6283333333333332,1.5576666666666665,0.5570107374379956,0,0.5571732283586782,False,44.298926256200446,MEDIUM,logistic_regression_v1,2026-08-04 15:56:49.319068+00:00,1,TRAIN
93707,2026-05-23 08:00:00+00:00,MODE_57HZ,1700.5,57.16,6.23,42.1,1.455,1.381,1.605,0.4065,2.5742,0.1160000000000001,-0.42100000000000004,-0.19599999999999995,1.2113333333333334,1.5823333333333334,1.809,0.43375421642678297,0,0.5571732283586782,False,56.62457835732171,MEDIUM,logistic_regression_v1,2026-08-04 15:56:49.319068+00:00,1,TRAIN
93707,2026-05-23 09:00:00+00:00,MODE_57HZ,1701.7,57.16,5.67,43.3,2.223,1.396,3.07,0.4175,2.6582,0.8839999999999999,-0.40600000000000014,1.269,1.526,1.4606666666666666,1.9826666666666666,0.41169268302901874,0,0.5571732283586782,False,58.83073169709812,MEDIUM,logistic_regression_v1,2026-08-04 15:56:49.319068+00:00,0,TRAIN
93707,2026-05-23 10:00:00+00:00,OTHER,704.4,24.61,8.34,52.9,0.16,0.288,0.09,0.0151,0.1406,-0.4129999999999999,-0.5740000000000001,-0.505,1.829,1.433,0.848,0.39346671841857045,0,0.5571732283586782,False,60.65332815814295,MEDIUM,logistic_regression_v1,2026-08-04 15:56:49.319068+00:00,0,TRAIN
93707,2026-05-23 13:00:00+00:00,MODE_57HZ,1699.8,57.16,6.49,41.8,1.377,1.5,1.311,0.4346,2.8867,0.038000000000000034,-0.30200000000000005,-0.49,1.685,1.4256666666666666,1.9953333333333332,0.48903327208623026,0,0.5571732283586782,False,51.096672791376974,MEDIUM,logistic_regression_v1,2026-08-04 15:56:49.319068+00:00,0,TRAIN
93707,2026-05-23 14:00:00+00:00,MODE_57HZ,1701.1,57.16,5.93,41.8,1.192,1.812,0.924,0.4365,2.9121,-0.14700000000000002,0.010000000000000009,-0.8769999999999999,1.5973333333333333,1.5693333333333332,1.7683333333333333,0.5534310956255616,0,0.5571732283586782,False,44.65689043744384,MEDIUM,logistic_regression_v1,2026-08-04 15:56:49.319068+00:00,0,TRAIN
93707,2026-05-23 20:00:00+00:00,MODE_57HZ,1699.4,57.12,6.3,38.4,1.466,1.988,1.046,0.4167,2.4648,0.127,0.18599999999999994,-0.7549999999999999,1.345,1.7666666666666666,1.0936666666666668,0.5269442133007378,0,0.5571732283586782,False,47.30557866992622,MEDIUM,logistic_regression_v1,2026-08-04 15:56:49.319068+00:00,0,TRAIN
93707,2026-05-24 02:00:00+00:00,MODE_57HZ,1701.3,57.12,5.44,41.6,1.211,1.462,1.573,0.4277,2.834,-0.1279999999999999,-0.3400000000000001,-0.22799999999999998,1.2896666666666667,1.754,1.181,0.6236307534807652,1,0.5571732283586782,True,37.63692465192348,HIGH,logistic_regression_v1,2026-08-04 15:56:49.319068+00:00,0,TRAIN
93707,2026-05-24 05:00:00+00:00,MODE_57HZ,1702.0,57.16,5.57,39.6,1.492,2.139,1.832,0.4202,2.7227,0.15300000000000002,0.33699999999999974,0.03100000000000014,1.3896666666666666,1.863,1.4836666666666667,0.5454328558806059,0,0.5571732283586782,False,45.456714411939416,MEDIUM,logistic_regression_v1,2026-08-04 15:56:49.319068+00:00,0,TRAIN
93707,2026-05-24 08:00:00+00:00,MODE_57HZ,1700.4,57.19,6.66,39.8,1.855,1.88,2.812,0.4023,2.7031,0.516,0.07799999999999985,1.011,1.5193333333333334,1.827,2.0723333333333334,0.6215172689631647,1,0.5571732283586782,True,37.848273103683525,HIGH,logistic_regression_v1,2026-08-04 15:56:49.319068+00:00,0,TRAIN
93707,2026-05-24 10:00:00+00:00,MODE_57HZ,1699.3,57.16,6.72,40.7,1.496,1.869,1.336,0.4187,2.5547,0.15700000000000003,0.06699999999999995,-0.46499999999999986,1.6143333333333334,1.9626666666666666,1.9933333333333334,0.47401927991140985,0,0.5571732283586782,False,52.59807200885902,MEDIUM,logistic_regression_v1,2026-08-04 15:56:49.319068+00:00,0,TRAIN
93707,2026-05-24 11:00:00+00:00,MODE_57HZ,1702.1,57.19,5.92,41.8,2.1,1.508,1.2,0.4258,2.7578,0.7610000000000001,-0.29400000000000004,-0.601,1.817,1.7523333333333333,1.7826666666666666,0.420792572660778,0,0.5571732283586782,False,57.920742733922204,MEDIUM,logistic_regression_v1,2026-08-04 15:56:49.319068+00:00,0,TRAIN
93707,2026-05-24 17:00:00+00:00,MODE_57HZ,1701.8,57.25,6.84,42.7,2.52,1.695,0.977,0.407,2.6367,1.181,-0.10699999999999998,-0.824,2.038666666666667,1.6906666666666668,1.171,0.36840865223940006,0,0.5571732283586782,False,63.159134776059986,MEDIUM,logistic_regression_v1,2026-08-04 15:56:49.319068+00:00,0,TRAIN
93707,2026-05-24 19:00:00+00:00,MODE_57HZ,1700.7,57.22,6.95,39.5,1.435,1.41,2.229,0.417,2.6016,0.09600000000000009,-0.3920000000000001,0.42800000000000016,2.0183333333333335,1.5376666666666667,1.4686666666666668,0.42272310182945944,0,0.5571732283586782,False,57.72768981705405,MEDIUM,logistic_regression_v1,2026-08-04 15:56:49.319068+00:00,0,TRAIN
93707,2026-05-24 21:00:00+00:00,MODE_57HZ,1700.9,57.28,7.63,44.3,1.38,1.535,2.143,0.425,2.8164,0.040999999999999925,-0.2670000000000001,0.34199999999999986,1.7783333333333333,1.5466666666666666,1.783,0.6214263364416793,1,0.5571732283586782,True,37.85736635583207,HIGH,logistic_regression_v1,2026-08-04 15:56:49.319068+00:00,0,TRAIN
93707,2026-05-25 06:00:00+00:00,MODE_50HZ,1478.9,50.0,,33.6,0.107,0.169,0.103,0.0075,0.0571,-0.051000000000000004,-0.161,-0.0040000000000000036,0.15766666666666668,0.3016666666666667,0.129,0.4500375290747628,0,0.5571732283586782,False,54.99624709252372,MEDIUM,logistic_regression_v1,2026-08-04 15:56:49.319068+00:00,0,TRAIN
93707,2026-05-25 08:00:00+00:00,OTHER,809.8,27.56,4.71,35.8,0.645,1.378,0.463,0.2233,1.4814,0.07200000000000006,0.5159999999999999,-0.13199999999999995,1.0373333333333332,1.21,0.535,0.44419274580685697,0,0.5571732283586782,False,55.580725419314305,MEDIUM,logistic_regression_v1,2026-08-04 15:56:49.319068+00:00,0,TRAIN
93707,2026-05-25 11:00:00+00:00,OTHER,817.4,27.58,2.75,39.0,0.579,1.117,0.428,0.2189,1.502,0.006000000000000005,0.255,-0.16699999999999998,0.4613333333333333,0.9276666666666666,0.327,0.5342484438910681,0,0.5571732283586782,False,46.57515561089319,MEDIUM,logistic_regression_v1,2026-08-04 15:56:49.319068+00:00,0,TRAIN
93707,2026-05-25 12:00:00+00:00,OTHER,819.2,27.58,2.25,43.3,0.577,0.989,0.343,0.2014,1.2998,0.0040000000000000036,0.127,-0.25199999999999995,0.6003333333333333,1.1613333333333333,0.41133333333333333,0.2535823409040928,0,0.5571732283586782,False,74.64176590959072,LOW,logistic_regression_v1,2026-08-04 15:56:49.319068+00:00,0,TRAIN
93707,2026-05-25 13:00:00+00:00,OTHER,808.0,27.58,5.35,46.2,0.574,1.438,0.398,0.2109,1.3486,0.0010000000000000009,0.576,-0.19699999999999995,0.5766666666666667,1.1813333333333333,0.38966666666666666,0.20804186263602711,0,0.5571732283586782,False,79.1958137363973,LOW,logistic_regression_v1,2026-08-04 15:56:49.319068+00:00,0,TRAIN
93707,2026-05-25 14:00:00+00:00,OTHER,808.2,27.58,5.29,47.3,0.608,0.969,0.305,0.2095,1.2422,0.03500000000000003,0.10699999999999998,-0.29,0.5863333333333333,1.132,0.3486666666666667,0.25778787442161305,0,0.5571732283586782,False,74.22121255783868,LOW,logistic_regression_v1,2026-08-04 15:56:49.319068+00:00,0,TRAIN
93707,2026-05-25 19:00:00+00:00,OTHER,817.6,27.56,2.56,44.1,0.55,0.884,0.338,0.1986,1.2324,-0.02299999999999991,0.02200000000000002,-0.25699999999999995,0.5773333333333334,1.097,0.34700000000000003,0.2828601031697758,0,0.5571732283586782,False,71.71398968302243,MEDIUM,logistic_regression_v1,2026-08-04 15:56:49.319068+00:00,0,TRAIN
93707,2026-05-26 02:00:00+00:00,OTHER,706.6,24.69,8.41,46.4,0.222,0.629,0.202,0.0275,0.2002,-0.351,-0.23299999999999998,-0.39299999999999996,0.46,0.8273333333333334,0.2816666666666667,0.3818184384247772,0,0.5571732283586782,False,61.81815615752229,MEDIUM,logistic_regression_v1,2026-08-04 15:56:49.319068+00:00,0,TRAIN
93707,2026-05-26 05:00:00+00:00,OTHER,591.8,19.89,0.97,38.0,0.124,0.294,0.09,0.0151,0.6245,-0.44899999999999995,-0.5680000000000001,-0.505,0.2986666666666667,0.6023333333333334,0.21000000000000002,0.3728277978248941,0,0.5571732283586782,False,62.71722021751059,MEDIUM,logistic_regression_v1,2026-08-04 15:56:49.319068+00:00,0,TRAIN
93707,2026-05-29 07:00:00+00:00,OTHER,692.1,23.3,1.6,31.2,0.394,0.862,0.334,0.1578,1.1592,-0.17899999999999994,0.0,-0.26099999999999995,0.24666666666666667,0.595,0.20866666666666667,0.5109015643043685,0,0.5571732283586782,False,48.90984356956315,MEDIUM,logistic_regression_v1,2026-08-04 15:56:49.319068+00:00,0,TRAIN
93707,2026-05-29 08:00:00+00:00,MODE_50HZ,1478.6,50.0,,40.2,0.186,0.406,0.172,0.0245,0.2012,0.027999999999999997,0.07600000000000001,0.06499999999999999,0.16933333333333334,0.33333333333333337,0.133,0.6929273804394174,1,0.5571732283586782,True,30.70726195605826,HIGH,logistic_regression_v1,2026-08-04 15:56:49.319068+00:00,0,TRAIN
93707,2026-05-29 11:00:00+00:00,OTHER,624.8,21.2,2.4,38.7,0.721,0.904,0.507,0.1613,1.0381,0.14800000000000002,0.04200000000000004,-0.08799999999999997,0.413,0.6866666666666666,0.31033333333333335,0.20915959903328452,0,0.5571732283586782,False,79.08404009667154,LOW,logistic_regression_v1,2026-08-04 15:56:49.319068+00:00,0,TRAIN
93707,2026-05-29 12:00:00+00:00,OTHER,628.3,21.22,1.75,42.5,0.539,0.723,0.528,0.1578,1.0098,-0.03399999999999992,-0.139,-0.06699999999999995,0.5513333333333333,0.8296666666666667,0.45633333333333337,0.08005072949163741,0,0.5571732283586782,False,91.99492705083627,LOW,logistic_regression_v1,2026-08-04 15:56:49.319068+00:00,0,TRAIN
93707,2026-05-29 18:00:00+00:00,OTHER,628.7,21.17,1.38,42.2,0.639,0.842,0.384,0.1581,0.9956,0.06600000000000006,-0.020000000000000018,-0.21099999999999997,0.633,0.823,0.47300000000000003,0.13616280802769548,0,0.5571732283586782,False,86.38371919723045,LOW,logistic_regression_v1,2026-08-04 15:56:49.319068+00:00,0,TRAIN
93707,2026-05-29 20:00:00+00:00,OTHER,629.7,21.23,1.55,42.6,0.511,0.667,0.593,0.1683,1.1641,-0.061999999999999944,-0.19499999999999995,-0.0020000000000000018,0.5630000000000001,0.744,0.5016666666666667,0.13078893186276824,0,0.5571732283586782,False,86.92110681372318,LOW,logistic_regression_v1,2026-08-04 15:56:49.319068+00:00,0,TRAIN
93707,2026-05-29 21:00:00+00:00,OTHER,629.5,21.23,1.59,42.7,0.624,0.6,0.598,0.1669,1.1562,0.051000000000000045,-0.262,0.0030000000000000027,0.5913333333333334,0.703,0.525,0.1468065404512002,0,0.5571732283586782,False,85.31934595487998,LOW,logistic_regression_v1,2026-08-04 15:56:49.319068+00:00,0,TRAIN
93707,2026-05-29 23:00:00+00:00,OTHER,619.2,21.19,3.48,41.4,0.416,0.546,0.766,0.1467,0.96,-0.15699999999999997,-0.31599999999999995,0.17100000000000004,0.517,0.6043333333333334,0.6523333333333333,0.10862832811106965,0,0.5571732283586782,False,89.13716718889305,LOW,logistic_regression_v1,2026-08-04 15:56:49.319068+00:00,0,TRAIN
93707,2026-05-30 01:00:00+00:00,MODE_50HZ,1494.7,49.97,2.16,43.6,0.182,0.583,0.088,0.0297,0.2284,0.023999999999999994,0.25299999999999995,-0.019000000000000003,0.15833333333333333,0.386,0.121,0.27224331212543085,0,0.5571732283586782,False,72.77566878745691,LOW,logistic_regression_v1,2026-08-04 15:56:49.319068+00:00,0,TRAIN
93707,2026-05-30 03:00:00+00:00,OTHER,503.8,17.11,1.62,36.5,0.423,0.733,0.57,0.1302,0.8701,-0.14999999999999997,-0.129,-0.025000000000000022,0.48766666666666664,0.6263333333333333,0.6446666666666666,0.13809817761247306,0,0.5571732283586782,False,86.1901822387527,LOW,logistic_regression_v1,2026-08-04 15:56:49.319068+00:00,0,TRAIN
93707,2026-05-30 04:00:00+00:00,OTHER,503.9,17.09,1.52,39.6,0.384,0.795,0.599,0.1272,0.7388,-0.18899999999999995,-0.06699999999999995,0.0040000000000000036,0.4076666666666667,0.6913333333333334,0.645,0.09730949953871308,0,0.5571732283586782,False,90.2690500461287,LOW,logistic_regression_v1,2026-08-04 15:56:49.319068+00:00,0,TRAIN
93707,2026-05-30 06:00:00+00:00,OTHER,692.9,24.19,7.92,41.6,0.274,0.448,0.095,0.0258,0.1978,-0.29899999999999993,-0.414,-0.5,0.36033333333333334,0.6586666666666667,0.42133333333333334,0.23320491023099532,0,0.5571732283586782,False,76.67950897690046,LOW,logistic_regression_v1,2026-08-04 15:56:49.319068+00:00,0,TRAIN
93707,2026-05-30 08:00:00+00:00,MODE_57HZ,1701.6,57.12,5.33,41.4,1.824,1.582,1.802,0.3894,2.4102,0.4850000000000001,-0.21999999999999997,0.001000000000000112,1.5463333333333333,1.509,2.058,0.6366167671541366,1,0.5571732283586782,True,36.33832328458634,HIGH,logistic_regression_v1,2026-08-04 15:56:49.319068+00:00,0,TRAIN
93707,2026-05-30 10:00:00+00:00,MODE_57HZ,1701.2,57.09,5.06,42.0,1.261,1.502,1.988,0.3989,2.5742,-0.07800000000000007,-0.30000000000000004,0.18700000000000006,1.4883333333333333,1.5396666666666667,1.9776666666666667,0.5329944299235638,0,0.5571732283586782,False,46.70055700764362,MEDIUM,logistic_regression_v1,2026-08-04 15:56:49.319068+00:00,0,TRAIN
93707,2026-05-30 11:00:00+00:00,MODE_57HZ,1701.5,57.09,4.94,41.0,1.735,2.242,3.322,0.4021,2.4863,0.39600000000000013,0.43999999999999995,1.5210000000000001,1.6066666666666667,1.7753333333333334,2.3706666666666667,0.3764340735065384,0,0.5571732283586782,False,62.35659264934617,MEDIUM,logistic_regression_v1,2026-08-04 15:56:49.319068+00:00,0,TRAIN
93707,2026-05-30 12:00:00+00:00,MODE_57HZ,1701.3,57.16,5.87,46.1,1.544,2.342,2.99,0.4194,2.6406,0.20500000000000007,0.54,1.1890000000000003,1.5133333333333334,2.0286666666666666,2.7666666666666666,0.4668420474262721,0,0.5571732283586782,False,53.31579525737279,MEDIUM,logistic_regression_v1,2026-08-04 15:56:49.319068+00:00,0,TRAIN
93707,2026-05-30 22:00:00+00:00,MODE_57HZ,1701.0,57.19,6.41,46.6,1.371,2.443,1.104,0.4265,2.6191,0.03200000000000003,0.641,-0.6969999999999998,1.55,2.3423333333333334,2.472,0.4650329268831176,0,0.5571732283586782,False,53.49670731168824,MEDIUM,logistic_regression_v1,2026-08-04 15:56:49.319068+00:00,0,TRAIN
93707,2026-05-30 23:00:00+00:00,MODE_57HZ,1701.8,57.19,6.04,46.2,1.746,1.759,2.42,0.4146,2.6504,0.40700000000000003,-0.04300000000000015,0.619,1.5536666666666668,2.1813333333333333,2.1713333333333336,0.5607259844029104,1,0.5571732283586782,True,43.927401559708954,HIGH,logistic_regression_v1,2026-08-04 15:56:49.319068+00:00,0,TRAIN
93707,2026-05-31 00:00:00+00:00,MODE_57HZ,1699.5,57.19,7.03,45.6,1.109,2.217,1.108,0.4346,2.6855,-0.22999999999999998,0.41500000000000004,-0.6929999999999998,1.4086666666666667,2.139666666666667,1.544,0.5875210469868658,1,0.5571732283586782,True,41.24789530131342,HIGH,logistic_regression_v1,2026-08-04 15:56:49.319068+00:00,0,TRAIN
93707,2026-05-31 01:00:00+00:00,MODE_57HZ,1701.2,57.12,5.5,48.2,1.35,2.158,1.778,0.47,2.9707,0.01100000000000012,0.35599999999999987,-0.02299999999999991,1.4016666666666666,2.0446666666666666,1.7686666666666666,0.5704731264553261,1,0.5571732283586782,True,42.952687354467386,HIGH,logistic_regression_v1,2026-08-04 15:56:49.319068+00:00,0,TRAIN
93707,2026-05-31 02:00:00+00:00,MODE_57HZ,1701.6,57.16,5.74,43.1,1.35,1.859,1.567,0.4021,2.666,0.01100000000000012,0.05699999999999994,-0.23399999999999999,1.2696666666666667,2.078,1.4843333333333333,0.6871301372263652,1,0.5571732283586782,True,31.286986277363482,HIGH,logistic_regression_v1,2026-08-04 15:56:49.319068+00:00,0,TRAIN
93707,2026-05-31 04:00:00+00:00,MODE_50HZ,1494.4,50.0,,46.8,0.17,1.033,0.143,0.0378,0.3613,0.01200000000000001,0.7029999999999998,0.03599999999999999,0.17933333333333334,0.6739999999999999,0.13433333333333333,0.12076003093375393,0,0.5571732283586782,False,87.92399690662461,LOW,logistic_regression_v1,2026-08-04 15:56:49.319068+00:00,0,TRAIN
93707,2026-05-31 07:00:00+00:00,MODE_50HZ,1428.8,50.0,33.0,42.6,0.146,0.748,0.101,0.0254,0.1567,-0.01200000000000001,0.418,-0.0059999999999999915,0.166,0.7879999999999999,0.11066666666666666,0.7933231687793657,1,0.5571732283586782,True,20.66768312206343,HIGH,logistic_regression_v1,2026-08-04 15:56:49.319068+00:00,0,TRAIN
93707,2026-05-31 08:00:00+00:00,MODE_57HZ,1700.1,57.16,6.39,47.2,1.187,1.791,1.435,0.436,2.7754,-0.1519999999999999,-0.01100000000000012,-0.3659999999999999,1.2956666666666667,1.936,1.5933333333333333,0.7040962836720758,1,0.5571732283586782,True,29.590371632792422,HIGH,logistic_regression_v1,2026-08-04 15:56:49.319068+00:00,0,TRAIN
93707,2026-05-31 09:00:00+00:00,MODE_57HZ,1700.7,57.19,6.52,46.1,1.077,1.675,1.767,0.4048,2.5059,-0.262,-0.127,-0.03400000000000003,1.2046666666666668,1.775,1.5896666666666666,0.5540989042868861,0,0.5571732283586782,False,44.59010957131139,MEDIUM,logistic_regression_v1,2026-08-04 15:56:49.319068+00:00,0,TRAIN
93707,2026-05-31 10:00:00+00:00,MODE_57HZ,1701.0,57.19,6.37,47.2,1.646,2.125,1.491,0.4321,2.9551,0.30699999999999994,0.32299999999999995,-0.30999999999999983,1.3033333333333332,1.8636666666666666,1.5643333333333334,0.6416126316290303,1,0.5571732283586782,True,35.838736837096974,HIGH,logistic_regression_v1,2026-08-04 15:56:49.319068+00:00,0,TRAIN
93707,2026-05-31 11:00:00+00:00,MODE_57HZ,1700.0,57.19,6.84,48.2,1.734,1.765,1.439,0.4277,2.7266,0.395,-0.037000000000000144,-0.3619999999999999,1.4856666666666667,1.855,1.5656666666666668,0.5005431826336562,0,0.5571732283586782,False,49.945681736634384,MEDIUM,logistic_regression_v1,2026-08-04 15:56:49.319068+00:00,0,TRAIN
93707,2026-05-31 14:00:00+00:00,MODE_57HZ,1700.9,57.12,5.63,47.4,1.639,1.571,1.714,0.4182,2.8887,0.30000000000000004,-0.2310000000000001,-0.08699999999999997,1.673,1.8203333333333334,1.548,0.5579098011537281,1,0.5571732283586782,True,44.20901988462719,HIGH,logistic_regression_v1,2026-08-04 15:56:49.319068+00:00,0,TRAIN
93707,2026-05-31 17:00:00+00:00,MODE_57HZ,1701.9,57.16,5.59,46.7,1.285,2.0,1.042,0.4202,2.7266,-0.05400000000000005,0.19799999999999995,-0.7589999999999999,1.5526666666666666,1.7786666666666666,1.3983333333333334,0.5348376156147108,0,0.5571732283586782,False,46.51623843852892,MEDIUM,logistic_regression_v1,2026-08-04 15:56:49.319068+00:00,0,TRAIN
93707,2026-05-31 19:00:00+00:00,MODE_57HZ,1701.1,57.16,5.93,44.6,0.906,1.922,1.491,0.4219,2.668,-0.43299999999999994,0.11999999999999988,-0.30999999999999983,1.2766666666666666,1.831,1.4156666666666666,0.5902880120726329,1,0.5571732283586782,True,40.97119879273671,HIGH,logistic_regression_v1,2026-08-04 15:56:49.319068+00:00,0,TRAIN
93707,2026-05-31 20:00:00+00:00,MODE_57HZ,1699.8,57.16,6.49,45.2,1.122,1.611,0.941,0.4082,2.6133,-0.21699999999999986,-0.19100000000000006,-0.86,1.1043333333333334,1.8443333333333334,1.1580000000000001,0.666378361265055,1,0.5571732283586782,True,33.3621638734945,HIGH,logistic_regression_v1,2026-08-04 15:56:49.319068+00:00,0,TRAIN
93707,2026-05-31 22:00:00+00:00,MODE_57HZ,1701.5,57.16,5.78,45.4,1.288,1.759,0.788,0.4106,2.8398,-0.050999999999999934,-0.04300000000000015,-1.013,1.1053333333333335,1.764,1.0733333333333335,0.6556631364055269,1,0.5571732283586782,True,34.433686359447314,HIGH,logistic_regression_v1,2026-08-04 15:56:49.319068+00:00,0,TRAIN
93707,2026-06-01 00:00:00+00:00,MODE_57HZ,1700.8,57.16,6.05,44.8,1.03,1.49,1.558,0.4155,2.5371,-0.30899999999999994,-0.31200000000000006,-0.24299999999999988,1.1466666666666667,1.6199999999999999,1.0956666666666668,0.5452390500910751,0,0.5571732283586782,False,45.47609499089249,MEDIUM,logistic_regression_v1,2026-08-04 15:56:49.319068+00:00,0,TRAIN
93707,2026-06-01 01:00:00+00:00,MODE_57HZ,1701.2,57.12,5.49,43.3,1.944,1.682,2.623,0.4016,2.834,0.605,-0.1200000000000001,0.8220000000000003,1.4206666666666667,1.6436666666666666,1.6563333333333334,0.6365824643808364,1,0.5571732283586782,True,36.341753561916356,HIGH,logistic_regression_v1,2026-08-04 15:56:49.319068+00:00,0,TRAIN
93707,2026-06-01 02:00:00+00:00,MODE_57HZ,1701.1,57.16,5.93,43.8,1.751,2.16,1.117,0.4177,2.668,0.4119999999999999,0.3580000000000001,-0.6839999999999999,1.575,1.7773333333333334,1.766,0.45393136341490925,0,0.5571732283586782,False,54.60686365850908,MEDIUM,logistic_regression_v1,2026-08-04 15:56:49.319068+00:00,0,TRAIN
93707,2026-06-01 03:00:00+00:00,MODE_57HZ,1701.2,57.16,5.91,43.9,1.608,1.713,2.869,0.4038,2.5547,0.26900000000000013,-0.08899999999999997,1.0680000000000003,1.7676666666666667,1.8516666666666668,2.2030000000000003,0.466108944848363,0,0.5571732283586782,False,53.38910551516369,MEDIUM,logistic_regression_v1,2026-08-04 15:56:49.319068+00:00,0,TRAIN
93707,2026-06-01 04:00:00+00:00,MODE_57HZ,1701.5,57.19,6.19,43.4,1.015,1.688,2.539,0.4182,2.6973,-0.32400000000000007,-0.1140000000000001,0.7380000000000002,1.458,1.8536666666666668,2.1750000000000003,0.5727370870337499,1,0.5571732283586782,True,42.72629129662501,HIGH,logistic_regression_v1,2026-08-04 15:56:49.319068+00:00,0,TRAIN
93707,2026-06-01 05:00:00+00:00,MODE_57HZ,1701.0,57.16,5.97,43.7,1.273,1.792,0.939,0.4219,2.498,-0.06600000000000006,-0.010000000000000009,-0.862,1.2986666666666666,1.731,2.115666666666667,0.4675699403197913,0,0.5571732283586782,False,53.243005968020874,MEDIUM,logistic_regression_v1,2026-08-04 15:56:49.319068+00:00,0,TRAIN
93707,2026-06-01 06:00:00+00:00,MODE_57HZ,1701.4,57.16,5.82,44.9,1.386,1.75,1.632,0.4077,2.5938,0.04699999999999993,-0.052000000000000046,-0.16900000000000004,1.2246666666666666,1.7433333333333334,1.7033333333333334,0.5521446813761547,0,0.5571732283586782,False,44.78553186238453,MEDIUM,logistic_regression_v1,2026-08-04 15:56:49.319068+00:00,0,TRAIN
93707,2026-06-01 07:00:00+00:00,MODE_57HZ,1699.9,57.19,6.86,45.9,1.136,1.57,1.088,0.4199,2.5684,-0.20300000000000007,-0.23199999999999998,-0.7129999999999999,1.265,1.704,1.2196666666666667,0.5241396411108508,0,0.5571732283586782,False,47.58603588891492,MEDIUM,logistic_regression_v1,2026-08-04 15:56:49.319068+00:00,0,TRAIN
93707,2026-06-01 08:00:00+00:00,MODE_57HZ,1701.7,57.19,6.08,46.8,0.774,2.088,1.317,0.4009,2.4746,-0.565,0.28600000000000003,-0.484,1.0986666666666667,1.8026666666666666,1.3456666666666666,0.5467111561156044,0,0.5571732283586782,False,45.32888438843956,MEDIUM,logistic_regression_v1,2026-08-04 15:56:49.319068+00:00,0,TRAIN
93707,2026-06-01 10:00:00+00:00,MODE_57HZ,1701.6,57.19,6.13,48.6,0.88,1.819,0.807,0.3997,2.6348,-0.45899999999999996,0.016999999999999904,-0.9939999999999999,0.9299999999999999,1.8256666666666668,1.0706666666666667,0.6253442976598229,1,0.5571732283586782,True,37.46557023401771,HIGH,logistic_regression_v1,2026-08-04 15:56:49.319068+00:00,0,TRAIN
93707,2026-06-01 11:00:00+00:00,MODE_57HZ,1701.9,57.16,5.6,47.7,1.118,1.938,1.021,0.429,2.8477,-0.22099999999999986,0.1359999999999999,-0.78,0.924,1.9483333333333333,1.0483333333333333,0.6505760492980949,1,0.5571732283586782,True,34.942395070190514,HIGH,logistic_regression_v1,2026-08-04 15:56:49.319068+00:00,0,TRAIN
93707,2026-06-01 13:00:00+00:00,MODE_57HZ,1701.9,57.19,6.0,50.8,1.407,1.819,2.453,0.3936,2.377,0.06800000000000006,0.016999999999999904,0.6519999999999999,1.135,1.8586666666666667,1.427,0.6139830887165962,1,0.5571732283586782,True,38.60169112834038,HIGH,logistic_regression_v1,2026-08-04 15:56:49.319068+00:00,0,TRAIN
93707,2026-06-01 14:00:00+00:00,MODE_57HZ,1701.4,57.19,6.2,52.5,1.842,1.802,2.973,0.396,2.6484,0.5030000000000001,0.0,1.172,1.4556666666666667,1.853,2.149,0.5585748261708566,1,0.5571732283586782,True,44.142517382914335,HIGH,logistic_regression_v1,2026-08-04 15:56:49.319068+00:00,1,TRAIN
93707,2026-06-01 15:00:00+00:00,MODE_57HZ,1702.5,57.19,5.73,51.5,0.829,1.543,1.316,0.3831,2.6973,-0.51,-0.2590000000000001,-0.4849999999999999,1.3593333333333333,1.7213333333333334,2.247333333333333,0.5577823799615734,1,0.5571732283586782,True,44.221762003842656,HIGH,logistic_regression_v1,2026-08-04 15:56:49.319068+00:00,1,TRAIN
93707,2026-06-01 16:00:00+00:00,MODE_57HZ,1700.9,57.16,6.01,51.5,1.556,2.572,2.105,0.4045,2.7695,0.21700000000000008,0.77,0.30400000000000005,1.409,1.9723333333333333,2.1313333333333335,0.5484883239661817,0,0.5571732283586782,False,45.15116760338182,MEDIUM,logistic_regression_v1,2026-08-04 15:56:49.319068+00:00,1,TRAIN
93707,2026-06-01 17:00:00+00:00,OTHER,615.7,20.69,1.02,51.0,1.149,1.308,0.511,0.4807,2.7188,0.5760000000000001,0.44600000000000006,-0.08399999999999996,0.6023333333333334,0.8503333333333334,0.40166666666666667,0.4265558593624967,0,0.5571732283586782,False,57.34441406375033,MEDIUM,logistic_regression_v1,2026-08-04 15:56:49.319068+00:00,0,TRAIN
93707,2026-06-01 20:00:00+00:00,MODE_57HZ,1701.5,57.19,6.19,46.9,1.28,1.726,1.164,0.407,2.459,-0.05899999999999994,-0.07600000000000007,-0.637,1.2216666666666667,1.947,1.5283333333333333,0.46891540672280635,0,0.5571732283586782,False,53.10845932771937,MEDIUM,logistic_regression_v1,2026-08-04 15:56:49.319068+00:00,0,TRAIN
93707,2026-06-01 22:00:00+00:00,MODE_57HZ,1699.5,57.16,6.64,47.9,1.235,1.923,3.162,0.4009,2.6973,-0.10399999999999987,0.121,1.361,1.357,2.0736666666666665,2.143666666666667,0.6919485881562839,1,0.5571732283586782,True,30.80514118437161,HIGH,logistic_regression_v1,2026-08-04 15:56:49.319068+00:00,0,TRAIN
93707,2026-06-01 23:00:00+00:00,MODE_57HZ,1701.5,57.16,5.76,45.8,1.565,2.191,1.858,0.4094,2.7305,0.22599999999999998,0.3889999999999998,0.05700000000000016,1.36,1.9466666666666665,2.0613333333333332,0.5579982516345887,1,0.5571732283586782,True,44.20017483654113,HIGH,logistic_regression_v1,2026-08-04 15:56:49.319068+00:00,0,TRAIN
93707,2026-06-02 00:00:00+00:00,MODE_57HZ,1701.1,57.16,5.96,48.7,1.291,1.803,1.962,0.4094,2.4453,-0.04800000000000004,0.0009999999999998899,0.16100000000000003,1.3636666666666666,1.9723333333333333,2.3273333333333333,0.48263264804533423,0,0.5571732283586782,False,51.73673519546658,MEDIUM,logistic_regression_v1,2026-08-04 15:56:49.319068+00:00,0,TRAIN
93707,2026-06-02 01:00:00+00:00,MODE_57HZ,1701.0,57.16,5.99,48.5,1.434,1.973,2.461,0.3882,2.5547,0.09499999999999997,0.17100000000000004,0.6599999999999999,1.43,1.9889999999999999,2.0936666666666666,0.5263662067349991,0,0.5571732283586782,False,47.36337932650009,MEDIUM,logistic_regression_v1,2026-08-04 15:56:49.319068+00:00,0,TRAIN
93707,2026-06-02 04:00:00+00:00,MODE_57HZ,1700.9,57.12,5.61,40.9,0.893,1.43,1.582,0.4253,2.623,-0.44599999999999995,-0.3720000000000001,-0.21899999999999986,1.206,1.7353333333333334,2.0016666666666665,0.5468021736817035,0,0.5571732283586782,False,45.31978263182965,MEDIUM,logistic_regression_v1,2026-08-04 15:56:49.319068+00:00,0,TRAIN
93707,2026-06-02 06:00:00+00:00,MODE_57HZ,1701.2,57.16,5.88,45.0,1.212,1.706,1.292,0.407,2.4902,-0.127,-0.09600000000000009,-0.5089999999999999,1.1796666666666666,1.703,1.7783333333333333,0.6053014656631855,1,0.5571732283586782,True,39.46985343368144,HIGH,logistic_regression_v1,2026-08-04 15:56:49.319068+00:00,0,TRAIN
93707,2026-06-02 07:00:00+00:00,MODE_57HZ,1700.2,57.16,6.32,45.6,1.922,1.592,1.512,0.4114,2.5254,0.583,-0.20999999999999996,-0.2889999999999999,1.3423333333333334,1.576,1.462,0.394236457157064,0,0.5571732283586782,False,60.5763542842936,MEDIUM,logistic_regression_v1,2026-08-04 15:56:49.319068+00:00,0,TRAIN
93707,2026-06-02 08:00:00+00:00,MODE_57HZ,1700.6,57.16,6.16,46.1,1.637,1.966,2.502,0.4253,2.623,0.29800000000000004,0.16399999999999992,0.7009999999999998,1.5903333333333334,1.7546666666666666,1.7686666666666666,0.44783414769932534,0,0.5571732283586782,False,55.21658523006747,MEDIUM,logistic_regression_v1,2026-08-04 15:56:49.319068+00:00,0,TRAIN
93707,2026-06-02 09:00:00+00:00,MODE_57HZ,1701.8,57.16,5.65,47.5,1.146,1.335,1.741,0.3918,2.4883,-0.19300000000000006,-0.4670000000000001,-0.05999999999999983,1.5683333333333334,1.631,1.9183333333333332,0.44056184817277555,0,0.5571732283586782,False,55.943815182722446,MEDIUM,logistic_regression_v1,2026-08-04 15:56:49.319068+00:00,0,TRAIN
93707,2026-06-02 11:00:00+00:00,MODE_57HZ,1701.6,57.16,5.72,48.5,1.192,1.46,1.771,0.4067,2.5254,-0.14700000000000002,-0.3420000000000001,-0.030000000000000027,1.325,1.587,2.0046666666666666,0.41045371709907696,0,0.5571732283586782,False,58.9546282900923,MEDIUM,logistic_regression_v1,2026-08-04 15:56:49.319068+00:00,0,TRAIN
93707,2026-06-02 16:00:00+00:00,OTHER,709.1,24.81,8.76,47.0,0.131,0.543,0.08,0.0236,0.1655,-0.44199999999999995,-0.31899999999999995,-0.515,0.518,0.7663333333333334,0.22866666666666668,0.5994891074419897,1,0.5571732283586782,True,40.05108925580103,HIGH,logistic_regression_v1,2026-08-04 15:56:49.319068+00:00,0,TRAIN
93707,2026-06-02 19:00:00+00:00,MODE_57HZ,1701.4,57.09,4.99,42.8,1.582,1.301,1.227,0.3818,2.3184,0.2430000000000001,-0.5010000000000001,-0.5739999999999998,1.3066666666666666,1.3653333333333333,1.5796666666666668,0.4043072028782238,0,0.5571732283586782,False,59.569279712177625,MEDIUM,logistic_regression_v1,2026-08-04 15:56:49.319068+00:00,0,TRAIN
93707,2026-06-02 20:00:00+00:00,MODE_57HZ,1701.7,57.09,4.89,44.9,1.366,1.763,1.637,0.4092,2.668,0.027000000000000135,-0.039000000000000146,-0.16399999999999992,1.3800000000000001,1.508,1.545,0.5368092884111608,0,0.5571732283586782,False,46.319071158883915,MEDIUM,logistic_regression_v1,2026-08-04 15:56:49.319068+00:00,0,TRAIN
93707,2026-06-02 21:00:00+00:00,MODE_57HZ,1701.7,57.09,4.87,46.0,1.515,1.758,2.193,0.4058,2.4844,0.17599999999999993,-0.04400000000000004,0.3920000000000001,1.4876666666666667,1.6073333333333333,1.6856666666666666,0.39310699202634763,0,0.5571732283586782,False,60.689300797365235,MEDIUM,logistic_regression_v1,2026-08-04 15:56:49.319068+00:00,0,TRAIN
93707,2026-06-02 22:00:01+00:00,MODE_57HZ,1701.3,57.12,5.46,45.7,1.91,1.759,2.846,0.4155,2.6191,0.571,-0.04300000000000015,1.0450000000000002,1.597,1.76,2.2253333333333334,0.47725220105828464,0,0.5571732283586782,False,52.27477989417153,MEDIUM,logistic_regression_v1,2026-08-04 15:56:49.319068+00:00,0,TRAIN
93707,2026-06-02 23:00:01+00:00,MODE_57HZ,1701.3,57.09,5.03,45.3,1.507,2.693,2.848,0.4321,2.7715,0.16799999999999993,0.891,1.047,1.644,2.07,2.629,0.4689880081350674,0,0.5571732283586782,False,53.101199186493254,MEDIUM,logistic_regression_v1,2026-08-04 15:56:49.319068+00:00,0,TRAIN
93707,2026-06-03 00:00:01+00:00,MODE_57HZ,1701.3,57.12,5.43,45.0,2.012,1.502,1.76,0.4231,2.4766,0.673,-0.30000000000000004,-0.040999999999999925,1.8096666666666665,1.9846666666666666,2.4846666666666666,0.31380005324936394,0,0.5571732283586782,False,68.61999467506361,MEDIUM,logistic_regression_v1,2026-08-04 15:56:49.319068+00:00,0,TRAIN
93707,2026-06-03 03:00:01+00:00,MODE_57HZ,1700.9,57.09,5.2,46.8,1.107,2.453,1.424,0.4133,2.5234,-0.23199999999999998,0.6509999999999998,-0.377,1.542,2.216,2.010666666666667,0.4800518854209604,0,0.5571732283586782,False,51.994811457903964,MEDIUM,logistic_regression_v1,2026-08-04 15:56:49.319068+00:00,0,TRAIN
93707,2026-06-03 04:00:01+00:00,MODE_57HZ,1702.0,57.12,5.16,44.1,1.762,1.728,2.457,0.3877,2.4531,0.42300000000000004,-0.07400000000000007,0.6559999999999999,1.627,1.8943333333333332,1.8803333333333332,0.42672269359970344,0,0.5571732283586782,False,57.32773064002965,MEDIUM,logistic_regression_v1,2026-08-04 15:56:49.319068+00:00,0,TRAIN
93707,2026-06-03 05:00:01+00:00,MODE_57HZ,1701.7,57.09,4.87,44.4,1.358,2.146,1.548,0.4021,2.7363,0.019000000000000128,0.34399999999999986,-0.2529999999999999,1.409,2.109,1.8096666666666665,0.6258737241353967,1,0.5571732283586782,True,37.41262758646033,HIGH,logistic_regression_v1,2026-08-04 15:56:49.319068+00:00,0,TRAIN
93707,2026-06-03 06:00:01+00:00,MODE_57HZ,1700.3,57.12,5.87,45.2,1.284,2.059,1.807,0.4016,2.5078,-0.05499999999999994,0.2570000000000001,0.006000000000000005,1.468,1.9776666666666667,1.9373333333333334,0.5008126496300684,0,0.5571732283586782,False,49.918735036993155,MEDIUM,logistic_regression_v1,2026-08-04 15:56:49.319068+00:00,0,TRAIN
93707,2026-06-03 07:00:01+00:00,MODE_57HZ,1700.1,57.12,5.95,46.2,1.747,1.682,2.625,0.4021,2.4824,0.40800000000000014,-0.1200000000000001,0.8240000000000001,1.463,1.9623333333333333,1.9933333333333334,0.4968652553590643,0,0.5571732283586782,False,50.313474464093574,MEDIUM,logistic_regression_v1,2026-08-04 15:56:49.319068+00:00,0,TRAIN
93707,2026-06-03 10:00:01+00:00,MODE_57HZ,1701.9,57.12,5.21,46.0,1.288,1.696,1.954,0.4294,2.7871,-0.050999999999999934,-0.1060000000000001,0.15300000000000002,1.4396666666666667,1.8123333333333334,2.1286666666666667,0.4983043189035916,0,0.5571732283586782,False,50.169568109640835,MEDIUM,logistic_regression_v1,2026-08-04 15:56:49.319068+00:00,0,TRAIN
93707,2026-06-03 11:00:01+00:00,MODE_57HZ,1701.9,57.12,5.17,48.5,1.316,2.209,1.343,0.4048,2.4863,-0.02299999999999991,0.40700000000000003,-0.45799999999999996,1.4503333333333335,1.8623333333333334,1.974,0.44495323150188915,0,0.5571732283586782,False,55.504676849811084,MEDIUM,logistic_regression_v1,2026-08-04 15:56:49.319068+00:00,0,TRAIN
93707,2026-06-03 13:00:01+00:00,MODE_57HZ,1700.7,57.09,5.31,50.3,2.619,2.516,0.667,0.4111,2.6328,1.2800000000000002,0.714,-1.134,1.741,2.1403333333333334,1.3213333333333332,0.37061074897883767,0,0.5571732283586782,False,62.93892510211623,MEDIUM,logistic_regression_v1,2026-08-04 15:56:49.319068+00:00,0,TRAIN
93707,2026-06-03 20:00:01+00:00,MODE_57HZ,1700.8,57.12,5.67,43.7,0.992,1.305,1.368,0.3911,2.4062,-0.347,-0.4970000000000001,-0.43299999999999983,1.6423333333333334,2.0100000000000002,1.1260000000000001,0.4563151870283101,0,0.5571732283586782,False,54.36848129716899,MEDIUM,logistic_regression_v1,2026-08-04 15:56:49.319068+00:00,0,TRAIN
93707,2026-06-03 21:00:01+00:00,MODE_57HZ,1702.1,57.12,5.08,45.3,1.104,2.305,1.511,0.3999,2.4863,-0.23499999999999988,0.5030000000000001,-0.29000000000000004,1.5716666666666668,2.0420000000000003,1.182,0.6171567341154844,1,0.5571732283586782,True,38.284326588451556,HIGH,logistic_regression_v1,2026-08-04 15:56:49.319068+00:00,0,TRAIN
93707,2026-06-03 22:00:01+00:00,MODE_57HZ,1700.5,57.12,5.82,45.7,1.417,1.185,1.267,0.4065,2.4297,0.07800000000000007,-0.617,-0.534,1.171,1.5983333333333334,1.382,0.34025774694365585,0,0.5571732283586782,False,65.97422530563442,MEDIUM,logistic_regression_v1,2026-08-04 15:56:49.319068+00:00,0,TRAIN
93707,2026-06-04 01:00:01+00:00,OTHER,698.9,24.36,7.76,52.5,0.194,0.316,0.094,0.0199,0.1592,-0.37899999999999995,-0.546,-0.501,0.49133333333333334,0.7223333333333334,0.22833333333333333,0.7917775880085643,1,0.5571732283586782,True,20.822241199143566,HIGH,logistic_regression_v1,2026-08-04 15:56:49.319068+00:00,0,TRAIN
93707,2026-06-04 02:00:01+00:00,OTHER,1071.1,35.91,2.19,43.3,0.811,0.873,0.872,0.2761,1.751,0.2380000000000001,0.01100000000000001,0.277,0.3786666666666667,0.5773333333333334,0.3486666666666667,0.17913431578364697,0,0.5571732283586782,False,82.0865684216353,LOW,logistic_regression_v1,2026-08-04 15:56:49.319068+00:00,0,TRAIN
93707,2026-06-04 03:00:01+00:00,OTHER,1069.4,35.94,3.14,41.1,0.693,0.829,0.859,0.2693,1.5088,0.12,-0.03300000000000003,0.264,0.5660000000000001,0.6726666666666666,0.6083333333333333,0.2654638310961401,0,0.5571732283586782,False,73.45361689038599,LOW,logistic_regression_v1,2026-08-04 15:56:49.319068+00:00,0,TRAIN
93707,2026-06-04 04:00:01+00:00,OTHER,1056.1,35.94,7.9,42.2,1.168,0.987,0.631,0.2625,1.623,0.595,0.125,0.03600000000000003,0.8906666666666666,0.8963333333333333,0.7873333333333333,0.5091546531872708,0,0.5571732283586782,False,49.08453468127292,MEDIUM,logistic_regression_v1,2026-08-04 15:56:49.319068+00:00,0,TRAIN
93707,2026-06-04 06:00:01+00:00,OTHER,1065.8,35.94,4.44,42.0,0.564,0.802,0.635,0.2666,1.7275,-0.009000000000000008,-0.05999999999999994,0.040000000000000036,0.8083333333333332,0.8726666666666667,0.7083333333333334,0.24479997271004109,0,0.5571732283586782,False,75.52000272899589,LOW,logistic_regression_v1,2026-08-04 15:56:49.319068+00:00,0,TRAIN
93707,2026-06-04 09:00:01+00:00,OTHER,1071.6,35.94,2.36,45.4,0.358,0.859,0.645,0.2571,1.6758,-0.21499999999999997,-0.0030000000000000027,0.050000000000000044,0.6966666666666667,0.8826666666666667,0.637,0.20562183293331784,0,0.5571732283586782,False,79.43781670666822,LOW,logistic_regression_v1,2026-08-04 15:56:49.319068+00:00,0,TRAIN
93707,2026-06-04 10:00:01+00:00,OTHER,1058.8,35.94,6.95,46.9,0.525,0.779,0.457,0.251,1.627,-0.04799999999999993,-0.08299999999999996,-0.13799999999999996,0.48233333333333334,0.8133333333333334,0.5790000000000001,0.3722558676550281,0,0.5571732283586782,False,62.774413234497196,MEDIUM,logistic_regression_v1,2026-08-04 15:56:49.319068+00:00,0,TRAIN
93707,2026-06-04 12:00:01+00:00,OTHER,1071.8,35.94,2.26,49.1,0.645,1.028,0.468,0.259,1.667,0.07200000000000006,0.16600000000000004,-0.12699999999999995,0.5093333333333333,0.8886666666666667,0.5233333333333333,0.27836386547502445,0,0.5571732283586782,False,72.16361345249756,LOW,logistic_regression_v1,2026-08-04 15:56:49.319068+00:00,0,TRAIN
93707,2026-06-04 13:00:01+00:00,OTHER,1071.4,35.94,2.41,49.3,0.548,0.802,0.522,0.2632,1.6826,-0.02499999999999991,-0.05999999999999994,-0.07299999999999995,0.5726666666666667,0.8696666666666667,0.48233333333333334,0.2523652750817067,0,0.5571732283586782,False,74.76347249182933,LOW,logistic_regression_v1,2026-08-04 15:56:49.319068+00:00,0,TRAIN
93707,2026-06-04 17:00:01+00:00,OTHER,1072.3,36.0,2.76,47.2,0.905,0.857,0.591,0.2559,1.6074,0.3320000000000001,-0.0050000000000000044,-0.0040000000000000036,0.6993333333333334,0.8956666666666667,0.527,0.35996873246519095,0,0.5571732283586782,False,64.0031267534809,MEDIUM,logistic_regression_v1,2026-08-04 15:56:49.319068+00:00,0,TRAIN
93707,2026-06-04 19:00:01+00:00,OTHER,998.2,33.91,6.43,44.1,2.5,1.429,1.041,0.2472,1.4736,1.927,0.5670000000000001,0.44599999999999995,1.3176666666666668,1.0293333333333334,0.718,0.5798208772832268,1,0.5571732283586782,True,42.01791227167732,HIGH,logistic_regression_v1,2026-08-04 15:56:49.319068+00:00,0,TRAIN
93707,2026-06-04 20:00:01+00:00,OTHER,998.2,33.88,6.1,45.3,2.287,0.995,0.94,0.2422,1.4229,1.714,0.133,0.345,1.8973333333333333,1.0936666666666668,0.8573333333333333,0.48095618305636334,0,0.5571732283586782,False,51.904381694363664,MEDIUM,logistic_regression_v1,2026-08-04 15:56:49.319068+00:00,0,TRAIN
93707,2026-06-04 21:00:01+00:00,OTHER,996.5,33.91,7.01,45.2,1.556,0.907,1.11,0.2463,1.3799,0.9830000000000001,0.04500000000000004,0.5150000000000001,2.114333333333333,1.1103333333333334,1.0303333333333333,0.17236834374506194,0,0.5571732283586782,False,82.76316562549381,LOW,logistic_regression_v1,2026-08-04 15:56:49.319068+00:00,0,TRAIN
93707,2026-06-04 23:00:01+00:00,OTHER,158.8,5.3,0.01,49.2,0.161,0.412,0.158,0.014,0.0791,-0.4119999999999999,-0.45,-0.43699999999999994,1.3346666666666667,0.7713333333333333,0.736,0.10257019975297298,0,0.5571732283586782,False,89.7429800247027,LOW,logistic_regression_v1,2026-08-04 15:56:49.319068+00:00,0,TRAIN
93707,2026-06-05 04:00:01+00:00,OTHER,504.1,17.05,1.24,40.1,0.943,0.695,0.666,0.1351,0.9194,0.37,-0.16700000000000004,0.07100000000000006,0.8866666666666667,0.6713333333333333,0.6446666666666667,0.20638428227707142,0,0.5571732283586782,False,79.36157177229286,LOW,logistic_regression_v1,2026-08-04 15:56:49.319068+00:00,0,TRAIN
93707,2026-06-05 05:00:01+00:00,OTHER,503.9,17.05,1.27,41.7,0.545,0.519,0.469,0.1324,0.835,-0.027999999999999914,-0.34299999999999997,-0.126,0.5496666666666666,0.542,0.431,0.17302924660903357,0,0.5571732283586782,False,82.69707533909664,LOW,logistic_regression_v1,2026-08-04 15:56:49.319068+00:00,0,TRAIN
93707,2026-06-05 10:00:01+00:00,OTHER,687.6,23.25,2.29,40.2,0.393,0.898,0.312,0.1797,1.2148,-0.17999999999999994,0.03600000000000003,-0.283,0.627,0.704,0.48233333333333334,0.16430230853961272,0,0.5571732283586782,False,83.56976914603874,LOW,logistic_regression_v1,2026-08-04 15:56:49.319068+00:00,0,TRAIN
93707,2026-06-05 13:00:01+00:00,OTHER,933.7,31.7,5.52,44.2,0.58,1.566,0.481,0.2267,1.3809,0.007000000000000006,0.7040000000000001,-0.11399999999999999,0.506,0.9943333333333334,0.42066666666666663,0.20038127021206747,0,0.5571732283586782,False,79.96187297879325,LOW,logistic_regression_v1,2026-08-04 15:56:49.319068+00:00,0,TRAIN
93707,2026-06-05 14:00:13+00:00,OTHER,940.0,31.7,3.53,48.3,0.532,1.619,0.835,0.2277,1.4014,-0.040999999999999925,0.757,0.24,0.5016666666666667,1.361,0.5426666666666666,0.09942927544130065,0,0.5571732283586782,False,90.05707245586993,LOW,logistic_regression_v1,2026-08-04 15:56:49.319068+00:00,0,TRAIN
93707,2026-06-05 17:00:01+00:00,MODE_50HZ,1480.8,50.03,10.08,51.3,0.127,0.33,0.125,0.0207,0.147,-0.031,0.0,0.018000000000000002,0.14766666666666667,0.7036666666666667,0.123,0.7495261537652873,1,0.5571732283586782,True,25.04738462347127,HIGH,logistic_regression_v1,2026-08-04 15:56:49.319068+00:00,0,TRAIN
93707,2026-06-05 19:00:01+00:00,OTHER,1061.8,35.97,6.2,43.9,0.555,1.33,0.529,0.3291,2.1719,-0.017999999999999905,0.4680000000000001,-0.06599999999999995,0.5556666666666666,1.5050000000000001,0.615,0.44808075380624884,0,0.5571732283586782,False,55.19192461937512,MEDIUM,logistic_regression_v1,2026-08-04 15:56:49.319068+00:00,0,TRAIN
93707,2026-06-05 22:00:01+00:00,MODE_57HZ,1701.4,57.19,6.23,41.1,1.318,2.326,3.004,0.4414,2.5977,-0.020999999999999908,0.524,1.203,1.2796666666666667,1.9386666666666668,1.9273333333333333,0.6122847313043077,1,0.5571732283586782,True,38.77152686956923,HIGH,logistic_regression_v1,2026-08-04 15:56:49.319068+00:00,0,TRAIN
93707,2026-06-06 00:00:01+00:00,MODE_57HZ,1701.4,57.25,7.03,41.6,1.535,1.637,3.43,0.405,2.582,0.19599999999999995,-0.16500000000000004,1.6290000000000002,1.4233333333333333,1.716,2.567,0.6042699957331316,1,0.5571732283586782,True,39.573000426686846,HIGH,logistic_regression_v1,2026-08-04 15:56:49.319068+00:00,0,TRAIN
93707,2026-06-06 04:00:01+00:00,MODE_57HZ,1701.7,57.16,5.68,42.2,1.272,1.421,2.188,0.4158,2.5176,-0.06699999999999995,-0.381,0.38700000000000023,1.375,1.7946666666666666,2.874,0.4100299906674253,0,0.5571732283586782,False,58.99700093325747,MEDIUM,logistic_regression_v1,2026-08-04 15:56:49.319068+00:00,0,TRAIN
93707,2026-06-06 05:00:01+00:00,MODE_57HZ,1701.5,57.19,6.18,45.9,1.426,1.79,2.387,0.4111,2.6855,0.08699999999999997,-0.01200000000000001,0.5860000000000001,1.411,1.616,2.6683333333333334,0.4562605462328329,0,0.5571732283586782,False,54.37394537671671,MEDIUM,logistic_regression_v1,2026-08-04 15:56:49.319068+00:00,0,TRAIN
93707,2026-06-06 06:00:01+00:00,MODE_57HZ,1701.6,57.19,6.15,47.6,0.994,1.814,1.98,0.4043,2.4961,-0.345,0.01200000000000001,0.17900000000000005,1.2306666666666666,1.675,2.185,0.42758545824331634,0,0.5571732283586782,False,57.24145417566837,MEDIUM,logistic_regression_v1,2026-08-04 15:56:49.319068+00:00,0,TRAIN
93707,2026-06-06 07:00:01+00:00,MODE_57HZ,1701.5,57.19,6.17,49.0,1.02,1.465,1.638,0.3821,2.709,-0.31899999999999995,-0.33699999999999997,-0.16300000000000003,1.1466666666666667,1.6896666666666667,2.0016666666666665,0.6215523737094074,1,0.5571732283586782,True,37.84476262905926,HIGH,logistic_regression_v1,2026-08-04 15:56:49.319068+00:00,0,TRAIN
93707,2026-06-06 08:00:01+00:00,MODE_57HZ,1701.3,57.19,6.25,49.6,1.284,2.127,2.381,0.4143,2.8398,-0.05499999999999994,0.32499999999999973,0.5799999999999998,1.0993333333333333,1.802,1.9996666666666665,0.6054377593356246,1,0.5571732283586782,True,39.45622406643754,HIGH,logistic_regression_v1,2026-08-04 15:56:49.319068+00:00,0,TRAIN
93707,2026-06-06 09:00:01+00:00,MODE_50HZ,1495.7,50.0,2.13,58.6,0.124,0.235,0.106,0.0089,0.0664,-0.034,-0.09500000000000003,-0.0010000000000000009,0.13233333333333333,0.43766666666666665,0.11066666666666666,0.20601007471914712,0,0.5571732283586782,False,79.39899252808529,LOW,logistic_regression_v1,2026-08-04 15:56:49.319068+00:00,0,TRAIN
93707,2026-06-06 11:00:01+00:00,MODE_57HZ,1701.7,57.12,5.29,43.9,0.899,1.728,2.43,0.3987,2.4121,-0.43999999999999995,-0.07400000000000007,0.6290000000000002,1.0676666666666668,1.7733333333333332,2.1496666666666666,0.4972921607792895,0,0.5571732283586782,False,50.27078392207105,MEDIUM,logistic_regression_v1,2026-08-04 15:56:49.319068+00:00,0,TRAIN
93707,2026-06-06 22:00:01+00:00,MODE_57HZ,1701.9,57.12,5.2,40.7,1.451,2.105,2.104,0.415,2.5879,0.1120000000000001,0.30299999999999994,0.30300000000000016,1.2113333333333334,1.9866666666666666,2.305,0.6494856707139987,1,0.5571732283586782,True,35.051432928600136,HIGH,logistic_regression_v1,2026-08-04 15:56:49.319068+00:00,0,TRAIN
93707,2026-06-06 23:00:01+00:00,MODE_57HZ,1699.0,57.16,6.87,47.5,1.374,1.941,2.68,0.3865,2.4316,0.03500000000000014,0.139,0.8790000000000002,1.2413333333333334,1.9246666666666667,2.404666666666667,0.5626501496079248,1,0.5571732283586782,True,43.734985039207515,HIGH,logistic_regression_v1,2026-08-04 15:56:49.319068+00:00,0,TRAIN
93707,2026-06-07 02:00:01+00:00,MODE_57HZ,1700.3,57.16,6.3,45.1,1.513,1.902,3.055,0.3958,2.623,0.17399999999999993,0.09999999999999987,1.2540000000000002,1.446,1.9826666666666666,2.613,0.4809438063914545,0,0.5571732283586782,False,51.90561936085455,MEDIUM,logistic_regression_v1,2026-08-04 15:56:49.319068+00:00,0,TRAIN
93707,2026-06-07 03:00:01+00:00,MODE_57HZ,1699.5,57.16,6.64,50.3,1.443,1.396,1.988,0.3901,2.502,0.10400000000000009,-0.40600000000000014,0.18700000000000006,1.4433333333333334,1.7463333333333333,2.5743333333333336,0.46238809782068907,0,0.5571732283586782,False,53.76119021793109,MEDIUM,logistic_regression_v1,2026-08-04 15:56:49.319068+00:00,0,TRAIN
93707,2026-06-07 05:00:01+00:00,MODE_57HZ,1701.0,57.12,5.57,47.3,1.041,1.874,1.098,0.3899,2.4844,-0.29800000000000004,0.07200000000000006,-0.7029999999999998,1.3323333333333334,1.724,2.047,0.3857916944569441,0,0.5571732283586782,False,61.42083055430558,MEDIUM,logistic_regression_v1,2026-08-04 15:56:49.319068+00:00,0,TRAIN
93707,2026-06-07 07:00:01+00:00,MODE_57HZ,1701.4,57.09,5.01,52.6,1.281,2.371,1.073,0.4026,2.7305,-0.05800000000000005,0.569,-0.728,1.255,1.8803333333333334,1.3863333333333334,0.5120965307526694,0,0.5571732283586782,False,48.790346924733065,MEDIUM,logistic_regression_v1,2026-08-04 15:56:49.319068+00:00,0,TRAIN
93707,2026-06-07 08:00:01+00:00,MODE_57HZ,1701.5,57.16,5.77,49.4,1.081,2.234,2.037,0.396,2.4746,-0.258,0.43199999999999994,0.236,1.1343333333333332,2.159666666666667,1.4026666666666667,0.5207905892117886,0,0.5571732283586782,False,47.920941078821144,MEDIUM,logistic_regression_v1,2026-08-04 15:56:49.319068+00:00,0,TRAIN
93707,2026-06-07 10:00:01+00:00,MODE_57HZ,1700.7,57.16,6.11,52.8,1.496,2.354,2.205,0.3994,2.7578,0.15700000000000003,0.552,0.40400000000000014,1.286,2.3196666666666665,1.7716666666666667,0.7438451585312947,1,0.5571732283586782,True,25.615484146870525,HIGH,logistic_regression_v1,2026-08-04 15:56:49.319068+00:00,0,TRAIN
93707,2026-06-07 11:00:01+00:00,MODE_57HZ,1701.7,57.16,5.7,54.5,1.147,1.801,1.638,0.385,2.6289,-0.19199999999999995,-0.001000000000000112,-0.16300000000000003,1.2413333333333334,2.1296666666666666,1.96,0.5629066465873473,1,0.5571732283586782,True,43.709335341265266,HIGH,logistic_regression_v1,2026-08-04 15:56:49.319068+00:00,0,TRAIN
93707,2026-06-07 14:00:01+00:00,MODE_57HZ,1701.4,57.12,5.42,52.3,1.649,1.545,1.127,0.4004,2.5078,0.31000000000000005,-0.2570000000000001,-0.6739999999999999,1.4306666666666668,1.9,1.6566666666666667,0.40900390942508347,0,0.5571732283586782,False,59.099609057491655,MEDIUM,logistic_regression_v1,2026-08-04 15:56:49.319068+00:00,0,TRAIN
93707,2026-06-07 18:00:01+00:00,MODE_57HZ,1701.4,57.12,5.4,50.6,1.249,1.669,1.287,0.3994,2.6836,-0.08999999999999986,-0.133,-0.514,1.3483333333333334,1.6716666666666666,1.3506666666666667,0.5728309610698757,1,0.5571732283586782,True,42.71690389301243,HIGH,logistic_regression_v1,2026-08-04 15:56:49.319068+00:00,0,TRAIN
93707,2026-06-07 20:00:01+00:00,MODE_50HZ,1478.0,49.97,,54.2,0.143,0.446,0.118,0.0224,0.144,-0.015000000000000013,0.11599999999999999,0.010999999999999996,0.13133333333333333,0.337,0.11633333333333333,0.2689700827422016,0,0.5571732283586782,False,73.10299172577984,LOW,logistic_regression_v1,2026-08-04 15:56:49.319068+00:00,0,TRAIN
93707,2026-06-07 22:00:01+00:00,MODE_57HZ,1702.2,57.09,4.66,42.4,1.35,1.195,2.387,0.4177,2.416,0.01100000000000012,-0.607,0.5860000000000001,1.4160000000000001,1.4696666666666667,1.6003333333333334,0.4324823090784709,0,0.5571732283586782,False,56.75176909215291,MEDIUM,logistic_regression_v1,2026-08-04 15:56:49.319068+00:00,0,TRAIN
93707,2026-06-08 02:00:01+00:00,OTHER,503.6,17.03,1.25,40.2,0.415,0.785,0.473,0.1592,0.98,-0.15799999999999997,-0.07699999999999996,-0.122,0.5006666666666667,1.2446666666666668,0.6123333333333333,0.5011337474436485,0,0.5571732283586782,False,49.88662525563515,MEDIUM,logistic_regression_v1,2026-08-04 15:56:49.319068+00:00,0,TRAIN
93707,2026-06-08 06:00:01+00:00,OTHER,567.1,19.11,1.19,39.3,0.406,0.805,0.247,0.1844,1.3457,-0.16699999999999993,-0.05699999999999994,-0.348,0.45866666666666667,0.9733333333333334,0.41633333333333333,0.4681560656402837,0,0.5571732283586782,False,53.184393435971636,MEDIUM,logistic_regression_v1,2026-08-04 15:56:49.319068+00:00,0,TRAIN
93707,2026-06-08 07:00:01+00:00,OTHER,567.4,19.11,1.12,43.8,0.303,1.035,0.332,0.1685,1.1055,-0.26999999999999996,0.17299999999999993,-0.26299999999999996,0.37466666666666665,0.875,0.3506666666666667,0.12882394048273335,0,0.5571732283586782,False,87.11760595172666,LOW,logistic_regression_v1,2026-08-04 15:56:49.319068+00:00,0,TRAIN
93707,2026-06-08 08:00:01+00:00,OTHER,591.9,20.25,3.17,45.3,0.16,0.401,0.171,0.0155,0.1031,-0.4129999999999999,-0.46099999999999997,-0.42399999999999993,0.2896666666666667,0.747,0.25,0.16047578416641844,0,0.5571732283586782,False,83.95242158335816,LOW,logistic_regression_v1,2026-08-04 15:56:49.319068+00:00,0,TRAIN
93707,2026-06-08 09:00:01+00:00,OTHER,691.6,24.17,8.12,46.0,0.224,0.324,0.132,0.0211,0.1816,-0.349,-0.538,-0.46299999999999997,0.229,0.5866666666666667,0.21166666666666667,0.2713888777676362,0,0.5571732283586782,False,72.86111222323638,LOW,logistic_regression_v1,2026-08-04 15:56:49.319068+00:00,0,TRAIN
93707,2026-06-08 11:00:01+00:00,OTHER,629.2,21.14,1.05,43.2,0.365,0.699,0.44,0.1703,1.1738,-0.20799999999999996,-0.16300000000000003,-0.15499999999999997,0.24966666666666668,0.4746666666666667,0.24766666666666667,0.12735731408754403,0,0.5571732283586782,False,87.2642685912456,LOW,logistic_regression_v1,2026-08-04 15:56:49.319068+00:00,0,TRAIN
93707,2026-06-08 12:00:01+00:00,OTHER,629.7,21.14,0.96,44.9,0.478,0.586,0.572,0.1627,1.1094,-0.09499999999999997,-0.276,-0.02300000000000002,0.3556666666666667,0.5363333333333333,0.3813333333333333,0.13740175617341013,0,0.5571732283586782,False,86.25982438265899,LOW,logistic_regression_v1,2026-08-04 15:56:49.319068+00:00,0,TRAIN
93707,2026-06-08 16:00:01+00:00,OTHER,539.8,18.08,0.46,47.0,0.559,1.157,0.255,0.2488,1.3906,-0.013999999999999901,0.29500000000000004,-0.33999999999999997,0.4673333333333333,0.814,0.42233333333333334,0.11034256850727107,0,0.5571732283586782,False,88.9657431492729,LOW,logistic_regression_v1,2026-08-04 15:56:49.319068+00:00,0,TRAIN
93707,2026-06-08 17:00:01+00:00,OTHER,538.9,18.08,0.62,43.8,0.409,0.942,0.288,0.21,1.375,-0.16399999999999998,0.07999999999999996,-0.307,0.482,0.895,0.37166666666666665,0.16820159013972766,0,0.5571732283586782,False,83.17984098602723,LOW,logistic_regression_v1,2026-08-04 15:56:49.319068+00:00,0,TRAIN
93707,2026-06-08 18:00:01+00:00,OTHER,755.8,25.36,1.27,46.8,0.86,1.375,0.92,0.2079,1.3877,0.28700000000000003,0.513,0.32500000000000007,0.6093333333333334,1.158,0.4876666666666667,0.19203782351603257,0,0.5571732283586782,False,80.79621764839673,LOW,logistic_regression_v1,2026-08-04 15:56:49.319068+00:00,0,TRAIN
93707,2026-06-08 19:00:01+00:00,OTHER,756.0,25.36,1.21,47.7,0.562,1.566,0.971,0.23,1.4043,-0.010999999999999899,0.7040000000000001,0.376,0.6103333333333334,1.2943333333333333,0.7263333333333334,0.05725052172374345,0,0.5571732283586782,False,94.27494782762565,LOW,logistic_regression_v1,2026-08-04 15:56:49.319068+00:00,0,TRAIN
93707,2026-06-09 02:00:01+00:00,MODE_57HZ,1701.3,57.09,5.03,41.2,1.565,1.759,3.365,0.4182,2.75,0.22599999999999998,-0.04300000000000015,1.5640000000000003,1.3880000000000001,1.541,2.3463333333333334,0.680234688762458,1,0.5571732283586782,True,31.976531123754203,HIGH,logistic_regression_v1,2026-08-04 15:56:49.319068+00:00,0,TRAIN
93707,2026-06-09 03:00:01+00:00,MODE_50HZ,1481.2,50.12,,47.9,0.143,0.23,0.08,0.0089,0.0679,-0.015000000000000013,-0.1,-0.026999999999999996,0.13666666666666666,0.3036666666666667,0.10133333333333333,0.6948359159963129,1,0.5571732283586782,True,30.51640840036871,HIGH,logistic_regression_v1,2026-08-04 15:56:49.319068+00:00,0,TRAIN
93707,2026-06-09 13:00:01+00:00,MODE_57HZ,1701.0,57.16,5.97,46.0,1.229,1.451,1.204,0.4028,2.5547,-0.10999999999999988,-0.351,-0.597,1.3813333333333333,1.4683333333333333,2.3186666666666667,0.41132913802555665,0,0.5571732283586782,False,58.86708619744434,MEDIUM,logistic_regression_v1,2026-08-04 15:56:49.319068+00:00,0,TRAIN
93707,2026-06-09 15:00:01+00:00,MODE_57HZ,1701.7,57.16,5.66,45.4,1.556,1.655,1.608,0.3938,2.543,0.21700000000000008,-0.14700000000000002,-0.19299999999999984,1.45,1.6216666666666666,2.059,0.3855684085483306,0,0.5571732283586782,False,61.44315914516694,MEDIUM,logistic_regression_v1,2026-08-04 15:56:49.319068+00:00,0,TRAIN
93707,2026-06-09 16:00:01+00:00,MODE_50HZ,1480.6,50.03,10.15,53.6,0.143,0.344,0.11,0.0119,0.0791,-0.015000000000000013,0.013999999999999957,0.0030000000000000027,0.143,0.34,0.10266666666666667,0.5714696857216679,1,0.5571732283586782,True,42.85303142783321,HIGH,logistic_regression_v1,2026-08-04 15:56:49.319068+00:00,0,TRAIN
93707,2026-06-09 18:00:01+00:00,MODE_50HZ,1490.1,49.97,,47.1,0.147,0.376,0.065,0.0129,0.0796,-0.01100000000000001,0.045999999999999985,-0.041999999999999996,0.1443333333333333,0.31666666666666665,0.085,0.4437309371188591,0,0.5571732283586782,False,55.626906288114085,MEDIUM,logistic_regression_v1,2026-08-04 15:56:49.319068+00:00,0,TRAIN
93707,2026-06-09 21:00:01+00:00,MODE_57HZ,1699.8,57.16,6.52,44.6,1.599,2.033,2.467,0.4102,2.6074,0.26,0.23099999999999987,0.6660000000000001,1.4613333333333334,1.713,1.7596666666666667,0.49688843235772245,0,0.5571732283586782,False,50.311156764227746,MEDIUM,logistic_regression_v1,2026-08-04 15:56:49.319068+00:00,0,TRAIN
93707,2026-06-09 21:32:14+00:00,MODE_57HZ,1700.1,57.16,6.4,45.1,1.482,2.355,2.551,0.4016,2.8398,0.14300000000000002,0.5529999999999999,0.7500000000000002,1.5456666666666667,2.0143333333333335,2.208666666666667,0.6076265268489681,1,0.5571732283586782,True,39.237347315103186,HIGH,logistic_regression_v1,2026-08-04 15:56:49.319068+00:00,0,TRAIN
93707,2026-06-09 22:00:00+00:00,MODE_57HZ,1701.7,57.19,6.1,46.7,1.246,1.525,2.344,0.3979,2.5801,-0.09299999999999997,-0.27700000000000014,0.5429999999999999,1.4423333333333332,1.9709999999999999,2.454,0.5068528575175482,0,0.5571732283586782,False,49.31471424824518,MEDIUM,logistic_regression_v1,2026-08-04 15:56:49.319068+00:00,0,TRAIN
93707,2026-06-09 23:00:00+00:00,MODE_57HZ,1700.8,57.19,6.48,47.5,1.691,1.493,0.853,0.4031,2.5469,0.3520000000000001,-0.30899999999999994,-0.948,1.473,1.791,1.916,0.38892783184717317,0,0.5571732283586782,False,61.10721681528268,MEDIUM,logistic_regression_v1,2026-08-04 15:56:49.319068+00:00,0,TRAIN
93707,2026-06-10 00:00:00+00:00,MODE_57HZ,1701.2,57.19,6.3,47.5,1.486,1.817,2.715,0.4111,2.7148,0.14700000000000002,0.014999999999999902,0.9139999999999999,1.4743333333333333,1.6116666666666666,1.9706666666666666,0.5149701186758648,0,0.5571732283586782,False,48.50298813241351,MEDIUM,logistic_regression_v1,2026-08-04 15:56:49.319068+00:00,0,TRAIN
93707,2026-06-10 01:00:00+00:00,MODE_57HZ,1700.8,57.19,6.5,46.8,1.071,1.94,2.213,0.4182,2.5352,-0.268,0.1379999999999999,0.41200000000000014,1.416,1.75,1.927,0.5063590707951695,0,0.5571732283586782,False,49.364092920483046,MEDIUM,logistic_regression_v1,2026-08-04 15:56:49.319068+00:00,0,TRAIN
93707,2026-06-10 02:00:00+00:00,MODE_57HZ,1700.2,57.19,6.76,47.1,1.552,1.324,1.93,0.4175,2.6309,0.21300000000000008,-0.478,0.129,1.3696666666666666,1.6936666666666667,2.286,0.5108080357726913,0,0.5571732283586782,False,48.91919642273087,MEDIUM,logistic_regression_v1,2026-08-04 15:56:49.319068+00:00,0,TRAIN
93707,2026-06-10 04:00:00+00:00,MODE_57HZ,1701.8,57.12,5.24,41.5,1.183,1.768,2.527,0.3992,2.4277,-0.15599999999999992,-0.03400000000000003,0.7260000000000002,1.2686666666666666,1.6773333333333333,2.2233333333333336,0.4700143990157473,0,0.5571732283586782,False,52.99856009842527,MEDIUM,logistic_regression_v1,2026-08-04 15:56:49.319068+00:00,1,TRAIN
93707,2026-06-10 05:00:00+00:00,MODE_57HZ,1701.8,57.16,5.66,42.5,1.423,1.405,1.749,0.408,2.4453,0.08400000000000007,-0.397,-0.051999999999999824,1.3860000000000001,1.499,2.0686666666666667,0.4712081379627807,0,0.5571732283586782,False,52.87918620372193,MEDIUM,logistic_regression_v1,2026-08-04 15:56:49.319068+00:00,1,TRAIN
93707,2026-06-10 10:00:00+00:00,MODE_57HZ,1698.4,57.09,6.3,41.0,1.428,1.46,2.617,0.4219,2.6211,0.08899999999999997,-0.3420000000000001,0.8160000000000001,1.3446666666666667,1.5443333333333333,2.2976666666666667,0.4328896115818446,0,0.5571732283586782,False,56.711038841815544,MEDIUM,logistic_regression_v1,2026-08-04 15:56:49.319068+00:00,1,TRAIN
93707,2026-06-10 15:00:00+00:00,MODE_57HZ,1701.7,57.12,5.28,45.7,4.992,2.76,1.605,0.3806,2.4395,3.653,0.9579999999999997,-0.19599999999999995,2.614333333333333,1.875,1.9903333333333333,0.1414134989809182,0,0.5571732283586782,False,85.85865010190818,LOW,logistic_regression_v1,2026-08-04 15:56:49.319068+00:00,0,TRAIN
93707,2026-06-10 17:00:00+00:00,MODE_57HZ,1700.9,57.09,5.2,48.8,1.247,1.543,1.009,0.395,2.7109,-0.09199999999999986,-0.2590000000000001,-0.792,2.5556666666666668,1.9209999999999998,1.7436666666666667,0.18682295961975148,0,0.5571732283586782,False,81.31770403802486,LOW,logistic_regression_v1,2026-08-04 15:56:49.319068+00:00,0,TRAIN
93707,2026-06-11 04:00:00+00:00,MODE_57HZ,1700.1,57.16,6.4,46.1,1.597,1.747,2.621,0.4158,2.5918,0.258,-0.05499999999999994,0.8200000000000001,2.612,2.0166666666666666,1.7449999999999999,0.35864521791898707,0,0.5571732283586782,False,64.13547820810129,MEDIUM,logistic_regression_v1,2026-08-04 15:56:49.319068+00:00,0,TRAIN
93707,2026-06-11 16:00:00+00:00,MODE_57HZ,1701.5,57.12,5.36,50.7,1.486,1.926,1.615,0.3889,2.4492,0.14700000000000002,0.12399999999999989,-0.18599999999999994,1.4433333333333334,1.7386666666666666,1.7483333333333333,0.5203672681482225,0,0.5571732283586782,False,47.96327318517775,MEDIUM,logistic_regression_v1,2026-08-04 15:56:49.319068+00:00,0,TRAIN
93707,2026-06-11 17:00:00+00:00,OTHER,609.4,20.47,0.96,52.8,0.307,0.56,0.34,0.1622,1.0293,-0.26599999999999996,-0.30199999999999994,-0.25499999999999995,0.5763333333333334,1.167,0.7436666666666667,0.25300061351425424,0,0.5571732283586782,False,74.69993864857459,LOW,logistic_regression_v1,2026-08-04 15:56:49.319068+00:00,0,TRAIN
93707,2026-06-11 19:00:00+00:00,MODE_57HZ,1700.8,57.09,5.27,55.7,1.161,1.952,1.305,0.4219,2.8203,-0.17799999999999994,0.1499999999999999,-0.496,1.4146666666666667,1.875,1.847,0.45395580861004425,0,0.5571732283586782,False,54.604419138995574,MEDIUM,logistic_regression_v1,2026-08-04 15:56:49.319068+00:00,0,TRAIN
93707,2026-06-11 20:00:00+00:00,MODE_57HZ,1701.4,57.12,5.42,49.7,1.152,1.565,1.164,0.4058,2.4844,-0.18700000000000006,-0.2370000000000001,-0.637,1.2663333333333333,1.8143333333333334,1.3613333333333333,0.46888581378994815,0,0.5571732283586782,False,53.11141862100519,MEDIUM,logistic_regression_v1,2026-08-04 15:56:49.319068+00:00,0,TRAIN
93707,2026-06-11 21:00:00+00:00,MODE_57HZ,1699.4,57.12,6.27,49.9,1.414,1.519,1.359,0.4048,2.5605,0.07499999999999996,-0.28300000000000014,-0.44199999999999995,1.2423333333333333,1.6786666666666665,1.276,0.6386448314993499,1,0.5571732283586782,True,36.13551685006501,HIGH,logistic_regression_v1,2026-08-04 15:56:49.319068+00:00,0,TRAIN
93707,2026-06-12 00:00:00+00:00,MODE_57HZ,1701.7,57.12,5.29,42.9,1.704,1.934,2.59,0.4031,2.625,0.365,0.1319999999999999,0.7889999999999999,1.4233333333333333,1.6726666666666665,1.7043333333333333,0.5148786706353868,0,0.5571732283586782,False,48.51213293646131,MEDIUM,logistic_regression_v1,2026-08-04 15:56:49.319068+00:00,0,TRAIN
93707,2026-06-12 02:00:00+00:00,MODE_57HZ,1701.3,57.19,6.27,43.9,1.368,1.417,1.767,0.3938,2.6367,0.029000000000000137,-0.385,-0.03400000000000003,1.4953333333333334,1.6233333333333333,1.9053333333333333,0.6014351521567562,1,0.5571732283586782,True,39.85648478432437,HIGH,logistic_regression_v1,2026-08-04 15:56:49.319068+00:00,0,TRAIN
93707,2026-06-12 07:00:00+00:00,MODE_57HZ,1700.0,57.22,7.23,46.4,1.551,1.998,2.096,0.3979,2.4766,0.21199999999999997,0.19599999999999995,0.29500000000000015,1.541,1.783,2.151,0.46007566922987775,0,0.5571732283586782,False,53.99243307701222,MEDIUM,logistic_regression_v1,2026-08-04 15:56:49.319068+00:00,0,TRAIN
93707,2026-06-12 09:00:00+00:00,MODE_57HZ,1701.3,57.19,6.27,45.9,1.529,1.929,2.074,0.4016,2.6523,0.18999999999999995,0.127,0.2729999999999999,1.4826666666666666,1.7813333333333334,1.9789999999999999,0.44860043703222424,0,0.5571732283586782,False,55.13995629677757,MEDIUM,logistic_regression_v1,2026-08-04 15:56:49.319068+00:00,0,TRAIN
93707,2026-06-12 12:00:00+00:00,MODE_57HZ,1669.1,56.19,7.37,48.9,1.298,1.587,2.121,0.3928,2.3828,-0.040999999999999925,-0.21500000000000008,0.32000000000000006,1.4593333333333334,1.838,2.097,0.49547446723759403,0,0.5571732283586782,False,50.4525532762406,MEDIUM,logistic_regression_v1,2026-08-04 15:56:49.319068+00:00,0,TRAIN
93707,2026-06-12 13:00:00+00:00,MODE_57HZ,1670.0,56.19,6.96,48.0,1.61,1.436,2.734,0.3953,2.5273,0.27100000000000013,-0.3660000000000001,0.933,1.479,1.6506666666666667,2.3096666666666668,0.43800438676747433,0,0.5571732283586782,False,56.19956132325257,MEDIUM,logistic_regression_v1,2026-08-04 15:56:49.319068+00:00,0,TRAIN
93707,2026-06-12 14:00:00+00:00,MODE_57HZ,1701.3,57.28,7.48,51.3,1.494,2.637,2.717,0.4119,2.5723,0.15500000000000003,0.835,0.9160000000000001,1.4673333333333334,1.8866666666666667,2.524,0.42236053344098295,0,0.5571732283586782,False,57.7639466559017,MEDIUM,logistic_regression_v1,2026-08-04 15:56:49.319068+00:00,0,TRAIN
93707,2026-06-12 15:00:00+00:00,MODE_50HZ,1494.2,50.0,,60.4,0.124,0.326,0.186,0.0214,0.1499,-0.034,-0.0040000000000000036,0.079,0.13799999999999998,0.3486666666666667,0.12033333333333333,0.28666193688029146,0,0.5571732283586782,False,71.33380631197086,MEDIUM,logistic_regression_v1,2026-08-04 15:56:49.319068+00:00,0,TRAIN
93707,2026-06-12 17:00:00+00:00,MODE_57HZ,1701.8,57.19,6.04,47.6,1.229,2.014,1.963,0.4062,2.6504,-0.10999999999999988,0.21199999999999974,0.16200000000000014,1.4443333333333335,2.029,2.4713333333333334,0.4122182395521911,0,0.5571732283586782,False,58.778176044780885,MEDIUM,logistic_regression_v1,2026-08-04 15:56:49.319068+00:00,0,TRAIN
93707,2026-06-12 19:00:00+00:00,MODE_57HZ,1701.6,57.19,6.13,46.5,1.785,1.746,3.59,0.4087,2.5371,0.44599999999999995,-0.05600000000000005,1.789,1.5026666666666666,2.1323333333333334,2.756666666666667,0.545807256733876,0,0.5571732283586782,False,45.4192743266124,MEDIUM,logistic_regression_v1,2026-08-04 15:56:49.319068+00:00,0,TRAIN
93707,2026-06-12 20:00:00+00:00,MODE_50HZ,1495.6,50.0,2.22,57.5,0.115,0.462,0.107,0.0201,0.1309,-0.043,0.132,0.0,0.12866666666666668,0.388,0.11933333333333333,0.11154281030119324,0,0.5571732283586782,False,88.84571896988066,LOW,logistic_regression_v1,2026-08-04 15:56:49.319068+00:00,0,TRAIN
93707,2026-06-13 04:00:00+00:00,OTHER,881.3,29.67,2.62,42.6,0.468,0.735,0.644,0.2305,1.4795,-0.10499999999999993,-0.127,0.049000000000000044,0.4456666666666667,0.9536666666666667,0.6516666666666667,0.22396922015919726,0,0.5571732283586782,False,77.60307798408027,LOW,logistic_regression_v1,2026-08-04 15:56:49.319068+00:00,0,TRAIN
93707,2026-06-13 05:00:00+00:00,OTHER,877.9,29.66,3.49,44.4,0.458,0.755,0.616,0.2273,1.499,-0.11499999999999994,-0.10699999999999998,0.02100000000000002,0.41100000000000003,0.6833333333333333,0.5333333333333333,0.3760740448727597,0,0.5571732283586782,False,62.39259551272403,MEDIUM,logistic_regression_v1,2026-08-04 15:56:49.319068+00:00,0,TRAIN
93707,2026-06-13 06:00:00+00:00,OTHER,874.1,29.66,4.62,45.8,0.402,0.735,0.421,0.2175,1.4414,-0.17099999999999993,-0.127,-0.174,0.4426666666666667,0.7416666666666667,0.5603333333333333,0.2770054481054087,0,0.5571732283586782,False,72.29945518945912,LOW,logistic_regression_v1,2026-08-04 15:56:49.319068+00:00,0,TRAIN
93707,2026-06-13 07:00:00+00:00,OTHER,881.8,29.67,2.47,46.3,0.417,0.678,0.605,0.2208,1.501,-0.15599999999999997,-0.18399999999999994,0.010000000000000009,0.4256666666666667,0.7226666666666667,0.5473333333333333,0.2176778780294426,0,0.5571732283586782,False,78.23221219705574,LOW,logistic_regression_v1,2026-08-04 15:56:49.319068+00:00,0,TRAIN
93707,2026-06-13 11:00:00+00:00,OTHER,582.2,20.3,5.42,42.1,0.239,0.355,0.126,0.0399,0.2632,-0.33399999999999996,-0.507,-0.469,0.3526666666666667,0.5893333333333334,0.384,0.3386976550764492,0,0.5571732283586782,False,66.13023449235507,MEDIUM,logistic_regression_v1,2026-08-04 15:56:49.319068+00:00,0,TRAIN
93707,2026-06-13 12:00:00+00:00,OTHER,879.4,29.64,2.91,40.2,0.461,0.818,0.496,0.2467,1.6885,-0.11199999999999993,-0.04400000000000004,-0.09899999999999998,0.37233333333333335,0.617,0.409,0.37378842877907364,0,0.5571732283586782,False,62.62115712209264,MEDIUM,logistic_regression_v1,2026-08-04 15:56:49.319068+00:00,0,TRAIN
93707,2026-06-13 13:00:00+00:00,OTHER,879.4,29.66,3.05,44.7,0.408,0.779,0.568,0.2125,1.4082,-0.16499999999999998,-0.08299999999999996,-0.027000000000000024,0.36933333333333335,0.6506666666666666,0.39666666666666667,0.24870049800697705,0,0.5571732283586782,False,75.1299501993023,LOW,logistic_regression_v1,2026-08-04 15:56:49.319068+00:00,0,TRAIN
93707,2026-06-13 15:00:00+00:00,MODE_50HZ,1479.3,50.06,,46.8,0.193,0.385,0.099,0.018,0.1284,0.035,0.05499999999999999,-0.007999999999999993,0.14400000000000002,0.391,0.13066666666666668,0.6490901014687831,1,0.5571732283586782,True,35.09098985312169,HIGH,logistic_regression_v1,2026-08-04 15:56:49.319068+00:00,1,TRAIN
93707,2026-06-13 17:00:00+00:00,MODE_57HZ,1701.5,57.12,5.36,39.4,1.061,1.985,2.027,0.4282,2.6855,-0.278,0.18300000000000005,0.2260000000000002,1.3583333333333334,1.915,2.526666666666667,0.5920880471067383,1,0.5571732283586782,True,40.79119528932617,HIGH,logistic_regression_v1,2026-08-04 15:56:49.319068+00:00,1,TRAIN
93707,2026-06-13 18:00:00+00:00,MODE_57HZ,1700.6,57.12,5.76,42.1,0.978,2.227,1.299,0.4016,2.4727,-0.361,0.4249999999999998,-0.502,1.2746666666666666,1.986,2.3053333333333335,0.6074540079353206,1,0.5571732283586782,True,39.254599206467944,HIGH,logistic_regression_v1,2026-08-04 15:56:49.319068+00:00,1,TRAIN
93707,2026-06-13 20:00:00+00:00,OTHER,1575.2,52.91,5.67,44.3,1.815,1.599,0.692,0.4026,2.6328,1.242,0.737,0.09699999999999998,0.8946666666666666,1.0653333333333332,0.5853333333333333,0.7111939109231277,1,0.5571732283586782,True,28.880608907687233,HIGH,logistic_regression_v1,2026-08-04 15:56:49.319068+00:00,1,TRAIN
93707,2026-06-13 23:00:00+00:00,MODE_50HZ,1465.2,49.97,,43.3,0.209,0.43,0.144,0.0252,0.1904,0.05099999999999999,0.09999999999999998,0.03699999999999999,0.17233333333333334,0.4256666666666667,0.11666666666666667,0.612343066612434,1,0.5571732283586782,True,38.7656933387566,HIGH,logistic_regression_v1,2026-08-04 15:56:49.319068+00:00,1,TRAIN
93707,2026-06-14 01:00:00+00:00,OTHER,1575.9,52.84,4.48,41.0,3.641,1.876,1.083,0.4009,2.5879,3.068,1.0139999999999998,0.488,1.9546666666666666,1.418,0.7809999999999999,0.9108719854337708,1,0.5571732283586782,True,8.91280145662292,HIGH,logistic_regression_v1,2026-08-04 15:56:49.319068+00:00,0,TRAIN
93707,2026-06-14 10:00:00+00:00,MODE_50HZ,1478.8,49.97,,40.9,0.136,0.411,0.132,0.018,0.1851,-0.021999999999999992,0.08099999999999996,0.02500000000000001,0.17933333333333334,0.4086666666666667,0.125,0.41738000699746847,0,0.5571732283586782,False,58.26199930025315,MEDIUM,logistic_regression_v1,2026-08-04 15:56:49.319068+00:00,0,TRAIN
93707,2026-06-14 11:00:00+00:00,MODE_57HZ,1701.4,57.12,5.39,41.7,1.306,1.409,1.359,0.4055,2.416,-0.03299999999999992,-0.393,-0.44199999999999995,1.115,1.8736666666666666,1.5616666666666668,0.4528235519247546,0,0.5571732283586782,False,54.71764480752454,MEDIUM,logistic_regression_v1,2026-08-04 15:56:49.319068+00:00,0,TRAIN
93707,2026-06-14 12:00:00+00:00,MODE_57HZ,1700.9,57.09,5.2,45.9,1.136,1.423,2.133,0.4114,2.6113,-0.20300000000000007,-0.379,0.3320000000000001,1.14,1.6863333333333332,1.597,0.45539408700953765,0,0.5571732283586782,False,54.460591299046236,MEDIUM,logistic_regression_v1,2026-08-04 15:56:49.319068+00:00,0,TRAIN
93707,2026-06-14 18:00:00+00:00,MODE_57HZ,1702.3,57.12,5.02,47.7,1.397,1.458,1.392,0.3967,2.5215,0.05800000000000005,-0.3440000000000001,-0.40900000000000003,1.2796666666666667,1.43,1.628,0.3820344154042088,0,0.5571732283586782,False,61.79655845957912,MEDIUM,logistic_regression_v1,2026-08-04 15:56:49.319068+00:00,0,TRAIN
93707,2026-06-14 19:00:00+00:00,OTHER,711.1,24.91,8.98,52.1,0.539,0.484,0.14,0.024,0.1655,-0.03399999999999992,-0.378,-0.45499999999999996,1.9983333333333333,1.3196666666666665,0.6383333333333333,0.5793345232154903,1,0.5571732283586782,True,42.06654767845097,HIGH,logistic_regression_v1,2026-08-04 15:56:49.319068+00:00,0,TRAIN
93707,2026-06-14 21:00:00+00:00,MODE_57HZ,1701.1,57.12,5.53,43.1,1.134,1.585,2.311,0.3948,2.373,-0.20500000000000007,-0.21700000000000008,0.51,1.2223333333333333,1.4886666666666666,1.9453333333333334,0.43403939923507123,0,0.5571732283586782,False,56.59606007649287,MEDIUM,logistic_regression_v1,2026-08-04 15:56:49.319068+00:00,1,TRAIN
93707,2026-06-14 22:00:00+00:00,MODE_57HZ,1701.1,57.12,5.53,48.6,1.446,2.287,2.248,0.4177,2.6934,0.10699999999999998,0.4849999999999999,0.4470000000000003,1.3256666666666665,1.7766666666666666,1.9836666666666667,0.5035646637872458,0,0.5571732283586782,False,49.64353362127542,MEDIUM,logistic_regression_v1,2026-08-04 15:56:49.319068+00:00,1,TRAIN
93707,2026-06-14 23:00:00+00:00,MODE_57HZ,1701.6,57.12,5.33,47.4,1.484,1.989,2.754,0.4182,2.5996,0.14500000000000002,0.18700000000000006,0.9530000000000001,1.3546666666666667,1.9536666666666667,2.437666666666667,0.37396515799977303,0,0.5571732283586782,False,62.6034842000227,MEDIUM,logistic_regression_v1,2026-08-04 15:56:49.319068+00:00,1,TRAIN
93707,2026-06-15 03:00:00+00:00,OTHER,1574.0,52.91,6.24,40.5,3.861,2.064,0.984,0.3816,2.2363,3.2880000000000003,1.202,0.389,2.6803333333333335,1.4746666666666666,0.7356666666666667,0.8583551809086705,1,0.5571732283586782,True,14.164481909132952,HIGH,logistic_regression_v1,2026-08-04 15:56:49.319068+00:00,0,TRAIN
93707,2026-06-15 04:00:00+00:00,MODE_57HZ,1701.3,57.16,5.86,42.8,0.925,1.328,1.815,0.406,2.4258,-0.4139999999999999,-0.474,0.014000000000000012,1.285,1.868,2.2723333333333335,0.5225301086233648,0,0.5571732283586782,False,47.74698913766352,MEDIUM,logistic_regression_v1,2026-08-04 15:56:49.319068+00:00,0,TRAIN
93707,2026-06-15 06:00:00+00:00,MODE_57HZ,1701.2,57.16,5.9,45.3,1.415,1.619,3.123,0.4001,2.3184,0.07600000000000007,-0.18300000000000005,1.3220000000000003,1.2746666666666666,1.6453333333333333,2.564,0.4942502976080025,0,0.5571732283586782,False,50.57497023919974,MEDIUM,logistic_regression_v1,2026-08-04 15:56:49.319068+00:00,0,TRAIN
93707,2026-06-15 07:00:00+00:00,MODE_57HZ,1701.5,57.16,5.76,44.4,1.528,1.475,2.803,0.4026,2.4883,0.18900000000000006,-0.32699999999999996,1.002,1.2893333333333334,1.474,2.5803333333333334,0.36738047956635167,0,0.5571732283586782,False,63.261952043364836,MEDIUM,logistic_regression_v1,2026-08-04 15:56:49.319068+00:00,0,TRAIN
93707,2026-06-15 08:00:00+00:00,MODE_57HZ,1701.3,57.19,6.27,47.0,1.85,2.064,2.162,0.386,2.3848,0.5110000000000001,0.262,0.361,1.5976666666666668,1.7193333333333334,2.696,0.3533144328699367,0,0.5571732283586782,False,64.66855671300632,MEDIUM,logistic_regression_v1,2026-08-04 15:56:49.319068+00:00,0,TRAIN
93707,2026-06-15 09:00:00+00:00,MODE_57HZ,1701.7,57.19,6.07,48.2,1.691,1.361,1.795,0.385,2.5078,0.3520000000000001,-0.44100000000000006,-0.006000000000000005,1.6896666666666667,1.6333333333333333,2.2533333333333334,0.34258349512293956,0,0.5571732283586782,False,65.74165048770604,MEDIUM,logistic_regression_v1,2026-08-04 15:56:49.319068+00:00,0,TRAIN
93707,2026-06-15 11:00:00+00:00,MODE_57HZ,1701.5,57.16,5.78,47.8,0.905,1.618,1.047,0.4146,2.8262,-0.43399999999999994,-0.18399999999999994,-0.754,1.482,1.681,1.668,0.5235838491010943,0,0.5571732283586782,False,47.641615089890564,MEDIUM,logistic_regression_v1,2026-08-04 15:56:49.319068+00:00,0,TRAIN
93707,2026-06-15 12:00:00+00:00,MODE_57HZ,1699.7,57.16,6.57,49.6,0.877,1.256,1.29,0.3887,2.4258,-0.46199999999999997,-0.546,-0.5109999999999999,1.1576666666666666,1.4116666666666666,1.3773333333333333,0.530851824673811,0,0.5571732283586782,False,46.914817532618905,MEDIUM,logistic_regression_v1,2026-08-04 15:56:49.319068+00:00,0,TRAIN
93707,2026-06-15 14:00:00+00:00,MODE_57HZ,1701.7,57.16,5.7,46.8,1.347,1.436,1.298,0.4041,2.4336,0.008000000000000007,-0.3660000000000001,-0.5029999999999999,1.043,1.4366666666666668,1.2116666666666667,0.4462460749743751,0,0.5571732283586782,False,55.37539250256249,MEDIUM,logistic_regression_v1,2026-08-04 15:56:49.319068+00:00,0,TRAIN
93707,2026-06-15 15:00:00+00:00,MODE_57HZ,1700.6,57.16,6.14,48.5,0.881,1.956,1.29,0.3772,2.5078,-0.45799999999999996,0.15399999999999991,-0.5109999999999999,1.035,1.5493333333333332,1.2926666666666666,0.5737497580005457,1,0.5571732283586782,True,42.62502419994543,HIGH,logistic_regression_v1,2026-08-04 15:56:49.319068+00:00,0,TRAIN
93707,2026-06-15 17:00:00+00:00,MODE_57HZ,1701.5,57.19,6.19,49.0,0.97,1.691,0.761,0.3748,2.5547,-0.369,-0.11099999999999999,-1.04,1.066,1.6943333333333332,1.1163333333333334,0.563978079106277,1,0.5571732283586782,True,43.6021920893723,HIGH,logistic_regression_v1,2026-08-04 15:56:49.319068+00:00,0,TRAIN
93707,2026-06-15 19:00:00+00:00,OTHER,702.1,24.5,8.07,52.7,0.2,0.346,0.133,0.0212,0.1499,-0.37299999999999994,-0.516,-0.46199999999999997,1.5333333333333334,0.9646666666666667,0.419,0.45391562519228645,0,0.5571732283586782,False,54.60843748077136,MEDIUM,logistic_regression_v1,2026-08-04 15:56:49.319068+00:00,0,TRAIN
93707,2026-06-15 21:00:00+00:00,MODE_57HZ,1701.9,57.12,5.21,41.1,1.188,1.841,2.018,0.4075,2.4395,-0.15100000000000002,0.038999999999999924,0.21699999999999986,1.013,1.8293333333333333,1.3563333333333334,0.5527109247808881,0,0.5571732283586782,False,44.72890752191119,MEDIUM,logistic_regression_v1,2026-08-04 15:56:49.319068+00:00,0,TRAIN
93707,2026-06-15 23:00:00+00:00,MODE_57HZ,1701.9,57.12,5.2,42.0,1.148,1.261,2.805,0.4124,2.5723,-0.19100000000000006,-0.5410000000000001,1.0040000000000002,1.1019999999999999,1.5976666666666666,1.8613333333333333,0.617065368250313,1,0.5571732283586782,True,38.2934631749687,HIGH,logistic_regression_v1,2026-08-04 15:56:49.319068+00:00,0,TRAIN
93707,2026-06-16 08:00:00+00:00,MODE_57HZ,1701.6,57.12,5.32,40.6,1.1,2.016,2.271,0.4297,2.8145,-0.23899999999999988,0.21399999999999997,0.47,1.1453333333333333,1.706,2.3646666666666665,0.5374084295883833,0,0.5571732283586782,False,46.25915704116167,MEDIUM,logistic_regression_v1,2026-08-04 15:56:49.319068+00:00,0,TRAIN
93707,2026-06-16 10:00:00+00:00,OTHER,145.9,5.03,0.25,43.7,0.117,0.265,0.092,0.0098,0.0776,-0.45599999999999996,-0.597,-0.503,1.3926666666666667,0.8916666666666667,0.403,0.1434769623923717,0,0.5571732283586782,False,85.65230376076283,LOW,logistic_regression_v1,2026-08-04 15:56:49.319068+00:00,0,TRAIN
93707,2026-06-16 12:00:00+00:00,MODE_57HZ,1701.1,57.12,5.52,43.1,1.64,1.327,2.547,0.4119,2.6152,0.30099999999999993,-0.4750000000000001,0.7460000000000002,1.296,1.5346666666666666,2.541,0.4291175507172006,0,0.5571732283586782,False,57.08824492827994,MEDIUM,logistic_regression_v1,2026-08-04 15:56:49.319068+00:00,0,TRAIN
93707,2026-06-16 16:00:00+00:00,MODE_57HZ,1699.9,57.16,6.45,46.6,0.723,1.625,1.202,0.3936,2.4941,-0.616,-0.17700000000000005,-0.599,1.1543333333333334,1.656,2.006666666666667,0.47054561457406646,0,0.5571732283586782,False,52.94543854259335,MEDIUM,logistic_regression_v1,2026-08-04 15:56:49.319068+00:00,0,TRAIN
93707,2026-06-16 17:00:00+00:00,MODE_57HZ,1699.8,57.16,6.51,49.3,0.868,1.63,1.409,0.3892,2.4609,-0.471,-0.17200000000000015,-0.3919999999999999,1.077,1.5273333333333332,1.7193333333333334,0.46224268797039747,0,0.5571732283586782,False,53.77573120296025,MEDIUM,logistic_regression_v1,2026-08-04 15:56:49.319068+00:00,0,TRAIN
93707,2026-06-16 18:00:00+00:00,MODE_57HZ,1701.8,57.19,6.03,49.1,1.358,1.323,1.088,0.394,2.5352,0.019000000000000128,-0.4790000000000001,-0.7129999999999999,0.983,1.526,1.233,0.48655765640854104,0,0.5571732283586782,False,51.3442343591459,MEDIUM,logistic_regression_v1,2026-08-04 15:56:49.319068+00:00,0,TRAIN
93707,2026-06-16 19:00:00+00:00,MODE_57HZ,1700.3,57.16,6.3,49.3,1.005,1.538,1.356,0.394,2.5391,-0.3340000000000001,-0.264,-0.44499999999999984,1.077,1.4969999999999999,1.2843333333333333,0.5342674518282469,0,0.5571732283586782,False,46.57325481717531,MEDIUM,logistic_regression_v1,2026-08-04 15:56:49.319068+00:00,0,TRAIN
93707,2026-06-16 20:00:00+00:00,MODE_57HZ,1701.7,57.16,5.69,48.7,1.1,1.977,2.1,0.4065,2.4883,-0.23899999999999988,0.17500000000000004,0.29900000000000015,1.1543333333333334,1.6126666666666667,1.5146666666666668,0.475691695590582,0,0.5571732283586782,False,52.4308304409418,MEDIUM,logistic_regression_v1,2026-08-04 15:56:49.319068+00:00,0,TRAIN
93707,2026-06-16 22:00:01+00:00,MODE_57HZ,1701.5,57.16,5.75,45.2,0.925,1.923,1.103,0.4062,2.5508,-0.4139999999999999,0.121,-0.698,1.01,1.8126666666666666,1.5196666666666667,0.564650025396872,1,0.5571732283586782,True,43.534997460312795,HIGH,logistic_regression_v1,2026-08-04 15:56:49.319068+00:00,0,TRAIN
93707,2026-06-17 01:00:01+00:00,MODE_57HZ,1699.8,57.19,6.9,42.3,1.47,1.729,2.041,0.3982,2.5039,0.131,-0.07299999999999995,0.24,1.165,1.8763333333333334,1.748,0.661525867964113,1,0.5571732283586782,True,33.84741320358871,HIGH,logistic_regression_v1,2026-08-04 15:56:49.319068+00:00,0,TRAIN
93707,2026-06-17 03:00:01+00:00,MODE_57HZ,1700.9,57.19,6.42,41.6,1.07,1.774,2.164,0.4163,2.5508,-0.2689999999999999,-0.028000000000000025,0.3630000000000002,1.155,1.8086666666666666,1.7693333333333334,0.6259757985086253,1,0.5571732283586782,True,37.40242014913747,HIGH,logistic_regression_v1,2026-08-04 15:56:49.319068+00:00,0,TRAIN
93707,2026-06-17 08:00:01+00:00,MODE_57HZ,1701.2,57.22,6.7,41.3,1.49,2.018,2.238,0.4258,2.7559,0.15100000000000002,0.21599999999999975,0.43700000000000006,1.3433333333333333,1.8403333333333334,2.147666666666667,0.5952562712899054,1,0.5571732283586782,True,40.47437287100946,HIGH,logistic_regression_v1,2026-08-04 15:56:49.319068+00:00,0,TRAIN
93707,2026-06-17 09:00:01+00:00,MODE_57HZ,1699.6,57.25,7.83,46.9,1.133,2.465,2.062,0.4187,2.6406,-0.20599999999999996,0.6629999999999998,0.2609999999999999,1.231,2.0856666666666666,2.1546666666666665,0.5826008072492032,1,0.5571732283586782,True,41.739919275079686,HIGH,logistic_regression_v1,2026-08-04 15:56:49.319068+00:00,0,TRAIN
93707,2026-06-17 10:00:01+00:00,OTHER,718.8,24.66,5.16,54.1,0.159,0.362,0.146,0.0225,0.1499,-0.4139999999999999,-0.5,-0.44899999999999995,0.15866666666666668,0.3243333333333333,0.12366666666666666,0.1635675376588446,0,0.5571732283586782,False,83.64324623411554,LOW,logistic_regression_v1,2026-08-04 15:56:49.319068+00:00,0,TRAIN
93707,2026-06-17 11:00:01+00:00,OTHER,586.1,20.17,3.84,47.0,0.144,0.345,0.213,0.0191,0.1133,-0.42899999999999994,-0.517,-0.382,0.14,0.324,0.15033333333333332,0.04523059040000436,0,0.5571732283586782,False,95.47694095999957,LOW,logistic_regression_v1,2026-08-04 15:56:49.319068+00:00,0,TRAIN
93707,2026-06-17 12:00:01+00:00,MODE_57HZ,1699.4,57.25,7.91,51.0,1.06,1.968,2.176,0.4326,2.6934,-0.2789999999999999,0.16599999999999993,0.3750000000000002,1.2276666666666667,2.150333333333333,2.1586666666666665,0.49808848378986115,0,0.5571732283586782,False,50.19115162101389,MEDIUM,logistic_regression_v1,2026-08-04 15:56:49.319068+00:00,0,TRAIN
93707,2026-06-17 18:00:01+00:00,MODE_57HZ,1702.0,57.12,5.16,46.6,1.268,2.121,1.591,0.3999,2.8438,-0.07099999999999995,0.31899999999999995,-0.20999999999999996,1.1536666666666666,2.1846666666666668,1.943,0.665835810717198,1,0.5571732283586782,True,33.4164189282802,HIGH,logistic_regression_v1,2026-08-04 15:56:49.319068+00:00,0,TRAIN
93707,2026-06-17 19:00:01+00:00,MODE_57HZ,1701.8,57.16,5.62,47.9,1.305,1.501,1.012,0.3923,2.4199,-0.03400000000000003,-0.30100000000000016,-0.7889999999999999,1.211,1.8633333333333333,1.593,0.5978279249645948,1,0.5571732283586782,True,40.21720750354052,HIGH,logistic_regression_v1,2026-08-04 15:56:49.319068+00:00,0,TRAIN
93707,2026-06-17 21:00:01+00:00,MODE_57HZ,1699.2,57.16,6.77,49.2,1.12,2.375,1.267,0.3994,2.416,-0.21899999999999986,0.573,-0.534,1.231,1.9989999999999999,1.29,0.49917214303738616,0,0.5571732283586782,False,50.08278569626139,MEDIUM,logistic_regression_v1,2026-08-04 15:56:49.319068+00:00,0,TRAIN
93707,2026-06-17 23:00:01+00:00,MODE_57HZ,1694.9,57.16,8.65,48.8,0.994,2.205,1.41,0.3899,2.4004,-0.345,0.403,-0.391,1.1396666666666666,2.027,1.2296666666666667,0.5751014342994895,1,0.5571732283586782,True,42.48985657005105,HIGH,logistic_regression_v1,2026-08-04 15:56:49.319068+00:00,0,TRAIN
93707,2026-06-18 00:00:01+00:00,MODE_57HZ,1697.9,57.16,7.35,48.5,1.777,1.344,2.422,0.4016,2.5664,0.43799999999999994,-0.45799999999999996,0.6210000000000002,1.297,1.9746666666666668,1.6996666666666667,0.5772691575323488,1,0.5571732283586782,True,42.27308424676512,HIGH,logistic_regression_v1,2026-08-04 15:56:49.319068+00:00,0,TRAIN
93707,2026-06-18 01:00:01+00:00,MODE_57HZ,1701.1,57.12,5.53,54.9,1.137,2.268,1.707,0.4409,2.7461,-0.20199999999999996,0.46599999999999975,-0.09399999999999986,1.3026666666666666,1.939,1.8463333333333334,0.4770262998400281,0,0.5571732283586782,False,52.29737001599719,MEDIUM,logistic_regression_v1,2026-08-04 15:56:49.319068+00:00,0,TRAIN
93707,2026-06-18 02:00:01+00:00,MODE_57HZ,1701.9,57.12,5.19,47.2,0.905,2.451,1.592,0.4036,2.5332,-0.43399999999999994,0.649,-0.20899999999999985,1.273,2.021,1.907,0.4818698906138806,0,0.5571732283586782,False,51.813010938611946,MEDIUM,logistic_regression_v1,2026-08-04 15:56:49.319068+00:00,0,TRAIN
93707,2026-06-18 04:00:01+00:00,OTHER,700.3,24.41,7.79,58.8,0.163,0.451,0.245,0.0238,0.167,-0.4099999999999999,-0.411,-0.35,0.15533333333333332,0.386,0.20133333333333334,0.1348507413510884,0,0.5571732283586782,False,86.51492586489115,LOW,logistic_regression_v1,2026-08-04 15:56:49.319068+00:00,1,TRAIN
93707,2026-06-18 06:00:01+00:00,MODE_57HZ,1699.6,57.19,6.98,43.1,0.975,1.729,2.109,0.4106,2.6953,-0.364,-0.07299999999999995,0.30800000000000005,1.0056666666666667,2.1493333333333333,1.8026666666666666,0.8226772088104467,1,0.5571732283586782,True,17.73227911895533,HIGH,logistic_regression_v1,2026-08-04 15:56:49.319068+00:00,1,TRAIN
93707,2026-06-18 07:00:01+00:00,MODE_57HZ,1699.6,57.22,7.42,46.9,1.072,2.086,2.484,0.4106,2.541,-0.2669999999999999,0.2839999999999998,0.683,0.984,2.0886666666666667,2.0616666666666665,0.6852302468578042,1,0.5571732283586782,True,31.47697531421958,HIGH,logistic_regression_v1,2026-08-04 15:56:49.319068+00:00,1,TRAIN
93707,2026-06-18 10:00:01+00:00,OTHER,998.9,33.91,6.2,45.4,2.309,1.795,0.668,0.2546,1.5498,1.7360000000000002,0.9329999999999999,0.07300000000000006,0.8720000000000001,0.8636666666666667,0.37533333333333335,0.3763632110794139,0,0.5571732283586782,False,62.3636788920586,MEDIUM,logistic_regression_v1,2026-08-04 15:56:49.319068+00:00,0,TRAIN
93707,2026-06-18 12:00:01+00:00,OTHER,999.0,33.94,6.49,47.5,1.467,1.059,0.868,0.2416,1.4697,0.8940000000000001,0.19699999999999995,0.273,1.3130000000000002,1.1016666666666666,0.5936666666666667,0.449995791381356,0,0.5571732283586782,False,55.000420861864406,MEDIUM,logistic_regression_v1,2026-08-04 15:56:49.319068+00:00,0,TRAIN
93707,2026-06-18 14:00:01+00:00,OTHER,1070.5,36.0,3.43,46.8,0.511,0.746,0.549,0.2554,1.6426,-0.061999999999999944,-0.11599999999999999,-0.04599999999999993,1.429,1.2,0.6950000000000001,0.18212778823489004,0,0.5571732283586782,False,81.787221176511,LOW,logistic_regression_v1,2026-08-04 15:56:49.319068+00:00,0,TRAIN
93707,2026-06-18 15:00:01+00:00,OTHER,1061.8,36.0,6.55,47.3,0.973,0.822,0.544,0.2612,1.667,0.4,-0.040000000000000036,-0.050999999999999934,0.9836666666666667,0.8756666666666666,0.6536666666666667,0.4483661348494221,0,0.5571732283586782,False,55.16338651505779,MEDIUM,logistic_regression_v1,2026-08-04 15:56:49.319068+00:00,1,TRAIN
93707,2026-06-18 19:00:01+00:00,OTHER,998.6,33.91,6.31,40.5,1.58,1.023,0.844,0.2502,1.5166,1.0070000000000001,0.16099999999999992,0.249,1.0213333333333334,0.8636666666666666,0.6456666666666667,0.45489593162655423,0,0.5571732283586782,False,54.51040683734458,MEDIUM,logistic_regression_v1,2026-08-04 15:56:49.319068+00:00,1,TRAIN
93707,2026-06-18 20:00:01+00:00,OTHER,999.4,33.91,6.02,44.2,1.08,0.681,0.582,0.2444,1.4971,0.5070000000000001,-0.18099999999999994,-0.013000000000000012,1.211,0.842,0.6566666666666666,0.451051327783976,0,0.5571732283586782,False,54.8948672216024,MEDIUM,logistic_regression_v1,2026-08-04 15:56:49.319068+00:00,1,TRAIN
93707,2026-06-18 23:00:01+00:00,OTHER,755.6,25.38,1.43,41.0,0.774,1.807,1.41,0.238,1.5078,0.20100000000000007,0.945,0.815,1.1446666666666667,1.1703333333333332,0.9453333333333332,0.02791300216087355,0,0.5571732283586782,False,97.20869978391265,LOW,logistic_regression_v1,2026-08-04 15:56:49.319068+00:00,0,TRAIN
93707,2026-06-19 01:00:01+00:00,OTHER,690.5,24.09,7.79,41.9,0.189,0.272,0.1,0.0235,0.1899,-0.38399999999999995,-0.59,-0.495,0.681,0.92,0.6973333333333332,0.3616600993998633,0,0.5571732283586782,False,63.83399006001367,MEDIUM,logistic_regression_v1,2026-08-04 15:56:49.319068+00:00,0,TRAIN
93707,2026-06-19 04:00:01+00:00,MODE_57HZ,1701.4,57.19,6.2,39.8,1.264,1.812,2.275,0.3982,2.5977,-0.07499999999999996,0.010000000000000009,0.474,1.1036666666666668,1.8756666666666666,2.2893333333333334,0.6137874419769678,1,0.5571732283586782,True,38.621255802303224,HIGH,logistic_regression_v1,2026-08-04 15:56:49.319068+00:00,0,TRAIN
93707,2026-06-19 08:00:01+00:00,MODE_57HZ,1700.3,57.16,6.29,43.5,1.291,2.477,1.293,0.407,2.5801,-0.04800000000000004,0.6749999999999998,-0.508,1.209,2.125,2.017333333333333,0.6398888634623805,1,0.5571732283586782,True,36.01111365376195,HIGH,logistic_regression_v1,2026-08-04 15:56:49.319068+00:00,0,TRAIN
93707,2026-06-19 09:00:01+00:00,MODE_57HZ,1699.6,57.16,6.61,46.2,1.161,1.815,1.997,0.3904,2.543,-0.17799999999999994,0.0129999999999999,0.19600000000000017,1.2386666666666666,2.034666666666667,1.855,0.4932776726539789,0,0.5571732283586782,False,50.672232734602105,MEDIUM,logistic_regression_v1,2026-08-04 15:56:49.319068+00:00,0,TRAIN
93707,2026-06-19 12:00:01+00:00,MODE_57HZ,1701.5,57.12,5.37,44.2,1.213,1.3,1.504,0.4077,2.6113,-0.1259999999999999,-0.502,-0.29699999999999993,1.2216666666666667,1.8639999999999999,1.598,0.4499314935257086,0,0.5571732283586782,False,55.00685064742914,MEDIUM,logistic_regression_v1,2026-08-04 15:56:49.319068+00:00,0,TRAIN
93707,2026-06-19 20:00:01+00:00,MODE_50HZ,1493.0,49.94,,48.6,0.138,0.354,0.12,0.023,0.1523,-0.01999999999999999,0.023999999999999966,0.012999999999999998,0.161,0.3983333333333333,0.132,0.6362976698799618,1,0.5571732283586782,True,36.370233012003816,HIGH,logistic_regression_v1,2026-08-04 15:56:49.319068+00:00,0,TRAIN
93707,2026-06-19 21:00:01+00:00,MODE_57HZ,1700.2,57.09,5.54,39.1,1.276,2.129,1.772,0.406,2.4082,-0.06299999999999994,0.32699999999999996,-0.028999999999999915,1.2166666666666668,1.748,1.7576666666666667,0.48718294169489046,0,0.5571732283586782,False,51.28170583051095,MEDIUM,logistic_regression_v1,2026-08-04 15:56:49.319068+00:00,0,TRAIN
93707,2026-06-19 22:00:01+00:00,MODE_57HZ,1701.7,57.09,4.85,40.0,1.825,1.765,1.6,0.405,2.4688,0.486,-0.037000000000000144,-0.20099999999999985,1.438,1.7313333333333334,1.6253333333333333,0.4256976116207728,0,0.5571732283586782,False,57.43023883792272,MEDIUM,logistic_regression_v1,2026-08-04 15:56:49.319068+00:00,0,TRAIN
93707,2026-06-20 00:00:01+00:00,MODE_57HZ,1700.0,57.09,5.59,38.9,1.081,2.172,1.154,0.3953,2.5469,-0.258,0.3700000000000001,-0.647,1.394,2.0220000000000002,1.5086666666666666,0.53837327956336,0,0.5571732283586782,False,46.162672043664,MEDIUM,logistic_regression_v1,2026-08-04 15:56:49.319068+00:00,0,TRAIN
93707,2026-06-20 01:00:01+00:00,MODE_57HZ,1701.4,57.09,5.01,42.5,0.867,2.383,1.829,0.417,2.4941,-0.472,0.581,0.028000000000000025,1.2576666666666667,2.106666666666667,1.5276666666666667,0.534746223132309,0,0.5571732283586782,False,46.5253776867691,MEDIUM,logistic_regression_v1,2026-08-04 15:56:49.319068+00:00,0,TRAIN
93707,2026-06-20 12:00:01+00:00,MODE_50HZ,1479.2,50.0,10.41,45.2,0.123,0.274,0.094,0.0282,0.1831,-0.035,-0.055999999999999994,-0.012999999999999998,0.13233333333333333,0.3463333333333333,0.11533333333333333,0.4762812112615171,0,0.5571732283586782,False,52.37187887384829,MEDIUM,logistic_regression_v1,2026-08-04 15:56:49.319068+00:00,0,TRAIN
93707,2026-06-20 17:00:01+00:00,OTHER,807.6,27.59,5.59,41.4,0.411,0.929,0.63,0.2157,1.4043,-0.16199999999999998,0.06700000000000006,0.03500000000000003,0.458,1.0026666666666666,0.7133333333333333,0.2512907868120416,0,0.5571732283586782,False,74.87092131879585,LOW,logistic_regression_v1,2026-08-04 15:56:49.319068+00:00,0,TRAIN
93707,2026-06-20 19:00:01+00:00,OTHER,819.1,27.62,2.66,45.8,0.398,0.654,0.317,0.2067,1.3281,-0.17499999999999993,-0.20799999999999996,-0.27799999999999997,0.33266666666666667,0.6183333333333334,0.34900000000000003,0.2251916673945126,0,0.5571732283586782,False,77.48083326054875,LOW,logistic_regression_v1,2026-08-04 15:56:49.319068+00:00,0,TRAIN
93707,2026-06-20 21:00:01+00:00,OTHER,811.8,27.62,4.68,46.4,0.41,0.625,0.26,0.2119,1.2197,-0.16299999999999998,-0.237,-0.33499999999999996,0.4063333333333333,0.736,0.4023333333333333,0.2204276567003046,0,0.5571732283586782,False,77.95723432996954,LOW,logistic_regression_v1,2026-08-04 15:56:49.319068+00:00,0,TRAIN
93707,2026-06-20 22:00:01+00:00,OTHER,818.3,27.64,3.03,46.5,0.394,0.687,0.276,0.2198,1.3467,-0.17899999999999994,-0.17499999999999993,-0.31899999999999995,0.40066666666666667,0.6553333333333333,0.2843333333333333,0.2594841389922298,0,0.5571732283586782,False,74.05158610077703,LOW,logistic_regression_v1,2026-08-04 15:56:49.319068+00:00,0,TRAIN
93707,2026-06-20 23:00:01+00:00,OTHER,819.4,27.62,2.59,51.4,0.412,0.774,0.347,0.2095,1.291,-0.16099999999999998,-0.08799999999999997,-0.248,0.4053333333333333,0.6953333333333334,0.29433333333333334,0.20203661768899542,0,0.5571732283586782,False,79.79633823110046,LOW,logistic_regression_v1,2026-08-04 15:56:49.319068+00:00,0,TRAIN
93707,2026-06-21 00:00:01+00:00,OTHER,814.2,27.62,4.01,45.8,0.43,0.709,0.242,0.2189,1.4014,-0.14299999999999996,-0.15300000000000002,-0.353,0.412,0.7233333333333334,0.28833333333333333,0.28637635747749257,0,0.5571732283586782,False,71.36236425225074,MEDIUM,logistic_regression_v1,2026-08-04 15:56:49.319068+00:00,0,TRAIN
93707,2026-06-21 02:00:01+00:00,OTHER,818.9,27.64,2.86,46.2,0.509,0.976,0.337,0.2123,1.332,-0.06399999999999995,0.11399999999999999,-0.25799999999999995,0.4503333333333333,0.8196666666666667,0.30866666666666664,0.337550208113701,0,0.5571732283586782,False,66.2449791886299,MEDIUM,logistic_regression_v1,2026-08-04 15:56:49.319068+00:00,0,TRAIN
93707,2026-06-21 03:00:01+00:00,OTHER,819.1,27.66,2.93,45.8,0.398,0.987,0.293,0.2141,1.2207,-0.17499999999999993,0.125,-0.302,0.44566666666666666,0.8906666666666666,0.2906666666666667,0.22283988176664915,0,0.5571732283586782,False,77.71601182333508,LOW,logistic_regression_v1,2026-08-04 15:56:49.319068+00:00,0,TRAIN
93707,2026-06-21 05:00:01+00:00,OTHER,810.7,27.62,4.99,46.7,0.379,1.136,0.439,0.2205,1.3857,-0.19399999999999995,0.2739999999999999,-0.15599999999999997,0.4286666666666667,1.033,0.35633333333333334,0.24441380127867185,0,0.5571732283586782,False,75.55861987213281,LOW,logistic_regression_v1,2026-08-04 15:56:49.319068+00:00,0,TRAIN
93707,2026-06-21 09:00:01+00:00,OTHER,593.9,19.95,0.93,45.7,0.301,0.921,0.305,0.163,0.9912,-0.27199999999999996,0.05900000000000005,-0.29,0.35933333333333334,1.0146666666666666,0.3456666666666667,0.18545612370917888,0,0.5571732283586782,False,81.45438762908212,LOW,logistic_regression_v1,2026-08-04 15:56:49.319068+00:00,0,TRAIN
93707,2026-06-21 10:00:01+00:00,MODE_57HZ,1700.4,57.25,7.49,55.2,1.581,1.602,2.396,0.4326,2.7539,0.242,-0.19999999999999996,0.595,1.1763333333333332,2.0523333333333333,1.793,0.5753072346910726,1,0.5571732283586782,True,42.46927653089274,HIGH,logistic_regression_v1,2026-08-04 15:56:49.319068+00:00,0,TRAIN
93707,2026-06-21 11:00:01+00:00,MODE_57HZ,1701.7,57.25,6.9,49.9,1.377,2.113,2.135,0.4158,2.5703,0.038000000000000034,0.31099999999999994,0.33399999999999985,1.275,2.0326666666666666,2.12,0.39498987088890236,0,0.5571732283586782,False,60.50101291110976,MEDIUM,logistic_regression_v1,2026-08-04 15:56:49.319068+00:00,0,TRAIN
93707,2026-06-21 15:00:01+00:00,MODE_57HZ,1700.5,57.25,7.41,56.9,1.436,2.48,2.361,0.427,2.8906,0.09699999999999998,0.6779999999999999,0.5600000000000003,1.4646666666666666,2.065,2.2973333333333334,0.6604633662680758,1,0.5571732283586782,True,33.95366337319242,HIGH,logistic_regression_v1,2026-08-04 15:56:49.319068+00:00,1,TRAIN
93707,2026-06-21 16:00:01+00:00,MODE_57HZ,1701.0,57.28,7.63,51.5,1.756,1.722,2.158,0.3843,2.6016,0.41700000000000004,-0.08000000000000007,0.357,1.523,2.105,2.218,0.5428574989278943,0,0.5571732283586782,False,45.714250107210574,MEDIUM,logistic_regression_v1,2026-08-04 15:56:49.319068+00:00,1,TRAIN
93707,2026-06-21 17:00:01+00:00,MODE_57HZ,1701.8,57.28,7.25,51.8,1.234,1.794,1.8,0.3972,2.666,-0.10499999999999998,-0.008000000000000007,-0.0009999999999998899,1.4753333333333334,1.9986666666666666,2.1063333333333336,0.6878562876240681,1,0.5571732283586782,True,31.214371237593184,HIGH,logistic_regression_v1,2026-08-04 15:56:49.319068+00:00,1,TRAIN
93707,2026-06-21 18:00:01+00:00,OTHER,627.1,21.06,1.01,60.4,1.586,1.933,2.375,0.4436,2.9434,1.0130000000000001,1.0710000000000002,1.78,0.7553333333333334,1.33,1.0396666666666667,0.06638756970041461,0,0.5571732283586782,False,93.36124302995854,LOW,logistic_regression_v1,2026-08-04 15:56:49.319068+00:00,0,TRAIN
93707,2026-06-21 23:00:01+00:00,MODE_50HZ,1491.3,49.94,,54.4,0.191,0.914,0.173,0.0303,0.1709,0.033,0.5840000000000001,0.06599999999999999,0.15066666666666667,0.514,0.129,0.12037815374228837,0,0.5571732283586782,False,87.96218462577117,LOW,logistic_regression_v1,2026-08-04 15:56:49.319068+00:00,1,TRAIN
93707,2026-06-22 00:00:01+00:00,MODE_57HZ,1701.6,57.25,6.94,44.2,1.252,1.714,1.471,0.4246,2.5645,-0.08699999999999997,-0.08800000000000008,-0.32999999999999985,1.414,1.7433333333333334,1.8096666666666668,0.5671975822300641,1,0.5571732283586782,True,43.28024177699359,HIGH,logistic_regression_v1,2026-08-04 15:56:49.319068+00:00,1,TRAIN
93707,2026-06-22 07:00:01+00:00,MODE_57HZ,1701.5,57.25,6.98,43.9,1.32,1.825,1.48,0.427,2.5566,-0.018999999999999906,0.02299999999999991,-0.32099999999999995,1.2686666666666666,1.7776666666666667,1.5836666666666668,0.6752127734424154,1,0.5571732283586782,True,32.47872265575846,HIGH,logistic_regression_v1,2026-08-04 15:56:49.319068+00:00,1,TRAIN
93707,2026-06-22 08:00:01+00:00,OTHER,1635.0,54.66,2.14,47.8,1.071,1.478,1.237,0.4321,2.6562,0.498,0.616,0.6420000000000001,0.986,1.444,1.3056666666666668,0.1949355952034573,0,0.5571732283586782,False,80.50644047965427,LOW,logistic_regression_v1,2026-08-04 15:56:49.319068+00:00,0,TRAIN
93707,2026-06-22 10:00:01+00:00,OTHER,635.0,21.56,2.56,62.9,0.133,0.305,0.214,0.0168,0.1475,-0.43999999999999995,-0.5569999999999999,-0.381,0.93,1.2386666666666666,1.2753333333333334,0.5770455230227138,1,0.5571732283586782,True,42.29544769772862,HIGH,logistic_regression_v1,2026-08-04 15:56:49.319068+00:00,0,TRAIN
93707,2026-06-22 12:00:01+00:00,MODE_57HZ,1701.1,57.25,7.17,58.7,1.399,1.721,1.748,0.429,2.9492,0.06000000000000005,-0.08099999999999996,-0.052999999999999936,1.3236666666666668,1.7533333333333334,1.5663333333333334,0.5688411520847426,1,0.5571732283586782,True,43.11588479152574,HIGH,logistic_regression_v1,2026-08-04 15:56:49.319068+00:00,0,TRAIN
93707,2026-06-22 16:00:01+00:00,OTHER,142.2,4.87,0.19,51.5,0.156,0.308,0.072,0.0109,0.0659,-0.4169999999999999,-0.554,-0.523,0.4533333333333333,0.697,0.5076666666666667,0.2133288772302328,0,0.5571732283586782,False,78.66711227697671,LOW,logistic_regression_v1,2026-08-04 15:56:49.319068+00:00,0,TRAIN
93707,2026-06-22 18:00:01+00:00,MODE_57HZ,1701.2,57.12,5.49,46.1,1.165,2.334,1.586,0.395,2.4668,-0.17399999999999993,0.532,-0.21499999999999986,1.2946666666666666,1.96,1.6046666666666667,0.3644610610047321,0,0.5571732283586782,False,63.55389389952679,MEDIUM,logistic_regression_v1,2026-08-04 15:56:49.319068+00:00,0,TRAIN
93707,2026-06-22 19:00:01+00:00,MODE_57HZ,1701.4,57.12,5.41,48.3,1.513,1.182,2.393,0.3835,2.3457,0.17399999999999993,-0.6200000000000001,0.5919999999999999,1.359,1.7456666666666667,1.909,0.654355368133011,1,0.5571732283586782,True,34.5644631866989,HIGH,logistic_regression_v1,2026-08-04 15:56:49.319068+00:00,1,TRAIN
93707,2026-06-22 20:00:01+00:00,MODE_57HZ,1699.9,57.12,6.05,49.0,1.516,1.61,2.158,0.3906,2.4395,0.17700000000000005,-0.19199999999999995,0.357,1.398,1.7086666666666668,2.0456666666666665,0.3541448488503861,0,0.5571732283586782,False,64.5855151149614,MEDIUM,logistic_regression_v1,2026-08-04 15:56:49.319068+00:00,1,TRAIN
93707,2026-06-22 22:00:01+00:00,MODE_57HZ,1700.5,57.19,6.61,46.5,1.109,1.477,0.924,0.4163,2.6074,-0.22999999999999998,-0.32499999999999996,-0.8769999999999999,1.3793333333333333,1.423,1.825,0.44526928265173493,0,0.5571732283586782,False,55.473071734826505,MEDIUM,logistic_regression_v1,2026-08-04 15:56:49.319068+00:00,1,TRAIN
93707,2026-06-23 02:00:01+00:00,MODE_57HZ,1701.3,57.09,5.03,42.7,0.961,2.012,1.028,0.4756,3.0469,-0.378,0.20999999999999996,-0.7729999999999999,1.1953333333333334,1.6996666666666667,1.37,0.6021891303311178,1,0.5571732283586782,True,39.781086966888225,HIGH,logistic_regression_v1,2026-08-04 15:56:49.319068+00:00,0,TRAIN
93707,2026-06-23 03:00:01+00:00,MODE_57HZ,1700.5,57.12,5.78,45.1,1.903,1.818,1.748,0.3799,2.4043,0.5640000000000001,0.016000000000000014,-0.052999999999999936,1.3243333333333334,1.7690000000000001,1.2333333333333334,0.6440435498633693,1,0.5571732283586782,True,35.595645013663066,HIGH,logistic_regression_v1,2026-08-04 15:56:49.319068+00:00,0,TRAIN
93707,2026-06-23 04:00:01+00:00,MODE_50HZ,1483.2,50.0,,54.8,0.164,0.423,0.09,0.0204,0.1455,0.006000000000000005,0.09299999999999997,-0.017,0.15933333333333333,0.537,0.119,0.3313371916150634,0,0.5571732283586782,False,66.86628083849367,MEDIUM,logistic_regression_v1,2026-08-04 15:56:49.319068+00:00,0,TRAIN
93707,2026-06-23 05:00:01+00:00,MODE_57HZ,1701.3,57.12,5.44,42.7,1.688,1.947,3.037,0.417,2.4941,0.349,0.14500000000000002,1.236,1.5173333333333334,1.9256666666666666,1.9376666666666666,0.542156031188002,0,0.5571732283586782,False,45.7843968811998,MEDIUM,logistic_regression_v1,2026-08-04 15:56:49.319068+00:00,0,TRAIN
93707,2026-06-23 07:00:01+00:00,OTHER,571.8,20.03,5.84,47.9,0.165,0.731,0.115,0.0288,1.2549,-0.4079999999999999,-0.131,-0.48,0.15133333333333335,0.448,0.13366666666666666,0.5672878720134693,1,0.5571732283586782,True,43.27121279865307,HIGH,logistic_regression_v1,2026-08-04 15:56:49.319068+00:00,0,TRAIN
93707,2026-06-23 09:00:01+00:00,OTHER,595.6,20.03,1.08,54.7,1.296,1.253,2.211,0.3826,2.5449,0.7230000000000001,0.3909999999999999,1.6159999999999999,0.539,0.764,0.7993333333333333,0.06627454184113939,0,0.5571732283586782,False,93.37254581588607,LOW,logistic_regression_v1,2026-08-04 15:56:49.319068+00:00,0,TRAIN
93707,2026-06-23 10:00:01+00:00,MODE_57HZ,1700.6,57.03,4.52,48.4,1.032,1.955,0.9,0.3855,2.4766,-0.30699999999999994,0.15300000000000002,-0.9009999999999999,1.541,1.9066666666666667,1.895,0.5005352420967522,0,0.5571732283586782,False,49.94647579032478,MEDIUM,logistic_regression_v1,2026-08-04 15:56:49.319068+00:00,0,TRAIN
93707,2026-06-23 11:00:01+00:00,MODE_57HZ,1701.3,57.03,4.2,49.7,1.298,2.312,1.534,0.395,2.584,-0.040999999999999925,0.5099999999999998,-0.2669999999999999,1.3393333333333333,2.0713333333333335,1.8236666666666668,0.4300655940385747,0,0.5571732283586782,False,56.993440596142534,MEDIUM,logistic_regression_v1,2026-08-04 15:56:49.319068+00:00,0,TRAIN
93707,2026-06-23 13:00:01+00:00,MODE_57HZ,1699.9,57.09,5.68,48.5,1.173,1.352,1.097,0.4072,2.6133,-0.16599999999999993,-0.44999999999999996,-0.704,1.1676666666666666,1.873,1.177,0.49234369471304706,0,0.5571732283586782,False,50.7656305286953,MEDIUM,logistic_regression_v1,2026-08-04 15:56:49.319068+00:00,0,TRAIN
93707,2026-06-23 15:00:01+00:00,MODE_50HZ,1477.1,50.03,,59.5,0.162,0.264,0.107,0.0138,0.1104,0.0040000000000000036,-0.066,0.0,0.17233333333333334,0.5336666666666667,0.12333333333333332,0.4427829337729854,0,0.5571732283586782,False,55.72170662270146,MEDIUM,logistic_regression_v1,2026-08-04 15:56:49.319068+00:00,0,TRAIN
93707,2026-06-23 22:00:00+00:00,OTHER,567.8,19.89,5.75,49.1,0.114,0.175,0.093,0.0183,0.1616,-0.45899999999999996,-0.687,-0.502,0.525,0.7196666666666667,0.8063333333333332,0.4175586165456895,0,0.5571732283586782,False,58.244138345431054,MEDIUM,logistic_regression_v1,2026-08-04 15:56:49.319068+00:00,0,TRAIN
93707,2026-06-23 23:00:00+00:00,OTHER,999.4,33.84,5.39,41.0,1.723,0.901,0.646,0.2534,1.5977,1.1500000000000001,0.039000000000000035,0.051000000000000045,1.0443333333333333,0.7763333333333333,0.9833333333333333,0.7881470814264873,1,0.5571732283586782,True,21.185291857351274,HIGH,logistic_regression_v1,2026-08-04 15:56:49.319068+00:00,0,TRAIN
93707,2026-06-24 00:00:00+00:00,OTHER,1003.2,33.84,4.12,42.2,0.752,1.228,0.823,0.2542,1.585,0.17900000000000005,0.366,0.22799999999999998,0.863,0.768,0.5206666666666666,0.20152687743878067,0,0.5571732283586782,False,79.84731225612194,LOW,logistic_regression_v1,2026-08-04 15:56:49.319068+00:00,0,TRAIN
93707,2026-06-24 01:00:00+00:00,OTHER,999.2,33.84,5.44,42.5,1.955,1.239,0.8,0.2534,1.5791,1.3820000000000001,0.3770000000000001,0.20500000000000007,1.4766666666666668,1.1226666666666667,0.7563333333333333,0.4802057181991612,0,0.5571732283586782,False,51.97942818008387,MEDIUM,logistic_regression_v1,2026-08-04 15:56:49.319068+00:00,0,TRAIN
93707,2026-06-24 02:00:00+00:00,OTHER,997.0,33.88,6.54,43.5,2.707,1.039,0.949,0.2467,1.4492,2.134,0.17699999999999994,0.354,1.8046666666666666,1.1686666666666667,0.8573333333333333,0.6333777066787152,1,0.5571732283586782,True,36.66222933212848,HIGH,logistic_regression_v1,2026-08-04 15:56:49.319068+00:00,0,TRAIN
93707,2026-06-24 03:00:00+00:00,OTHER,1002.9,33.81,3.89,42.2,1.637,1.445,0.74,0.2512,1.6377,1.064,0.5830000000000001,0.14500000000000002,2.099666666666667,1.241,0.8296666666666667,0.28941391187491333,0,0.5571732283586782,False,71.05860881250867,MEDIUM,logistic_regression_v1,2026-08-04 15:56:49.319068+00:00,0,TRAIN
93707,2026-06-24 04:00:00+00:00,OTHER,1000.3,33.81,4.75,42.6,0.898,0.998,0.73,0.2507,1.5205,0.32500000000000007,0.136,0.135,1.7473333333333334,1.1606666666666667,0.8063333333333333,0.19349695145902884,0,0.5571732283586782,False,80.65030485409712,LOW,logistic_regression_v1,2026-08-04 15:56:49.319068+00:00,0,TRAIN
93707,2026-06-24 05:00:00+00:00,OTHER,997.9,33.84,5.89,43.0,1.643,1.129,0.626,0.2517,1.5674,1.07,0.267,0.031000000000000028,1.3926666666666667,1.1906666666666668,0.6986666666666667,0.4912537207477405,0,0.5571732283586782,False,50.874627925225944,MEDIUM,logistic_regression_v1,2026-08-04 15:56:49.319068+00:00,0,TRAIN
93707,2026-06-24 08:00:00+00:00,OTHER,1000.2,33.75,4.14,41.6,1.243,0.934,0.604,0.2546,1.4854,0.6700000000000002,0.07200000000000006,0.009000000000000008,1.2613333333333334,1.0203333333333333,0.6533333333333333,0.3318428909906074,0,0.5571732283586782,False,66.81571090093927,MEDIUM,logistic_regression_v1,2026-08-04 15:56:49.319068+00:00,0,TRAIN
93707,2026-06-24 10:00:00+00:00,OTHER,1001.1,33.72,3.54,46.6,0.829,1.014,0.555,0.2418,1.4795,0.256,0.15200000000000002,-0.039999999999999925,1.2383333333333333,1.0256666666666667,0.595,0.25069491866806237,0,0.5571732283586782,False,74.93050813319377,LOW,logistic_regression_v1,2026-08-04 15:56:49.319068+00:00,0,TRAIN
93707,2026-06-24 13:00:00+00:00,OTHER,996.2,33.84,6.48,47.7,2.084,1.24,0.701,0.239,1.5059,1.5110000000000001,0.378,0.10599999999999998,1.3853333333333333,1.0626666666666666,0.62,0.5065978004788108,0,0.5571732283586782,False,49.34021995211892,MEDIUM,logistic_regression_v1,2026-08-04 15:56:49.319068+00:00,0,TRAIN
93707,2026-06-24 16:00:00+00:00,OTHER,944.9,31.73,2.26,44.4,0.837,1.97,0.986,0.2469,1.6455,0.264,1.108,0.391,1.25,1.408,0.7473333333333333,0.08828524735513776,0,0.5571732283586782,False,91.17147526448622,LOW,logistic_regression_v1,2026-08-04 15:56:49.319068+00:00,0,TRAIN
93707,2026-06-24 17:00:00+00:00,OTHER,945.9,31.75,2.09,46.5,0.434,1.204,1.115,0.2236,1.3936,-0.13899999999999996,0.34199999999999997,0.52,1.1183333333333334,1.4713333333333334,0.9339999999999999,0.08198444271898411,0,0.5571732283586782,False,91.80155572810159,LOW,logistic_regression_v1,2026-08-04 15:56:49.319068+00:00,0,TRAIN
93707,2026-06-24 19:00:00+00:00,OTHER,934.1,31.73,5.68,44.8,0.485,1.182,1.372,0.2286,1.3926,-0.08799999999999997,0.31999999999999995,0.7770000000000001,0.5853333333333334,1.452,1.1576666666666666,0.07774450388685923,0,0.5571732283586782,False,92.22554961131408,LOW,logistic_regression_v1,2026-08-04 15:56:49.319068+00:00,0,TRAIN
93707,2026-06-24 20:00:00+00:00,OTHER,944.5,31.73,2.38,45.4,0.472,1.457,1.033,0.2284,1.3711,-0.10099999999999998,0.5950000000000001,0.43799999999999994,0.46366666666666667,1.281,1.1733333333333333,0.09268949172803732,0,0.5571732283586782,False,90.73105082719627,LOW,logistic_regression_v1,2026-08-04 15:56:49.319068+00:00,0,TRAIN
93707,2026-06-24 23:00:00+00:00,OTHER,878.8,29.56,2.4,40.4,0.497,0.932,0.686,0.2418,1.5977,-0.07599999999999996,0.07000000000000006,0.09100000000000008,0.48466666666666663,1.1903333333333335,1.0303333333333333,0.24778412662436725,0,0.5571732283586782,False,75.22158733756328,LOW,logistic_regression_v1,2026-08-04 15:56:49.319068+00:00,0,TRAIN
93707,2026-06-25 02:00:00+00:00,OTHER,877.6,29.58,2.9,40.5,0.557,0.961,0.711,0.2129,1.377,-0.015999999999999903,0.09899999999999998,0.11599999999999999,0.5086666666666667,1.1166666666666667,0.8099999999999999,0.3108642245632791,0,0.5571732283586782,False,68.91357754367209,MEDIUM,logistic_regression_v1,2026-08-04 15:56:49.319068+00:00,0,TRAIN
93707,2026-06-25 04:00:00+00:00,OTHER,881.3,29.58,1.79,41.6,0.469,0.991,0.437,0.2101,1.3262,-0.10399999999999998,0.129,-0.15799999999999997,0.5076666666666667,0.9613333333333334,0.6113333333333334,0.2731699021329809,0,0.5571732283586782,False,72.6830097867019,LOW,logistic_regression_v1,2026-08-04 15:56:49.319068+00:00,0,TRAIN
93707,2026-06-25 08:00:00+00:00,OTHER,541.4,18.25,1.11,43.2,0.462,0.858,0.67,0.189,1.2578,-0.11099999999999993,-0.0040000000000000036,0.07500000000000007,0.496,0.9366666666666666,0.606,0.11965468686351781,0,0.5571732283586782,False,88.03453131364822,LOW,logistic_regression_v1,2026-08-04 15:56:49.319068+00:00,0,TRAIN
93707,2026-06-25 09:00:00+00:00,OTHER,541.0,18.25,1.18,45.1,0.396,0.899,0.805,0.2008,1.1992,-0.17699999999999994,0.03700000000000003,0.21000000000000008,0.44233333333333336,0.916,0.6373333333333334,0.06497436149811558,0,0.5571732283586782,False,93.50256385018845,LOW,logistic_regression_v1,2026-08-04 15:56:49.319068+00:00,0,TRAIN
93707,2026-06-25 10:00:00+00:00,OTHER,542.4,18.27,1.02,47.4,0.479,0.847,0.771,0.2019,1.1992,-0.09399999999999997,-0.015000000000000013,0.17600000000000005,0.44566666666666666,0.868,0.7486666666666667,0.06524059435378624,0,0.5571732283586782,False,93.47594056462137,LOW,logistic_regression_v1,2026-08-04 15:56:49.319068+00:00,0,TRAIN
93707,2026-06-25 11:00:00+00:00,OTHER,541.4,18.27,1.19,48.5,0.443,0.911,1.112,0.2084,1.2715,-0.12999999999999995,0.049000000000000044,0.5170000000000001,0.43933333333333335,0.8856666666666667,0.896,0.03830156338510881,0,0.5571732283586782,False,96.16984366148912,LOW,logistic_regression_v1,2026-08-04 15:56:49.319068+00:00,0,TRAIN
93707,2026-06-25 12:00:00+00:00,OTHER,540.7,18.25,1.25,50.2,0.437,0.919,1.064,0.203,1.1396,-0.13599999999999995,0.05700000000000005,0.4690000000000001,0.453,0.8923333333333333,0.9823333333333334,0.03649742715060115,0,0.5571732283586782,False,96.35025728493989,LOW,logistic_regression_v1,2026-08-04 15:56:49.319068+00:00,0,TRAIN
93707,2026-06-25 13:00:00+00:00,OTHER,541.0,18.27,1.26,50.6,0.48,1.029,1.077,0.2062,1.208,-0.09299999999999997,0.16699999999999993,0.482,0.4533333333333333,0.953,1.0843333333333334,0.03659505073942121,0,0.5571732283586782,False,96.34049492605787,LOW,logistic_regression_v1,2026-08-04 15:56:49.319068+00:00,0,TRAIN
93707,2026-06-25 14:00:00+00:00,OTHER,541.4,18.27,1.2,50.8,0.434,0.917,1.056,0.2043,1.1826,-0.13899999999999996,0.05500000000000005,0.4610000000000001,0.4503333333333333,0.955,1.0656666666666668,0.04033871451145775,0,0.5571732283586782,False,95.96612854885423,LOW,logistic_regression_v1,2026-08-04 15:56:49.319068+00:00,0,TRAIN
93707,2026-06-25 15:00:00+00:00,OTHER,541.5,18.27,1.17,55.3,0.386,0.888,0.82,0.1809,1.0986,-0.18699999999999994,0.026000000000000023,0.22499999999999998,0.43333333333333335,0.9446666666666667,0.9843333333333333,0.05608748667031729,0,0.5571732283586782,False,94.39125133296827,LOW,logistic_regression_v1,2026-08-04 15:56:49.319068+00:00,0,TRAIN
93707,2026-06-25 17:00:00+00:00,OTHER,504.2,16.92,0.58,47.7,0.633,0.711,0.244,0.1448,0.9409,0.06000000000000005,-0.15100000000000002,-0.351,0.48433333333333334,0.8386666666666667,0.7066666666666667,0.2065815319098527,0,0.5571732283586782,False,79.34184680901473,LOW,logistic_regression_v1,2026-08-04 15:56:49.319068+00:00,0,TRAIN
93707,2026-06-25 18:00:00+00:00,OTHER,504.0,16.92,0.62,47.3,0.418,0.584,0.27,0.1375,0.8916,-0.15499999999999997,-0.278,-0.32499999999999996,0.479,0.7276666666666667,0.44466666666666665,0.23963116123628525,0,0.5571732283586782,False,76.03688387637148,LOW,logistic_regression_v1,2026-08-04 15:56:49.319068+00:00,0,TRAIN
93707,2026-06-25 19:00:00+00:00,OTHER,504.2,16.95,0.74,46.8,0.501,0.534,0.812,0.1453,0.9609,-0.07199999999999995,-0.32799999999999996,0.21700000000000008,0.5173333333333333,0.6096666666666667,0.442,0.07512112057556057,0,0.5571732283586782,False,92.48788794244395,LOW,logistic_regression_v1,2026-08-04 15:56:49.319068+00:00,0,TRAIN
93707,2026-06-25 21:00:00+00:00,OTHER,504.4,16.94,0.64,46.4,0.445,0.479,0.485,0.1477,0.8833,-0.12799999999999995,-0.383,-0.10999999999999999,0.45466666666666666,0.5323333333333333,0.5223333333333333,0.09779856228239274,0,0.5571732283586782,False,90.22014377176073,LOW,logistic_regression_v1,2026-08-04 15:56:49.319068+00:00,0,TRAIN
93707,2026-06-25 22:00:00+00:00,OTHER,504.7,16.92,0.5,46.3,0.453,0.573,0.287,0.1462,0.9741,-0.11999999999999994,-0.28900000000000003,-0.308,0.4663333333333333,0.5286666666666666,0.528,0.1351005662723326,0,0.5571732283586782,False,86.48994337276675,LOW,logistic_regression_v1,2026-08-04 15:56:49.319068+00:00,0,TRAIN
93707,2026-06-25 23:00:00+00:00,OTHER,504.1,16.94,0.68,46.2,0.279,0.497,0.195,0.1492,1.0322,-0.29399999999999993,-0.365,-0.39999999999999997,0.39233333333333337,0.5163333333333333,0.3223333333333333,0.142367564371228,0,0.5571732283586782,False,85.76324356287721,LOW,logistic_regression_v1,2026-08-04 15:56:49.319068+00:00,0,TRAIN
93707,2026-06-26 00:00:00+00:00,OTHER,503.7,16.92,0.67,45.6,0.423,0.522,0.196,0.1499,1.0098,-0.14999999999999997,-0.33999999999999997,-0.39899999999999997,0.385,0.5306666666666666,0.226,0.17259408284639333,0,0.5571732283586782,False,82.74059171536067,LOW,logistic_regression_v1,2026-08-04 15:56:49.319068+00:00,0,TRAIN
93707,2026-06-26 03:00:00+00:00,OTHER,694.7,23.19,0.2,41.6,0.366,0.648,0.434,0.1632,0.9561,-0.20699999999999996,-0.21399999999999997,-0.16099999999999998,0.356,0.5556666666666666,0.275,0.13024357847666831,0,0.5571732283586782,False,86.97564215233317,LOW,logistic_regression_v1,2026-08-04 15:56:49.319068+00:00,0,TRAIN
93707,2026-06-26 04:00:00+00:00,OTHER,686.6,23.19,2.1,45.8,0.491,0.753,0.452,0.1667,0.9282,-0.08199999999999996,-0.10899999999999999,-0.14299999999999996,0.42666666666666664,0.641,0.3606666666666667,0.14621052109850685,0,0.5571732283586782,False,85.37894789014932,LOW,logistic_regression_v1,2026-08-04 15:56:49.319068+00:00,0,TRAIN
93707,2026-06-26 05:00:00+00:00,OTHER,693.5,23.2,0.6,43.5,0.444,0.706,0.316,0.1697,0.9741,-0.12899999999999995,-0.15600000000000003,-0.27899999999999997,0.43366666666666664,0.7023333333333334,0.40066666666666667,0.11979811106960782,0,0.5571732283586782,False,88.02018889303922,LOW,logistic_regression_v1,2026-08-04 15:56:49.319068+00:00,0,TRAIN
93707,2026-06-26 06:00:00+00:00,OTHER,692.6,23.19,0.7,44.0,0.431,0.873,0.398,0.1721,1.0146,-0.14199999999999996,0.01100000000000001,-0.19699999999999995,0.4553333333333333,0.7773333333333333,0.38866666666666666,0.14607242041252633,0,0.5571732283586782,False,85.39275795874737,LOW,logistic_regression_v1,2026-08-04 15:56:49.319068+00:00,0,TRAIN
93707,2026-06-26 07:00:00+00:00,OTHER,684.4,23.19,2.6,45.0,0.453,0.677,0.42,0.1683,1.001,-0.11999999999999994,-0.18499999999999994,-0.175,0.44266666666666665,0.752,0.378,0.15440287298509542,0,0.5571732283586782,False,84.55971270149045,LOW,logistic_regression_v1,2026-08-04 15:56:49.319068+00:00,0,TRAIN
93707,2026-06-26 08:00:00+00:00,OTHER,694.7,23.2,0.32,45.4,0.411,0.602,0.393,0.1705,1.0283,-0.16199999999999998,-0.26,-0.20199999999999996,0.43166666666666664,0.7173333333333334,0.4036666666666667,0.13071728587103282,0,0.5571732283586782,False,86.92827141289672,LOW,logistic_regression_v1,2026-08-04 15:56:49.319068+00:00,0,TRAIN
93707,2026-06-26 10:00:00+00:00,OTHER,682.0,23.19,3.16,46.3,0.394,0.755,0.323,0.1726,0.9868,-0.17899999999999994,-0.10699999999999998,-0.27199999999999996,0.41933333333333334,0.678,0.37866666666666665,0.15680240860521827,0,0.5571732283586782,False,84.31975913947818,LOW,logistic_regression_v1,2026-08-04 15:56:49.319068+00:00,0,TRAIN
93707,2026-06-26 12:00:00+00:00,OTHER,693.6,23.12,0.04,46.1,0.445,0.55,0.343,0.1733,1.0059,-0.12799999999999995,-0.31199999999999994,-0.25199999999999995,0.4166666666666667,0.6356666666666667,0.35300000000000004,0.13961955277292515,0,0.5571732283586782,False,86.03804472270748,LOW,logistic_regression_v1,2026-08-04 15:56:49.319068+00:00,0,TRAIN
93707,2026-06-26 14:00:00+00:00,OTHER,693.2,23.12,0.12,47.7,0.435,0.617,0.397,0.1737,1.0225,-0.13799999999999996,-0.245,-0.19799999999999995,0.4246666666666667,0.6406666666666667,0.35433333333333333,0.1284877951267391,0,0.5571732283586782,False,87.15122048732609,LOW,logistic_regression_v1,2026-08-04 15:56:49.319068+00:00,0,TRAIN
93707,2026-06-26 15:00:00+00:00,OTHER,162.3,5.6,0.31,53.0,0.155,0.373,0.174,0.0461,0.3462,-0.4179999999999999,-0.489,-0.421,0.34500000000000003,0.5133333333333333,0.3046666666666667,0.09419285965896976,0,0.5571732283586782,False,90.58071403410302,LOW,logistic_regression_v1,2026-08-04 15:56:49.319068+00:00,0,TRAIN
93707,2026-06-26 16:00:00+00:00,OTHER,692.7,23.14,0.36,46.9,0.345,0.64,0.356,0.1748,1.1094,-0.22799999999999998,-0.22199999999999998,-0.239,0.31166666666666665,0.5433333333333333,0.309,0.11814677988678486,0,0.5571732283586782,False,88.1853220113215,LOW,logistic_regression_v1,2026-08-04 15:56:49.319068+00:00,0,TRAIN
93707,2026-06-26 18:00:00+00:00,OTHER,693.2,23.16,0.35,44.5,0.395,0.681,0.396,0.1737,1.1328,-0.17799999999999994,-0.18099999999999994,-0.19899999999999995,0.29833333333333334,0.5646666666666667,0.30866666666666664,0.2208985781368203,0,0.5571732283586782,False,77.91014218631798,LOW,logistic_regression_v1,2026-08-04 15:56:49.319068+00:00,0,TRAIN
93707,2026-06-26 20:00:00+00:00,OTHER,156.0,5.3,0.16,44.2,0.117,0.304,0.098,0.0156,0.1006,-0.45599999999999996,-0.558,-0.497,0.2856666666666667,0.5416666666666667,0.2833333333333333,0.15986420273270144,0,0.5571732283586782,False,84.01357972672986,LOW,logistic_regression_v1,2026-08-04 15:56:49.319068+00:00,0,TRAIN
93707,2026-06-26 22:00:00+00:00,OTHER,1008.1,33.78,1.81,41.3,1.354,1.501,0.704,0.2478,1.7256,0.7810000000000001,0.6389999999999999,0.10899999999999999,0.622,0.8286666666666667,0.3993333333333333,0.3087503540178621,0,0.5571732283586782,False,69.1249645982138,MEDIUM,logistic_regression_v1,2026-08-04 15:56:49.319068+00:00,0,TRAIN
93707,2026-06-27 02:00:00+00:00,OTHER,1322.8,44.41,4.17,41.5,0.792,1.184,0.594,0.3577,2.1738,0.21900000000000008,0.32199999999999995,-0.0010000000000000009,0.7543333333333334,0.9963333333333333,0.4653333333333333,0.40671955202963445,0,0.5571732283586782,False,59.32804479703655,MEDIUM,logistic_regression_v1,2026-08-04 15:56:49.319068+00:00,0,TRAIN
93707,2026-06-27 03:00:00+00:00,OTHER,568.1,19.86,5.5,48.3,0.113,0.211,0.08,0.0129,0.1216,-0.45999999999999996,-0.651,-0.515,0.753,0.9653333333333333,0.4593333333333333,0.44480187681637834,0,0.5571732283586782,False,55.51981231836216,MEDIUM,logistic_regression_v1,2026-08-04 15:56:49.319068+00:00,0,TRAIN
93707,2026-06-27 04:00:00+00:00,MODE_57HZ,1702.1,57.09,4.71,39.6,1.56,1.952,1.948,0.405,2.5547,0.22100000000000009,0.1499999999999999,0.14700000000000002,1.3436666666666668,1.8719999999999999,1.5263333333333333,0.6955118898591306,1,0.5571732283586782,True,30.448811014086942,HIGH,logistic_regression_v1,2026-08-04 15:56:49.319068+00:00,0,TRAIN
93707,2026-06-27 07:00:00+00:00,MODE_57HZ,1699.9,57.09,5.63,44.4,1.541,1.887,2.922,0.4075,2.3379,0.20199999999999996,0.08499999999999996,1.1210000000000002,1.4246666666666667,1.7303333333333333,1.989,0.5100821073119886,0,0.5571732283586782,False,48.99178926880114,MEDIUM,logistic_regression_v1,2026-08-04 15:56:49.319068+00:00,0,TRAIN
93707,2026-06-27 08:00:00+00:00,MODE_50HZ,1478.6,49.88,8.82,50.0,0.113,0.231,0.131,0.0341,0.1548,-0.045,-0.099,0.024000000000000007,0.14633333333333334,0.306,0.10933333333333334,0.5292488049198563,0,0.5571732283586782,False,47.075119508014375,MEDIUM,logistic_regression_v1,2026-08-04 15:56:49.319068+00:00,0,TRAIN
93707,2026-06-27 10:00:00+00:00,MODE_57HZ,1700.7,57.0,4.08,43.6,1.276,1.476,3.012,0.4143,2.5293,-0.06299999999999994,-0.32600000000000007,1.211,1.459,1.7716666666666667,2.6273333333333335,0.3378893802404585,0,0.5571732283586782,False,66.21106197595414,MEDIUM,logistic_regression_v1,2026-08-04 15:56:49.319068+00:00,0,TRAIN
93707,2026-06-27 11:00:00+00:00,MODE_57HZ,1700.2,57.03,4.69,47.5,1.525,1.503,1.087,0.3877,2.5938,0.18599999999999994,-0.29900000000000015,-0.714,1.4473333333333334,1.6219999999999999,2.3403333333333336,0.4175997625850841,0,0.5571732283586782,False,58.2400237414916,MEDIUM,logistic_regression_v1,2026-08-04 15:56:49.319068+00:00,0,TRAIN
93707,2026-06-27 13:00:00+00:00,MODE_57HZ,1699.4,57.0,4.64,50.1,0.688,1.729,1.062,0.3865,2.5039,-0.651,-0.07299999999999995,-0.7389999999999999,1.163,1.5693333333333332,1.7203333333333333,0.40189101425544377,0,0.5571732283586782,False,59.81089857445563,MEDIUM,logistic_regression_v1,2026-08-04 15:56:49.319068+00:00,0,TRAIN
93707,2026-06-27 16:00:00+00:00,MODE_57HZ,1700.8,56.97,3.64,44.6,1.597,2.084,2.697,0.4016,2.3848,0.258,0.28200000000000003,0.8960000000000001,1.27,1.772,1.6153333333333333,0.3859433691266832,0,0.5571732283586782,False,61.40566308733169,MEDIUM,logistic_regression_v1,2026-08-04 15:56:49.319068+00:00,0,TRAIN
93707,2026-06-27 17:00:00+00:00,MODE_57HZ,1701.7,56.97,3.25,47.3,1.476,2.482,1.71,0.386,2.4395,0.137,0.6800000000000002,-0.09099999999999997,1.2536666666666667,2.0983333333333336,1.823,0.5061981446482697,0,0.5571732283586782,False,49.38018553517303,MEDIUM,logistic_regression_v1,2026-08-04 15:56:49.319068+00:00,0,TRAIN
93707,2026-06-27 19:00:00+00:00,MODE_57HZ,1701.5,57.06,4.55,49.0,1.024,1.241,2.48,0.354,2.2363,-0.31499999999999995,-0.5609999999999999,0.679,1.3656666666666666,1.9356666666666669,2.2956666666666665,0.385263693055891,0,0.5571732283586782,False,61.4736306944109,MEDIUM,logistic_regression_v1,2026-08-04 15:56:49.319068+00:00,0,TRAIN
93707,2026-06-27 20:00:00+00:00,OTHER,143.1,4.93,0.24,59.0,0.141,0.193,0.117,0.008,0.064,-0.43199999999999994,-0.669,-0.478,0.3486666666666667,0.5293333333333333,0.26366666666666666,0.16737684748939027,0,0.5571732283586782,False,83.26231525106097,LOW,logistic_regression_v1,2026-08-04 15:56:49.319068+00:00,0,TRAIN
93707,2026-06-27 23:00:00+00:00,MODE_57HZ,1701.4,57.06,4.6,41.6,1.062,1.959,2.73,0.4099,2.6367,-0.2769999999999999,0.15700000000000003,0.929,1.1873333333333334,1.8940000000000001,2.3066666666666666,0.49908966563090357,0,0.5571732283586782,False,50.09103343690964,MEDIUM,logistic_regression_v1,2026-08-04 15:56:49.319068+00:00,0,TRAIN
93707,2026-06-28 00:00:00+00:00,MODE_57HZ,1701.3,57.09,5.03,52.4,0.944,1.72,1.82,0.4119,2.7188,-0.395,-0.08200000000000007,0.019000000000000128,1.01,1.6400000000000001,2.3433333333333333,0.5586471215385117,1,0.5571732283586782,True,44.13528784614883,HIGH,logistic_regression_v1,2026-08-04 15:56:49.319068+00:00,0,TRAIN
93707,2026-06-28 01:00:00+00:00,MODE_57HZ,1712.9,57.12,0.35,46.9,1.323,1.729,1.479,0.4077,2.5273,-0.016000000000000014,-0.07299999999999995,-0.32199999999999984,1.1096666666666666,1.8026666666666666,2.009666666666667,0.2592881945947666,0,0.5571732283586782,False,74.07118054052334,LOW,logistic_regression_v1,2026-08-04 15:56:49.319068+00:00,0,TRAIN
93707,2026-06-28 03:00:00+00:00,MODE_50HZ,1470.4,49.97,,48.9,0.135,0.409,0.095,0.022,0.1694,-0.022999999999999993,0.07899999999999996,-0.011999999999999997,0.1366666666666667,0.30133333333333334,0.111,0.5979869853439584,1,0.5571732283586782,True,40.20130146560415,HIGH,logistic_regression_v1,2026-08-04 15:56:49.319068+00:00,0,TRAIN
93707,2026-06-28 05:00:00+00:00,MODE_57HZ,1700.2,57.09,5.53,45.6,0.82,1.935,1.581,0.3997,2.6699,-0.519,0.133,-0.21999999999999997,1.029,1.7946666666666666,1.6266666666666667,0.7083883394374701,1,0.5571732283586782,True,29.161166056252984,HIGH,logistic_regression_v1,2026-08-04 15:56:49.319068+00:00,0,TRAIN
93707,2026-06-28 06:00:00+00:00,MODE_57HZ,1699.4,57.09,5.87,43.8,1.494,2.289,2.617,0.3669,2.4082,0.15500000000000003,0.4870000000000001,0.8160000000000001,1.2123333333333333,1.9843333333333335,1.8923333333333334,0.6119300430621195,1,0.5571732283586782,True,38.806995693788046,HIGH,logistic_regression_v1,2026-08-04 15:56:49.319068+00:00,0,TRAIN
93707,2026-06-28 07:00:00+00:00,MODE_57HZ,1701.7,57.09,4.86,51.9,1.228,1.874,1.497,0.3982,2.5859,-0.11099999999999999,0.07200000000000006,-0.3039999999999998,1.1806666666666668,2.0326666666666666,1.8983333333333334,0.5166009274457551,0,0.5571732283586782,False,48.339907255424485,MEDIUM,logistic_regression_v1,2026-08-04 15:56:49.319068+00:00,0,TRAIN
93707,2026-06-28 11:00:00+00:00,MODE_57HZ,1691.6,57.06,8.88,45.9,1.479,1.945,4.043,0.3882,2.4746,0.14000000000000012,0.14300000000000002,2.242,1.4003333333333334,2.036,2.7190000000000003,0.4998506923339027,0,0.5571732283586782,False,50.01493076660972,MEDIUM,logistic_regression_v1,2026-08-04 15:56:49.319068+00:00,0,TRAIN
93707,2026-06-28 12:00:00+00:00,MODE_57HZ,1701.7,57.09,4.87,50.1,1.436,1.571,2.205,0.3523,2.2988,0.09699999999999998,-0.2310000000000001,0.40400000000000014,1.381,1.7966666666666666,2.581666666666667,0.5516372218868414,0,0.5571732283586782,False,44.83627781131586,MEDIUM,logistic_regression_v1,2026-08-04 15:56:49.319068+00:00,0,TRAIN
93707,2026-06-28 17:00:00+00:00,MODE_50HZ,1478.8,50.0,,45.9,0.144,0.271,0.098,0.0219,0.1714,-0.014000000000000012,-0.059,-0.008999999999999994,0.13066666666666668,0.3036666666666667,0.108,0.5479373441631397,0,0.5571732283586782,False,45.20626558368603,MEDIUM,logistic_regression_v1,2026-08-04 15:56:49.319068+00:00,0,TRAIN
93707,2026-06-28 18:00:00+00:00,MODE_57HZ,1700.4,56.97,3.82,44.1,1.323,1.583,1.188,0.4019,2.5605,-0.016000000000000014,-0.21900000000000008,-0.613,1.4126666666666667,1.6996666666666667,2.478666666666667,0.3256172989521948,0,0.5571732283586782,False,67.43827010478051,MEDIUM,logistic_regression_v1,2026-08-04 15:56:49.319068+00:00,0,TRAIN
93707,2026-06-29 00:00:00+00:00,MODE_57HZ,1700.4,57.03,4.62,44.3,1.487,1.821,2.648,0.4048,2.4141,0.14800000000000013,0.018999999999999906,0.8470000000000002,1.4153333333333333,1.6583333333333332,2.013666666666667,0.5083491922940275,0,0.5571732283586782,False,49.16508077059725,MEDIUM,logistic_regression_v1,2026-08-04 15:56:49.319068+00:00,0,TRAIN
93707,2026-06-29 01:00:00+00:00,MODE_57HZ,1700.8,57.03,4.44,44.3,0.98,2.254,1.78,0.3792,2.3066,-0.359,0.45199999999999996,-0.020999999999999908,1.2633333333333334,1.886,1.872,0.4292520754632249,0,0.5571732283586782,False,57.0747924536775,MEDIUM,logistic_regression_v1,2026-08-04 15:56:49.319068+00:00,0,TRAIN
93707,2026-06-29 02:00:00+00:00,MODE_57HZ,1699.7,57.03,4.92,44.4,1.517,1.567,2.604,0.3711,2.3906,0.17799999999999994,-0.2350000000000001,0.8030000000000002,1.328,1.8806666666666667,2.3440000000000003,0.4888819581519544,0,0.5571732283586782,False,51.11180418480457,MEDIUM,logistic_regression_v1,2026-08-04 15:56:49.319068+00:00,0,TRAIN
93707,2026-06-29 03:00:00+00:00,MODE_57HZ,1700.9,57.06,4.83,44.2,1.356,1.992,2.027,0.4094,2.3828,0.017000000000000126,0.18999999999999995,0.2260000000000002,1.2843333333333333,1.9376666666666666,2.137,0.4147562602648641,0,0.5571732283586782,False,58.52437397351359,MEDIUM,logistic_regression_v1,2026-08-04 15:56:49.319068+00:00,0,TRAIN
93707,2026-06-29 09:00:00+00:00,MODE_57HZ,1700.3,57.19,6.68,43.8,1.254,2.162,2.416,0.3977,2.5781,-0.08499999999999996,0.3599999999999999,0.615,1.3756666666666666,1.907,2.349,0.5444131901359065,0,0.5571732283586782,False,45.55868098640935,MEDIUM,logistic_regression_v1,2026-08-04 15:56:49.319068+00:00,0,TRAIN
93707,2026-06-29 11:00:00+00:00,MODE_57HZ,1701.5,57.25,7.0,48.8,1.479,1.728,1.431,0.3816,2.5332,0.14000000000000012,-0.07400000000000007,-0.3699999999999999,1.363,1.9606666666666666,1.958,0.5756169418096346,1,0.5571732283586782,True,42.438305819036536,HIGH,logistic_regression_v1,2026-08-04 15:56:49.319068+00:00,1,TRAIN
93707,2026-06-29 13:00:00+00:00,MODE_57HZ,1699.5,57.22,7.47,48.6,0.991,2.074,1.633,0.407,2.5508,-0.348,0.2719999999999998,-0.16799999999999993,1.2413333333333334,1.988,1.8266666666666667,0.5006423585275728,0,0.5571732283586782,False,49.93576414724272,MEDIUM,logistic_regression_v1,2026-08-04 15:56:49.319068+00:00,1,VALIDATION
93707,2026-06-29 17:00:00+00:00,MODE_57HZ,1701.3,57.25,7.07,49.1,1.396,1.881,2.701,0.3855,2.5645,0.05699999999999994,0.07899999999999996,0.9000000000000001,1.2886666666666666,1.8943333333333332,1.9216666666666666,0.651497245118088,1,0.5571732283586782,True,34.850275488191194,HIGH,logistic_regression_v1,2026-08-04 15:56:49.319068+00:00,1,VALIDATION
93707,2026-06-29 18:00:00+00:00,MODE_50HZ,1520.4,50.88,2.87,55.6,1.539,2.248,2.549,0.4099,2.6152,1.381,1.9180000000000001,2.4419999999999997,0.606,0.9760000000000001,0.914,4.7750103039037843e-11,0,0.5571732283586782,False,99.99999999522498,LOW,logistic_regression_v1,2026-08-04 15:56:49.319068+00:00,0,VALIDATION
93707,2026-06-29 19:00:00+00:00,MODE_57HZ,1700.1,57.19,6.8,46.8,1.399,1.886,1.13,0.3838,2.4297,0.06000000000000005,0.08399999999999985,-0.671,1.262,1.9469999999999998,1.8213333333333332,0.5650000227211749,1,0.5571732283586782,True,43.49999772788251,HIGH,logistic_regression_v1,2026-08-04 15:56:49.319068+00:00,0,VALIDATION
93707,2026-06-29 20:00:00+00:00,MODE_57HZ,1700.4,57.22,7.08,47.0,1.454,1.497,1.818,0.3799,2.2637,0.11499999999999999,-0.30499999999999994,0.017000000000000126,1.4163333333333332,1.7546666666666666,1.883,0.47267264614951343,0,0.5571732283586782,False,52.732735385048656,MEDIUM,logistic_regression_v1,2026-08-04 15:56:49.319068+00:00,0,VALIDATION
93707,2026-06-29 22:00:00+00:00,MODE_50HZ,1494.2,50.0,,56.2,0.144,0.828,0.2,0.0313,0.2163,-0.014000000000000012,0.49799999999999994,0.09300000000000001,0.609,1.1156666666666668,0.949,0.1677893576855333,0,0.5571732283586782,False,83.22106423144668,LOW,logistic_regression_v1,2026-08-04 15:56:49.319068+00:00,0,VALIDATION
93707,2026-06-29 23:00:00+00:00,MODE_57HZ,1700.1,57.22,7.21,45.2,1.201,1.856,1.217,0.4177,2.541,-0.1379999999999999,0.05400000000000005,-0.5839999999999999,1.3513333333333333,1.7463333333333333,1.3883333333333334,0.5317040826817847,0,0.5571732283586782,False,46.82959173182153,MEDIUM,logistic_regression_v1,2026-08-04 15:56:49.319068+00:00,0,VALIDATION
93707,2026-06-30 00:00:00+00:00,MODE_57HZ,1700.2,57.22,7.15,48.2,1.327,1.967,2.604,0.396,2.6074,-0.01200000000000001,0.16500000000000004,0.8030000000000002,1.3273333333333333,1.7733333333333334,1.8796666666666668,0.6393435658521628,1,0.5571732283586782,True,36.06564341478372,HIGH,logistic_regression_v1,2026-08-04 15:56:49.319068+00:00,0,VALIDATION
93707,2026-06-30 01:00:00+00:00,MODE_57HZ,1700.4,57.25,7.48,47.5,1.445,1.519,2.199,0.3967,2.5215,0.1060000000000001,-0.28300000000000014,0.3979999999999999,1.3243333333333334,1.7806666666666666,2.006666666666667,0.5312117979453707,0,0.5571732283586782,False,46.87882020546294,MEDIUM,logistic_regression_v1,2026-08-04 15:56:49.319068+00:00,0,VALIDATION
93707,2026-06-30 02:00:00+00:00,MODE_57HZ,1700.0,57.25,7.63,47.2,1.008,1.737,1.585,0.3994,2.5938,-0.33099999999999996,-0.06499999999999995,-0.21599999999999997,1.26,1.741,2.1293333333333333,0.5856799642378225,1,0.5571732283586782,True,41.432003576217745,HIGH,logistic_regression_v1,2026-08-04 15:56:49.319068+00:00,0,VALIDATION
93707,2026-06-30 04:00:00+00:00,MODE_57HZ,1699.8,57.22,7.31,45.3,1.618,1.677,1.551,0.4202,2.5332,0.27900000000000014,-0.125,-0.25,1.357,1.6443333333333334,1.7783333333333333,0.5266000055165071,0,0.5571732283586782,False,47.33999944834929,MEDIUM,logistic_regression_v1,2026-08-04 15:56:49.319068+00:00,0,VALIDATION
93707,2026-06-30 05:00:00+00:00,MODE_57HZ,1700.4,57.25,7.48,46.8,1.33,1.793,2.791,0.3853,2.4316,-0.008999999999999897,-0.009000000000000119,0.99,1.3186666666666667,1.7356666666666667,1.9756666666666667,0.6352323206033612,1,0.5571732283586782,True,36.47676793966388,HIGH,logistic_regression_v1,2026-08-04 15:56:49.319068+00:00,0,VALIDATION
93707,2026-06-30 08:00:00+00:00,MODE_57HZ,1700.1,57.19,6.8,46.2,1.646,1.339,3.158,0.4106,2.6152,0.30699999999999994,-0.4630000000000001,1.357,1.5313333333333334,1.603,2.5,0.4780525859058534,0,0.5571732283586782,False,52.19474140941466,MEDIUM,logistic_regression_v1,2026-08-04 15:56:49.319068+00:00,0,VALIDATION
93707,2026-06-30 10:00:00+00:00,MODE_50HZ,1440.9,50.03,30.0,58.3,0.12,0.244,0.08,0.0137,0.0918,-0.038000000000000006,-0.08600000000000002,-0.026999999999999996,0.601,1.1066666666666667,0.943,0.9827433822053636,1,0.5571732283586782,True,1.7256617794636386,HIGH,logistic_regression_v1,2026-08-04 15:56:49.319068+00:00,0,VALIDATION
93707,2026-06-30 11:00:00+00:00,MODE_50HZ,1476.8,50.03,12.08,54.4,0.112,0.254,0.065,0.0143,0.0962,-0.046,-0.07600000000000001,-0.041999999999999996,0.12533333333333332,0.442,0.115,0.6201791064656346,1,0.5571732283586782,True,37.98208935343654,HIGH,logistic_regression_v1,2026-08-04 15:56:49.319068+00:00,0,VALIDATION
93707,2026-06-30 13:00:00+00:00,OTHER,945.0,31.78,2.67,46.7,0.614,1.214,1.739,0.2328,1.4453,0.041000000000000036,0.352,1.1440000000000001,0.28933333333333333,0.5393333333333333,0.6453333333333334,0.02551181108845828,0,0.5571732283586782,False,97.44881889115418,LOW,logistic_regression_v1,2026-08-04 15:56:49.319068+00:00,0,VALIDATION
93707,2026-06-30 15:00:00+00:00,OTHER,945.1,31.8,2.8,47.8,0.545,1.693,1.005,0.2402,1.4688,-0.027999999999999914,0.8310000000000001,0.4099999999999999,0.43333333333333335,1.0333333333333334,0.9536666666666667,0.12678423572954284,0,0.5571732283586782,False,87.32157642704573,LOW,logistic_regression_v1,2026-08-04 15:56:49.319068+00:00,0,VALIDATION
93707,2026-06-30 17:00:00+00:00,OTHER,940.1,31.8,4.4,50.5,0.596,0.833,1.782,0.2233,1.3252,0.02300000000000002,-0.029000000000000026,1.187,0.585,1.2466666666666666,1.5086666666666666,0.033784785689315096,0,0.5571732283586782,False,96.62152143106849,LOW,logistic_regression_v1,2026-08-04 15:56:49.319068+00:00,0,VALIDATION
93707,2026-06-30 18:00:00+00:00,OTHER,944.9,31.8,2.86,50.0,0.625,1.266,0.534,0.2382,1.5498,0.052000000000000046,0.404,-0.06099999999999994,0.5886666666666667,1.264,1.107,0.19432559128270926,0,0.5571732283586782,False,80.56744087172906,LOW,logistic_regression_v1,2026-08-04 15:56:49.319068+00:00,0,VALIDATION
93707,2026-06-30 19:00:00+00:00,OTHER,944.9,31.78,2.7,49.0,0.414,1.365,0.557,0.2416,1.4336,-0.15899999999999997,0.503,-0.03799999999999992,0.545,1.1546666666666667,0.9576666666666667,0.15256206178509146,0,0.5571732283586782,False,84.74379382149085,LOW,logistic_regression_v1,2026-08-04 15:56:49.319068+00:00,0,VALIDATION
93707,2026-06-30 21:00:00+00:00,OTHER,945.1,31.8,2.81,47.0,0.585,1.228,0.806,0.2336,1.5049,0.01200000000000001,0.366,0.21100000000000008,0.5413333333333333,1.2863333333333333,0.6323333333333334,0.22220751980844344,0,0.5571732283586782,False,77.77924801915566,LOW,logistic_regression_v1,2026-08-04 15:56:49.319068+00:00,0,VALIDATION
93707,2026-06-30 23:00:01+00:00,OTHER,945.0,31.8,2.84,44.8,0.68,0.654,1.109,0.2338,1.3682,0.1070000000000001,-0.20799999999999996,0.514,0.5596666666666666,1.0823333333333334,0.8240000000000001,0.15979531371308253,0,0.5571732283586782,False,84.02046862869175,LOW,logistic_regression_v1,2026-08-04 15:56:49.319068+00:00,0,VALIDATION
93707,2026-07-01 00:00:01+00:00,OTHER,945.0,31.78,2.69,45.3,0.502,1.49,0.536,0.2372,1.4375,-0.07099999999999995,0.628,-0.05899999999999994,0.589,1.124,0.8170000000000001,0.17835153031857393,0,0.5571732283586782,False,82.16484696814261,LOW,logistic_regression_v1,2026-08-04 15:56:49.319068+00:00,0,VALIDATION
93707,2026-07-01 01:00:01+00:00,OTHER,945.1,31.77,2.51,49.1,0.486,0.623,0.68,0.2296,1.3193,-0.08699999999999997,-0.239,0.08500000000000008,0.556,0.9223333333333333,0.775,0.11946315905604189,0,0.5571732283586782,False,88.0536840943958,LOW,logistic_regression_v1,2026-08-04 15:56:49.319068+00:00,0,VALIDATION
93707,2026-07-01 02:00:01+00:00,OTHER,945.0,31.78,2.69,45.5,0.641,1.318,0.663,0.2404,1.4258,0.06800000000000006,0.45600000000000007,0.06800000000000006,0.543,1.1436666666666666,0.6263333333333334,0.15360498478247334,0,0.5571732283586782,False,84.63950152175266,LOW,logistic_regression_v1,2026-08-04 15:56:49.319068+00:00,0,VALIDATION
93707,2026-07-01 03:00:01+00:00,OTHER,933.0,31.78,6.5,45.4,0.661,0.763,0.634,0.2388,1.3643,0.08800000000000008,-0.09899999999999998,0.039000000000000035,0.596,0.9013333333333333,0.659,0.27496641120742144,0,0.5571732283586782,False,72.50335887925785,LOW,logistic_regression_v1,2026-08-04 15:56:49.319068+00:00,0,VALIDATION
93707,2026-07-01 04:00:01+00:00,OTHER,944.9,31.77,2.55,46.2,0.5,0.812,1.128,0.2343,1.4648,-0.07299999999999995,-0.04999999999999993,0.5329999999999999,0.6006666666666667,0.9643333333333334,0.8083333333333333,0.09310501903906807,0,0.5571732283586782,False,90.68949809609319,LOW,logistic_regression_v1,2026-08-04 15:56:49.319068+00:00,0,VALIDATION
93707,2026-07-01 05:00:01+00:00,OTHER,931.2,31.78,7.07,45.7,0.513,0.887,0.967,0.2369,1.4248,-0.05999999999999994,0.025000000000000022,0.372,0.558,0.8206666666666667,0.9096666666666666,0.15147530289410735,0,0.5571732283586782,False,84.85246971058926,LOW,logistic_regression_v1,2026-08-04 15:56:49.319068+00:00,0,VALIDATION
93707,2026-07-01 06:00:01+00:00,OTHER,932.9,31.78,6.52,45.4,0.59,1.418,1.442,0.2396,1.4619,0.017000000000000015,0.5559999999999999,0.847,0.5343333333333333,1.039,1.179,0.06303250939974298,0,0.5571732283586782,False,93.6967490600257,LOW,logistic_regression_v1,2026-08-04 15:56:49.319068+00:00,0,VALIDATION
93707,2026-07-01 07:00:01+00:00,OTHER,944.4,31.77,2.71,46.8,0.58,1.26,0.679,0.2321,1.4219,0.007000000000000006,0.398,0.08400000000000007,0.5609999999999999,1.1883333333333332,1.0293333333333334,0.16685887512310946,0,0.5571732283586782,False,83.31411248768904,LOW,logistic_regression_v1,2026-08-04 15:56:49.319068+00:00,0,VALIDATION
93707,2026-07-01 11:00:01+00:00,OTHER,945.0,31.78,2.68,44.3,0.508,1.414,0.562,0.2332,1.4053,-0.06499999999999995,0.5519999999999999,-0.03299999999999992,0.5593333333333333,1.3639999999999999,0.8943333333333333,0.21331017194062743,0,0.5571732283586782,False,78.66898280593726,LOW,logistic_regression_v1,2026-08-04 15:56:49.319068+00:00,0,VALIDATION
93707,2026-07-01 19:00:01+00:00,MODE_50HZ,1495.0,50.0,2.47,54.1,0.161,0.299,0.254,0.0249,0.167,0.0030000000000000027,-0.031000000000000028,0.14700000000000002,0.131,0.26566666666666666,0.133,0.1297974426047995,0,0.5571732283586782,False,87.02025573952005,LOW,logistic_regression_v1,2026-08-04 15:56:49.319068+00:00,0,VALIDATION
93707,2026-07-01 20:00:01+00:00,MODE_57HZ,1701.4,57.16,5.82,46.9,1.022,2.07,1.599,0.4214,2.5293,-0.31699999999999995,0.2679999999999998,-0.20199999999999996,1.3326666666666667,1.734,2.516,0.4867981996191941,0,0.5571732283586782,False,51.320180038080586,MEDIUM,logistic_regression_v1,2026-08-04 15:56:49.319068+00:00,0,VALIDATION
93707,2026-07-01 22:00:01+00:00,MODE_57HZ,1701.6,57.19,6.12,47.4,0.887,2.674,2.123,0.3877,2.5293,-0.45199999999999996,0.8719999999999999,0.3220000000000003,1.185,2.0276666666666667,2.2933333333333334,0.53963631013029,0,0.5571732283586782,False,46.036368986971,MEDIUM,logistic_regression_v1,2026-08-04 15:56:49.319068+00:00,0,VALIDATION
93707,2026-07-01 23:00:01+00:00,MODE_57HZ,1701.4,57.19,6.22,48.0,1.62,1.786,2.738,0.3887,2.4219,0.28100000000000014,-0.016000000000000014,0.937,1.1763333333333335,2.1766666666666667,2.1533333333333333,0.5600775900451664,1,0.5571732283586782,True,43.99224099548336,HIGH,logistic_regression_v1,2026-08-04 15:56:49.319068+00:00,0,VALIDATION
93707,2026-07-02 00:00:01+00:00,MODE_57HZ,1701.3,57.16,5.85,47.8,1.126,2.047,2.109,0.3879,2.5762,-0.21300000000000008,0.2450000000000001,0.30800000000000005,1.211,2.169,2.3233333333333333,0.5648217334190074,1,0.5571732283586782,True,43.51782665809926,HIGH,logistic_regression_v1,2026-08-04 15:56:49.319068+00:00,0,VALIDATION
93707,2026-07-02 01:00:01+00:00,MODE_50HZ,1494.9,49.97,2.07,49.0,0.2,0.625,0.156,0.0229,0.1304,0.04200000000000001,0.295,0.049,0.15766666666666668,0.39266666666666666,0.15833333333333333,0.1873163348667323,0,0.5571732283586782,False,81.26836651332677,LOW,logistic_regression_v1,2026-08-04 15:56:49.319068+00:00,0,VALIDATION
93707,2026-07-02 02:00:01+00:00,MODE_57HZ,1700.2,57.19,6.75,47.2,1.262,1.812,1.903,0.377,2.4766,-0.07699999999999996,0.010000000000000009,0.10200000000000009,1.336,1.8816666666666668,2.25,0.5775824641664133,1,0.5571732283586782,True,42.241753583358665,HIGH,logistic_regression_v1,2026-08-04 15:56:49.319068+00:00,0,VALIDATION
93707,2026-07-02 04:00:01+00:00,MODE_57HZ,1701.1,57.19,6.35,46.7,1.596,2.639,1.999,0.3701,2.3496,0.2570000000000001,0.8369999999999997,0.19800000000000018,1.328,2.166,2.0036666666666667,0.545209770263123,0,0.5571732283586782,False,45.4790229736877,MEDIUM,logistic_regression_v1,2026-08-04 15:56:49.319068+00:00,0,VALIDATION
93707,2026-07-02 06:00:01+00:00,MODE_57HZ,1701.0,57.19,6.4,47.4,1.058,1.993,1.549,0.3677,2.4121,-0.2809999999999999,0.19100000000000006,-0.252,1.3053333333333335,2.148,1.817,0.5442375619204566,0,0.5571732283586782,False,45.57624380795434,MEDIUM,logistic_regression_v1,2026-08-04 15:56:49.319068+00:00,0,VALIDATION
93707,2026-07-02 08:00:01+00:00,MODE_50HZ,1496.9,50.06,2.47,55.3,0.213,0.256,0.095,0.0197,0.1611,0.05499999999999999,-0.07400000000000001,-0.011999999999999997,0.19133333333333333,0.3933333333333333,0.16833333333333333,0.5932749673872169,1,0.5571732283586782,True,40.672503261278315,HIGH,logistic_regression_v1,2026-08-04 15:56:49.319068+00:00,0,VALIDATION
93707,2026-07-02 09:00:01+00:00,MODE_57HZ,1701.6,57.16,5.71,46.3,1.138,1.415,2.26,0.3828,2.5234,-0.20100000000000007,-0.387,0.45899999999999985,1.264,2.0156666666666667,1.936,0.5235741836829396,0,0.5571732283586782,False,47.64258163170604,MEDIUM,logistic_regression_v1,2026-08-04 15:56:49.319068+00:00,0,VALIDATION
93707,2026-07-02 10:00:01+00:00,MODE_57HZ,1701.2,57.16,5.88,48.6,1.428,2.441,1.217,0.3845,2.5469,0.08899999999999997,0.6389999999999998,-0.5839999999999999,1.208,1.9496666666666667,1.6753333333333333,0.5073381475024694,0,0.5571732283586782,False,49.26618524975306,MEDIUM,logistic_regression_v1,2026-08-04 15:56:49.319068+00:00,0,VALIDATION
93707,2026-07-02 11:00:01+00:00,MODE_57HZ,1702.1,57.16,5.49,50.0,1.513,2.115,1.876,0.366,2.4961,0.17399999999999993,0.31300000000000017,0.07499999999999996,1.3596666666666666,1.9903333333333333,1.7843333333333333,0.45065379358459645,0,0.5571732283586782,False,54.934620641540356,MEDIUM,logistic_regression_v1,2026-08-04 15:56:49.319068+00:00,0,VALIDATION
93707,2026-07-02 14:00:01+00:00,MODE_57HZ,1701.1,57.16,5.96,46.1,1.337,2.094,1.229,0.3943,2.4043,-0.0020000000000000018,0.2919999999999998,-0.5719999999999998,1.426,2.216666666666667,1.4406666666666668,0.4926110290693736,0,0.5571732283586782,False,50.73889709306264,MEDIUM,logistic_regression_v1,2026-08-04 15:56:49.319068+00:00,0,VALIDATION
93707,2026-07-02 15:00:01+00:00,MODE_57HZ,1701.6,57.19,6.13,49.2,1.403,2.766,2.973,0.3911,2.5527,0.06400000000000006,0.964,1.172,1.4176666666666666,2.325,2.026,0.6282361990065681,1,0.5571732283586782,True,37.176380099343184,HIGH,logistic_regression_v1,2026-08-04 15:56:49.319068+00:00,0,VALIDATION
93707,2026-07-02 17:00:01+00:00,MODE_57HZ,1701.6,57.16,5.71,49.0,1.039,1.625,1.696,0.3789,2.6562,-0.30000000000000004,-0.17700000000000005,-0.10499999999999998,1.2596666666666667,2.1616666666666666,1.966,0.5364756657213222,0,0.5571732283586782,False,46.35243342786778,MEDIUM,logistic_regression_v1,2026-08-04 15:56:49.319068+00:00,0,VALIDATION
93707,2026-07-02 18:00:01+00:00,MODE_57HZ,1700.1,57.16,6.39,50.2,1.392,1.912,2.467,0.3879,2.4023,0.052999999999999936,0.10999999999999988,0.6660000000000001,1.278,2.101,2.3786666666666667,0.47998493070602616,0,0.5571732283586782,False,52.00150692939738,MEDIUM,logistic_regression_v1,2026-08-04 15:56:49.319068+00:00,0,VALIDATION
93707,2026-07-02 19:00:01+00:00,MODE_57HZ,1699.7,57.16,6.55,49.4,1.287,1.687,1.695,0.4019,2.6992,-0.052000000000000046,-0.11499999999999999,-0.10599999999999987,1.2393333333333332,1.7413333333333334,1.9526666666666668,0.5515398751062914,0,0.5571732283586782,False,44.84601248937086,MEDIUM,logistic_regression_v1,2026-08-04 15:56:49.319068+00:00,0,VALIDATION
93707,2026-07-02 21:00:00+00:00,MODE_57HZ,1700.0,57.16,6.43,49.5,1.854,1.418,2.754,0.3755,2.4199,0.5150000000000001,-0.3840000000000001,0.9530000000000001,1.511,1.6723333333333332,2.3053333333333335,0.49743242650443775,0,0.5571732283586782,False,50.256757349556224,MEDIUM,logistic_regression_v1,2026-08-04 15:56:49.319068+00:00,0,VALIDATION
93707,2026-07-02 23:00:00+00:00,MODE_57HZ,1700.9,57.16,6.03,47.6,1.816,2.191,2.51,0.3777,2.6133,0.4770000000000001,0.3889999999999998,0.7089999999999999,1.6523333333333334,1.7653333333333332,2.3196666666666665,0.48670300448925047,0,0.5571732283586782,False,51.32969955107496,MEDIUM,logistic_regression_v1,2026-08-04 15:56:49.319068+00:00,0,VALIDATION
93707,2026-07-03 00:00:00+00:00,MODE_57HZ,1701.1,57.16,5.96,47.8,1.29,1.64,1.472,0.374,2.3047,-0.04899999999999993,-0.16200000000000014,-0.32899999999999996,1.6533333333333333,1.7496666666666665,2.2453333333333334,0.3651258562221065,0,0.5571732283586782,False,63.48741437778935,MEDIUM,logistic_regression_v1,2026-08-04 15:56:49.319068+00:00,0,VALIDATION
93707,2026-07-03 01:00:00+00:00,MODE_57HZ,1700.9,57.16,6.01,49.9,1.336,1.554,2.9,0.3679,2.291,-0.0029999999999998916,-0.248,1.099,1.4806666666666668,1.795,2.294,0.42457610098163956,0,0.5571732283586782,False,57.542389901836046,MEDIUM,logistic_regression_v1,2026-08-04 15:56:49.319068+00:00,0,VALIDATION
93707,2026-07-03 02:00:00+00:00,MODE_57HZ,1699.7,57.19,6.98,47.5,1.652,1.498,3.305,0.3875,2.6152,0.31299999999999994,-0.30400000000000005,1.5040000000000002,1.426,1.564,2.559,0.525581521787106,0,0.5571732283586782,False,47.44184782128939,MEDIUM,logistic_regression_v1,2026-08-04 15:56:49.319068+00:00,0,VALIDATION
93707,2026-07-03 03:00:00+00:00,MODE_57HZ,1701.7,57.16,5.69,48.1,1.688,2.023,2.537,0.3745,2.4551,0.349,0.22100000000000009,0.736,1.5586666666666666,1.6916666666666667,2.914,0.43869745226237317,0,0.5571732283586782,False,56.13025477376268,MEDIUM,logistic_regression_v1,2026-08-04 15:56:49.319068+00:00,0,VALIDATION
93707,2026-07-03 04:00:00+00:00,MODE_57HZ,1701.0,57.16,6.0,47.8,1.736,1.881,2.4,0.3872,2.5723,0.397,0.07899999999999996,0.599,1.692,1.8006666666666666,2.747333333333333,0.42210628112623905,0,0.5571732283586782,False,57.78937188737609,MEDIUM,logistic_regression_v1,2026-08-04 15:56:49.319068+00:00,0,VALIDATION
93707,2026-07-03 06:00:00+00:00,MODE_57HZ,1701.2,57.19,6.3,47.8,1.372,1.385,1.978,0.3872,2.5547,0.03300000000000014,-0.41700000000000004,0.17700000000000005,1.5986666666666667,1.7630000000000001,2.305,0.47913405552170235,0,0.5571732283586782,False,52.08659444782977,MEDIUM,logistic_regression_v1,2026-08-04 15:56:49.319068+00:00,0,VALIDATION
93707,2026-07-03 08:00:00+00:00,MODE_57HZ,1701.7,57.19,6.11,49.0,1.403,2.049,1.717,0.3638,2.291,0.06400000000000006,0.2469999999999999,-0.08399999999999985,1.5036666666666667,1.7716666666666667,2.0316666666666667,0.4398966547347265,0,0.5571732283586782,False,56.01033452652735,MEDIUM,logistic_regression_v1,2026-08-04 15:56:49.319068+00:00,0,VALIDATION
93707,2026-07-03 09:00:00+00:00,MODE_57HZ,1701.3,57.16,5.85,51.2,1.023,2.719,1.05,0.3845,2.5137,-0.31600000000000006,0.9169999999999998,-0.7509999999999999,1.266,2.051,1.5816666666666668,0.43248956958168716,0,0.5571732283586782,False,56.75104304183128,MEDIUM,logistic_regression_v1,2026-08-04 15:56:49.319068+00:00,0,VALIDATION
93707,2026-07-03 10:00:00+00:00,MODE_57HZ,1701.3,57.19,6.25,50.8,1.479,1.554,2.592,0.3674,2.4023,0.14000000000000012,-0.248,0.7910000000000001,1.3016666666666667,2.1073333333333335,1.7863333333333333,0.49506420948269075,0,0.5571732283586782,False,50.49357905173093,MEDIUM,logistic_regression_v1,2026-08-04 15:56:49.319068+00:00,0,VALIDATION
93707,2026-07-03 11:00:00+00:00,MODE_57HZ,1701.5,57.19,6.19,52.6,1.394,2.182,2.721,0.3623,2.4258,0.05499999999999994,0.3799999999999999,0.9200000000000002,1.2986666666666666,2.151666666666667,2.121,0.5550055464142367,0,0.5571732283586782,False,44.49944535857633,MEDIUM,logistic_regression_v1,2026-08-04 15:56:49.319068+00:00,0,VALIDATION
93707,2026-07-03 12:00:00+00:00,MODE_57HZ,1701.5,57.16,5.79,51.9,0.883,2.07,1.267,0.355,2.3477,-0.45599999999999996,0.2679999999999998,-0.534,1.252,1.9353333333333333,2.1933333333333334,0.46054419649838985,0,0.5571732283586782,False,53.945580350161016,MEDIUM,logistic_regression_v1,2026-08-04 15:56:49.319068+00:00,0,VALIDATION
93707,2026-07-03 13:00:00+00:00,MODE_57HZ,1701.8,57.19,6.06,52.2,1.623,1.706,1.837,0.3567,2.3906,0.28400000000000003,-0.09600000000000009,0.03600000000000003,1.3,1.986,1.9416666666666667,0.5351594295490313,0,0.5571732283586782,False,46.48405704509687,MEDIUM,logistic_regression_v1,2026-08-04 15:56:49.319068+00:00,0,VALIDATION
93707,2026-07-04 01:00:00+00:00,OTHER,1322.6,44.31,3.01,40.7,1.085,1.315,0.711,0.3765,2.6211,0.512,0.45299999999999996,0.11599999999999999,0.7243333333333333,1.3296666666666666,0.6506666666666667,0.7827748109799262,1,0.5571732283586782,True,21.72251890200738,HIGH,logistic_regression_v1,2026-08-04 15:56:49.319068+00:00,0,VALIDATION
93707,2026-07-04 05:00:00+00:00,OTHER,591.2,19.86,0.91,43.1,0.325,0.345,0.082,0.0516,0.2583,-0.24799999999999994,-0.517,-0.513,0.6393333333333333,1.0246666666666666,0.45166666666666666,0.5411440450480289,0,0.5571732283586782,False,45.88559549519711,MEDIUM,logistic_regression_v1,2026-08-04 15:56:49.319068+00:00,0,VALIDATION
93707,2026-07-04 09:00:00+00:00,OTHER,1070.6,35.94,2.7,44.8,0.736,0.977,0.557,0.2695,1.6572,0.16300000000000003,0.11499999999999999,-0.03799999999999992,0.7153333333333334,0.879,0.45,0.37043389141785044,0,0.5571732283586782,False,62.95661085821496,MEDIUM,logistic_regression_v1,2026-08-04 15:56:49.319068+00:00,0,VALIDATION
93707,2026-07-04 10:00:00+00:00,OTHER,1052.0,35.97,9.73,46.8,0.607,0.817,0.555,0.2617,1.6924,0.03400000000000003,-0.04500000000000004,-0.039999999999999925,0.556,0.713,0.398,0.3625967755992151,0,0.5571732283586782,False,63.74032244007849,MEDIUM,logistic_regression_v1,2026-08-04 15:56:49.319068+00:00,0,VALIDATION
93707,2026-07-04 12:00:00+00:00,OTHER,1071.1,35.97,2.86,49.8,0.564,0.937,0.917,0.2489,1.6973,-0.009000000000000008,0.07500000000000007,0.32200000000000006,0.6356666666666666,0.9103333333333333,0.6763333333333333,0.17900137208365555,0,0.5571732283586782,False,82.09986279163445,LOW,logistic_regression_v1,2026-08-04 15:56:49.319068+00:00,0,VALIDATION
93707,2026-07-04 13:00:00+00:00,OTHER,1062.0,35.94,5.78,50.5,0.834,1.086,0.475,0.3,1.9023,0.261,0.2240000000000001,-0.12,0.6683333333333333,0.9466666666666667,0.649,0.3852043617031211,0,0.5571732283586782,False,61.47956382968789,MEDIUM,logistic_regression_v1,2026-08-04 15:56:49.319068+00:00,0,VALIDATION
93707,2026-07-04 16:00:00+00:00,OTHER,1025.1,35.16,10.42,50.6,0.453,0.908,0.925,0.2122,1.3721,-0.11999999999999994,0.04600000000000004,0.33000000000000007,0.617,0.9770000000000001,0.7723333333333333,0.2986102208283302,0,0.5571732283586782,False,70.13897791716698,MEDIUM,logistic_regression_v1,2026-08-04 15:56:49.319068+00:00,0,VALIDATION
93707,2026-07-04 17:00:00+00:00,OTHER,1060.7,35.94,6.28,49.5,0.638,0.886,0.542,0.261,1.6826,0.06500000000000006,0.02400000000000002,-0.052999999999999936,0.6416666666666667,0.9600000000000001,0.6473333333333333,0.42724477961917623,0,0.5571732283586782,False,57.27552203808237,MEDIUM,logistic_regression_v1,2026-08-04 15:56:49.319068+00:00,0,VALIDATION
93707,2026-07-04 19:00:00+00:00,OTHER,1058.2,35.97,7.49,49.8,0.921,0.946,1.24,0.259,1.6094,0.3480000000000001,0.08399999999999996,0.645,0.6706666666666667,0.9133333333333333,0.9023333333333333,0.2196101529501465,0,0.5571732283586782,False,78.03898470498535,LOW,logistic_regression_v1,2026-08-04 15:56:49.319068+00:00,0,VALIDATION
93707,2026-07-05 03:00:00+00:00,OTHER,689.8,23.2,1.47,38.7,0.493,0.822,0.344,0.1868,1.4551,-0.07999999999999996,-0.040000000000000036,-0.251,0.684,0.8846666666666666,0.7086666666666667,0.41762321055430734,0,0.5571732283586782,False,58.23767894456926,MEDIUM,logistic_regression_v1,2026-08-04 15:56:49.319068+00:00,0,VALIDATION
93707,2026-07-05 04:00:00+00:00,OTHER,682.5,23.22,3.28,42.1,0.416,1.184,1.347,0.171,0.9639,-0.15699999999999997,0.32199999999999995,0.752,0.61,0.984,0.977,0.09417774576521376,0,0.5571732283586782,False,90.58222542347862,LOW,logistic_regression_v1,2026-08-04 15:56:49.319068+00:00,0,VALIDATION
93707,2026-07-05 11:00:00+00:00,OTHER,502.3,16.97,1.15,44.1,0.495,0.678,0.47,0.1586,1.0752,-0.07799999999999996,-0.18399999999999994,-0.125,0.46799999999999997,0.8946666666666666,0.7203333333333333,0.12344459990910867,0,0.5571732283586782,False,87.65554000908912,LOW,logistic_regression_v1,2026-08-04 15:56:49.319068+00:00,0,VALIDATION
93707,2026-07-05 12:00:00+00:00,OTHER,504.3,16.94,0.65,46.4,0.442,1.028,1.054,0.1538,0.9414,-0.13099999999999995,0.16600000000000004,0.4590000000000001,0.451,0.9633333333333334,0.957,0.032979598214926575,0,0.5571732283586782,False,96.70204017850735,LOW,logistic_regression_v1,2026-08-04 15:56:49.319068+00:00,0,VALIDATION
93707,2026-07-05 13:00:00+00:00,OTHER,504.0,16.97,0.87,48.6,0.455,0.725,0.527,0.157,1.0225,-0.11799999999999994,-0.137,-0.06799999999999995,0.464,0.8103333333333333,0.6836666666666666,0.07906766643844036,0,0.5571732283586782,False,92.09323335615596,LOW,logistic_regression_v1,2026-08-04 15:56:49.319068+00:00,0,VALIDATION
93707,2026-07-05 14:00:00+00:00,OTHER,503.1,16.97,1.01,48.8,0.582,1.003,1.128,0.1516,1.0693,0.009000000000000008,0.1409999999999999,0.5329999999999999,0.493,0.9186666666666666,0.903,0.044315759183250064,0,0.5571732283586782,False,95.56842408167499,LOW,logistic_regression_v1,2026-08-04 15:56:49.319068+00:00,0,VALIDATION
93707,2026-07-05 15:00:00+00:00,OTHER,141.3,4.89,0.26,53.6,0.159,0.394,0.389,0.0135,0.0874,-0.4139999999999999,-0.46799999999999997,-0.20599999999999996,0.39866666666666667,0.7073333333333333,0.6813333333333333,0.06053417112670907,0,0.5571732283586782,False,93.94658288732909,LOW,logistic_regression_v1,2026-08-04 15:56:49.319068+00:00,1,VALIDATION
93707,2026-07-05 17:00:00+00:00,OTHER,1002.4,33.78,3.74,45.0,0.421,0.597,0.784,0.2065,1.2295,-0.15199999999999997,-0.265,0.18900000000000006,0.3873333333333333,0.6646666666666666,0.767,0.11691817535587305,0,0.5571732283586782,False,88.3081824644127,LOW,logistic_regression_v1,2026-08-04 15:56:49.319068+00:00,1,VALIDATION
93707,2026-07-05 19:00:00+00:00,MODE_57HZ,1700.1,57.03,4.75,41.5,1.286,1.607,2.656,0.4351,2.7539,-0.052999999999999936,-0.19500000000000006,0.8550000000000002,1.264,1.7943333333333333,1.92,0.6636188009615365,1,0.5571732283586782,True,33.63811990384635,HIGH,logistic_regression_v1,2026-08-04 15:56:49.319068+00:00,1,VALIDATION
93707,2026-07-05 20:00:00+00:00,OTHER,1201.9,40.62,6.83,52.6,2.938,3.486,0.92,0.3967,2.6836,2.365,2.624,0.32500000000000007,1.1726666666666667,1.4923333333333335,0.6976666666666667,0.7046642749013798,1,0.5571732283586782,True,29.533572509862015,HIGH,logistic_regression_v1,2026-08-04 15:56:49.319068+00:00,0,VALIDATION
93707,2026-07-05 21:00:00+00:00,MODE_57HZ,1701.7,57.06,4.48,45.4,1.535,2.256,2.414,0.4202,2.6035,0.19599999999999995,0.45399999999999974,0.6130000000000002,1.4813333333333334,1.8563333333333332,2.3023333333333333,0.6084578538942444,1,0.5571732283586782,True,39.15421461057556,HIGH,logistic_regression_v1,2026-08-04 15:56:49.319068+00:00,0,VALIDATION
93707,2026-07-05 22:00:00+00:00,MODE_57HZ,1701.8,57.03,4.02,53.8,1.415,1.644,2.139,0.4119,2.6426,0.07600000000000007,-0.15800000000000014,0.33799999999999986,1.412,1.8356666666666666,2.403,0.32354134534467244,0,0.5571732283586782,False,67.64586546553275,MEDIUM,logistic_regression_v1,2026-08-04 15:56:49.319068+00:00,0,VALIDATION
93707,2026-07-06 02:00:00+00:00,MODE_50HZ,1496.9,50.06,,47.7,0.218,0.284,0.258,0.0302,0.2549,0.06,-0.04600000000000004,0.15100000000000002,0.21033333333333334,0.3883333333333333,0.16966666666666666,0.24612814339130296,0,0.5571732283586782,False,75.3871856608697,LOW,logistic_regression_v1,2026-08-04 15:56:49.319068+00:00,0,VALIDATION
93707,2026-07-06 03:00:00+00:00,OTHER,1007.9,33.78,1.88,41.9,1.474,0.898,0.976,0.261,1.7256,0.901,0.03600000000000003,0.381,1.611,1.6603333333333334,0.8933333333333333,0.2345445624022622,0,0.5571732283586782,False,76.54554375977378,LOW,logistic_regression_v1,2026-08-04 15:56:49.319068+00:00,0,VALIDATION
93707,2026-07-06 04:00:00+00:00,MODE_57HZ,1700.9,57.12,5.64,43.7,1.469,2.094,0.929,0.4258,2.5078,0.13000000000000012,0.2919999999999998,-0.8719999999999999,1.473,1.9979999999999998,1.8273333333333333,0.3646839098776426,0,0.5571732283586782,False,63.531609012235734,MEDIUM,logistic_regression_v1,2026-08-04 15:56:49.319068+00:00,0,VALIDATION
93707,2026-07-06 05:00:00+00:00,MODE_57HZ,1701.5,57.12,5.37,44.8,1.139,1.529,2.477,0.4338,2.5625,-0.19999999999999996,-0.27300000000000013,0.6759999999999999,1.341,1.7556666666666665,1.8483333333333332,0.6323264683504503,1,0.5571732283586782,True,36.767353164954976,HIGH,logistic_regression_v1,2026-08-04 15:56:49.319068+00:00,0,VALIDATION
93707,2026-07-06 11:00:00+00:00,MODE_57HZ,1701.5,57.09,4.97,45.2,1.355,1.743,2.16,0.4194,2.6895,0.016000000000000014,-0.05899999999999994,0.3590000000000002,1.321,1.7886666666666666,1.8553333333333333,0.5258382392568104,0,0.5571732283586782,False,47.41617607431896,MEDIUM,logistic_regression_v1,2026-08-04 15:56:49.319068+00:00,0,VALIDATION
93707,2026-07-06 12:00:00+00:00,MODE_57HZ,1701.0,57.09,5.19,47.6,1.361,1.409,1.216,0.375,2.2441,0.02200000000000002,-0.393,-0.585,1.285,1.5603333333333333,1.951,0.3937381920680569,0,0.5571732283586782,False,60.62618079319431,MEDIUM,logistic_regression_v1,2026-08-04 15:56:49.319068+00:00,0,VALIDATION
93707,2026-07-06 13:00:00+00:00,MODE_57HZ,1701.4,57.12,5.4,50.2,1.064,1.824,1.75,0.3926,2.5371,-0.2749999999999999,0.02200000000000002,-0.050999999999999934,1.26,1.6586666666666667,1.7086666666666668,0.4915508974147628,0,0.5571732283586782,False,50.84491025852371,MEDIUM,logistic_regression_v1,2026-08-04 15:56:49.319068+00:00,0,VALIDATION
93707,2026-07-06 14:00:00+00:00,MODE_57HZ,1701.4,57.12,5.39,50.6,1.358,1.953,1.107,0.4065,2.5898,0.019000000000000128,0.15100000000000002,-0.694,1.2610000000000001,1.7286666666666668,1.3576666666666666,0.4443161641402619,0,0.5571732283586782,False,55.568383585973805,MEDIUM,logistic_regression_v1,2026-08-04 15:56:49.319068+00:00,0,VALIDATION
93707,2026-07-06 16:00:00+00:00,MODE_57HZ,1698.9,57.09,6.08,50.2,0.981,1.844,1.36,0.4019,2.3926,-0.358,0.04200000000000004,-0.44099999999999984,1.1343333333333334,1.8736666666666668,1.4056666666666666,0.5186828914281866,0,0.5571732283586782,False,48.13171085718134,MEDIUM,logistic_regression_v1,2026-08-04 15:56:49.319068+00:00,0,VALIDATION
93707,2026-07-06 19:00:00+00:00,MODE_57HZ,1701.5,57.06,4.54,46.4,1.142,1.609,1.087,0.3953,2.4434,-0.19700000000000006,-0.19300000000000006,-0.714,1.1603333333333334,1.802,1.1846666666666668,0.5567037958571517,0,0.5571732283586782,False,44.32962041428483,MEDIUM,logistic_regression_v1,2026-08-04 15:56:49.319068+00:00,0,VALIDATION
93707,2026-07-06 20:00:00+00:00,MODE_57HZ,1701.1,57.06,4.73,47.2,1.371,1.796,1.176,0.4189,2.4551,0.03200000000000003,-0.006000000000000005,-0.625,1.1646666666666667,1.7496666666666667,1.2076666666666667,0.5386069616172329,0,0.5571732283586782,False,46.13930383827671,MEDIUM,logistic_regression_v1,2026-08-04 15:56:49.319068+00:00,0,VALIDATION
93707,2026-07-06 21:00:00+00:00,MODE_57HZ,1701.6,57.06,4.52,47.8,1.317,1.479,2.514,0.3926,2.543,-0.02200000000000002,-0.32299999999999995,0.7129999999999999,1.2766666666666666,1.6280000000000001,1.5923333333333332,0.5400063674625974,0,0.5571732283586782,False,45.999363253740256,MEDIUM,logistic_regression_v1,2026-08-04 15:56:49.319068+00:00,0,VALIDATION
93707,2026-07-06 23:00:00+00:00,OTHER,580.7,20.34,,48.0,0.181,0.312,0.179,0.0134,0.1064,-0.39199999999999996,-0.55,-0.416,1.5310000000000001,1.5653333333333335,0.6916666666666667,0.5174673052036162,0,0.5571732283586782,False,48.253269479638384,MEDIUM,logistic_regression_v1,2026-08-04 15:56:49.319068+00:00,0,VALIDATION
93707,2026-07-07 00:00:00+00:00,MODE_57HZ,1701.2,57.06,4.69,46.4,0.964,2.209,0.956,0.4314,2.877,-0.375,0.40700000000000003,-0.845,1.2173333333333334,1.828,1.5486666666666666,0.5871202061051384,1,0.5571732283586782,True,41.28797938948616,HIGH,logistic_regression_v1,2026-08-04 15:56:49.319068+00:00,0,VALIDATION
93707,2026-07-07 01:00:00+00:00,MODE_57HZ,1700.9,57.06,4.81,45.7,0.863,1.396,2.049,0.3748,2.5312,-0.476,-0.40600000000000014,0.248,1.048,1.6946666666666668,1.8396666666666666,0.6063759573666716,1,0.5571732283586782,True,39.36240426333284,HIGH,logistic_regression_v1,2026-08-04 15:56:49.319068+00:00,0,VALIDATION
93707,2026-07-07 03:00:00+00:00,OTHER,592.8,19.92,0.97,50.3,0.67,1.029,0.595,0.2773,1.7861,0.09700000000000009,0.16699999999999993,0.0,0.775,0.7463333333333333,0.5833333333333334,0.11431954128889499,0,0.5571732283586782,False,88.5680458711105,LOW,logistic_regression_v1,2026-08-04 15:56:49.319068+00:00,0,VALIDATION
93707,2026-07-07 04:00:00+00:00,MODE_57HZ,1700.9,57.19,6.43,40.4,1.285,3.146,2.236,0.4458,2.7715,-0.05400000000000005,1.3439999999999999,0.4350000000000003,1.0373333333333332,2.2503333333333333,1.747,0.621451884747286,1,0.5571732283586782,True,37.8548115252714,HIGH,logistic_regression_v1,2026-08-04 15:56:49.319068+00:00,0,VALIDATION
93707,2026-07-07 05:00:00+00:00,MODE_57HZ,1700.7,57.19,6.51,44.6,1.007,1.624,1.663,0.4214,2.7109,-0.3320000000000001,-0.17799999999999994,-0.1379999999999999,1.0516666666666665,2.0553333333333335,1.9826666666666668,0.6002927119192837,1,0.5571732283586782,True,39.970728808071634,HIGH,logistic_regression_v1,2026-08-04 15:56:49.319068+00:00,0,VALIDATION
93707,2026-07-07 09:00:00+00:00,MODE_57HZ,1701.8,57.22,6.47,49.6,1.227,1.653,1.583,0.3987,2.4512,-0.11199999999999988,-0.14900000000000002,-0.21799999999999997,1.173,2.141,1.8273333333333335,0.44464742687258,0,0.5571732283586782,False,55.535257312742004,MEDIUM,logistic_regression_v1,2026-08-04 15:56:49.319068+00:00,0,VALIDATION
93707,2026-07-07 12:00:00+00:00,MODE_57HZ,1701.7,57.19,6.09,45.2,1.301,1.454,1.838,0.415,2.6152,-0.038000000000000034,-0.3480000000000001,0.037000000000000144,1.1783333333333332,1.577,1.6946666666666668,0.47239933720966343,0,0.5571732283586782,False,52.76006627903366,MEDIUM,logistic_regression_v1,2026-08-04 15:56:49.319068+00:00,0,VALIDATION
93707,2026-07-07 13:00:00+00:00,OTHER,602.0,20.22,0.92,48.9,0.72,0.938,0.603,0.397,2.3203,0.14700000000000002,0.07599999999999996,0.008000000000000007,0.5236666666666667,0.7596666666666666,0.45899999999999996,0.2386355006739983,0,0.5571732283586782,False,76.13644993260017,LOW,logistic_regression_v1,2026-08-04 15:56:49.319068+00:00,0,VALIDATION
93707,2026-07-07 14:00:00+00:00,MODE_57HZ,1700.3,57.22,7.11,50.7,0.951,1.691,2.029,0.377,2.4082,-0.388,-0.11099999999999999,0.22799999999999998,1.1596666666666666,1.5993333333333333,1.8166666666666667,0.6348967298876772,1,0.5571732283586782,True,36.51032701123228,HIGH,logistic_regression_v1,2026-08-04 15:56:49.319068+00:00,0,VALIDATION
93707,2026-07-07 15:00:00+00:00,MODE_57HZ,1701.5,57.25,7.0,51.5,1.464,1.725,1.154,0.3821,2.4707,0.125,-0.07699999999999996,-0.647,1.2386666666666666,1.6233333333333333,1.6736666666666666,0.4532070498963957,0,0.5571732283586782,False,54.67929501036043,MEDIUM,logistic_regression_v1,2026-08-04 15:56:49.319068+00:00,0,VALIDATION
93707,2026-07-07 17:00:00+00:00,MODE_57HZ,1701.9,57.22,6.41,51.2,1.082,1.785,1.614,0.3804,2.3926,-0.2569999999999999,-0.017000000000000126,-0.18699999999999983,1.1656666666666666,1.7336666666666667,1.599,0.5180200630073696,0,0.5571732283586782,False,48.197993699263044,MEDIUM,logistic_regression_v1,2026-08-04 15:56:49.319068+00:00,0,VALIDATION
93707,2026-07-07 20:00:00+00:00,MODE_57HZ,1701.6,57.25,6.92,49.1,1.259,1.893,1.678,0.3674,2.2793,-0.08000000000000007,0.09099999999999997,-0.123,1.2683333333333333,1.801,1.482,0.5633244928246344,1,0.5571732283586782,True,43.667550717536564,HIGH,logistic_regression_v1,2026-08-04 15:56:49.319068+00:00,0,VALIDATION
93707,2026-07-07 21:00:00+00:00,MODE_57HZ,1701.3,57.22,6.69,48.7,1.306,1.331,2.383,0.4019,2.4082,-0.03299999999999992,-0.4710000000000001,0.5820000000000001,1.2156666666666667,1.6696666666666666,1.8916666666666666,0.5258350455088915,0,0.5571732283586782,False,47.416495449110855,MEDIUM,logistic_regression_v1,2026-08-04 15:56:49.319068+00:00,0,VALIDATION
93707,2026-07-07 22:00:00+00:00,MODE_57HZ,1699.8,57.22,7.34,46.6,1.858,1.736,1.159,0.3933,2.4434,0.5190000000000001,-0.06600000000000006,-0.6419999999999999,1.4743333333333333,1.6533333333333333,1.74,0.44005735415289915,0,0.5571732283586782,False,55.99426458471009,MEDIUM,logistic_regression_v1,2026-08-04 15:56:49.319068+00:00,0,VALIDATION
93707,2026-07-07 23:00:00+00:00,MODE_57HZ,1700.3,57.22,7.12,47.2,1.737,1.589,1.892,0.4048,2.5605,0.39800000000000013,-0.21300000000000008,0.09099999999999997,1.6336666666666668,1.552,1.8113333333333332,0.4665208949632994,0,0.5571732283586782,False,53.34791050367006,MEDIUM,logistic_regression_v1,2026-08-04 15:56:49.319068+00:00,0,VALIDATION
93707,2026-07-08 03:00:00+00:00,MODE_57HZ,1701.4,57.22,6.63,43.9,1.397,1.719,1.818,0.4009,2.625,0.05800000000000005,-0.08299999999999996,0.017000000000000126,1.6640000000000001,1.6813333333333333,1.623,0.5466763242141479,0,0.5571732283586782,False,45.332367578585206,MEDIUM,logistic_regression_v1,2026-08-04 15:56:49.319068+00:00,0,VALIDATION
93707,2026-07-08 04:00:00+00:00,MODE_57HZ,1701.5,57.22,6.6,45.3,1.164,1.715,1.416,0.4094,2.5293,-0.17500000000000004,-0.08699999999999997,-0.385,1.4326666666666668,1.6743333333333335,1.7086666666666666,0.5647653198872956,1,0.5571732283586782,True,43.52346801127044,HIGH,logistic_regression_v1,2026-08-04 15:56:49.319068+00:00,0,VALIDATION
93707,2026-07-08 06:00:00+00:00,MODE_57HZ,1701.3,57.22,6.69,47.7,0.952,1.475,2.17,0.395,2.5703,-0.387,-0.32699999999999996,0.369,1.171,1.6363333333333334,1.8013333333333332,0.5831693152595322,1,0.5571732283586782,True,41.68306847404678,HIGH,logistic_regression_v1,2026-08-04 15:56:49.319068+00:00,1,VALIDATION
93707,2026-07-08 07:00:00+00:00,MODE_57HZ,1699.9,57.22,7.27,47.4,1.44,1.356,2.244,0.4009,2.6152,0.10099999999999998,-0.44599999999999995,0.4430000000000003,1.1853333333333333,1.5153333333333334,1.9433333333333334,0.5365597043481288,0,0.5571732283586782,False,46.344029565187114,MEDIUM,logistic_regression_v1,2026-08-04 15:56:49.319068+00:00,1,VALIDATION
93707,2026-07-08 09:00:00+00:00,MODE_57HZ,1701.1,57.25,7.18,49.0,1.142,1.752,2.135,0.377,2.4082,-0.19700000000000006,-0.050000000000000044,0.33399999999999985,1.178,1.5276666666666667,2.183,0.5192920636290687,0,0.5571732283586782,False,48.07079363709313,MEDIUM,logistic_regression_v1,2026-08-04 15:56:49.319068+00:00,1,VALIDATION
93707,2026-07-08 10:00:00+00:00,MODE_57HZ,1702.1,57.25,6.74,49.0,1.356,2.807,2.992,0.4048,2.6055,0.017000000000000126,1.005,1.191,1.3126666666666666,1.9716666666666667,2.457,0.45048057717858825,0,0.5571732283586782,False,54.951942282141175,MEDIUM,logistic_regression_v1,2026-08-04 15:56:49.319068+00:00,0,VALIDATION
93707,2026-07-08 11:00:00+00:00,MODE_57HZ,1701.1,57.25,7.14,50.2,1.411,3.111,2.799,0.4202,2.6855,0.07200000000000006,1.3090000000000002,0.998,1.303,2.5566666666666666,2.642,0.6052952154750753,1,0.5571732283586782,True,39.47047845249247,HIGH,logistic_regression_v1,2026-08-04 15:56:49.319068+00:00,0,VALIDATION
93707,2026-07-08 12:00:00+00:00,MODE_57HZ,1701.3,57.25,7.06,55.7,1.142,3.279,2.307,0.3933,2.5723,-0.19700000000000006,1.4769999999999999,0.506,1.303,3.0656666666666665,2.699333333333333,0.6997901846501473,1,0.5571732283586782,True,30.020981534985268,HIGH,logistic_regression_v1,2026-08-04 15:56:49.319068+00:00,0,VALIDATION
93707,2026-07-08 13:00:00+00:00,MODE_57HZ,1701.3,57.25,7.08,51.6,1.052,1.729,1.646,0.3723,2.4512,-0.2869999999999999,-0.07299999999999995,-0.15500000000000003,1.2016666666666667,2.7063333333333333,2.2506666666666666,0.6280991621230995,1,0.5571732283586782,True,37.19008378769006,HIGH,logistic_regression_v1,2026-08-04 15:56:49.319068+00:00,0,VALIDATION
93707,2026-07-08 14:00:00+00:00,MODE_57HZ,1701.4,57.25,7.04,52.1,1.342,1.749,1.89,0.3909,2.5391,0.0030000000000001137,-0.052999999999999936,0.08899999999999997,1.1786666666666668,2.2523333333333335,1.9476666666666667,0.6003705743486913,1,0.5571732283586782,True,39.96294256513087,HIGH,logistic_regression_v1,2026-08-04 15:56:49.319068+00:00,0,VALIDATION
93707,2026-07-08 16:00:00+00:00,MODE_57HZ,1701.5,57.25,6.98,52.0,0.933,2.172,0.881,0.3684,2.3965,-0.4059999999999999,0.3700000000000001,-0.9199999999999999,1.109,1.8833333333333335,1.4723333333333333,0.5527794447875732,0,0.5571732283586782,False,44.72205552124267,MEDIUM,logistic_regression_v1,2026-08-04 15:56:49.319068+00:00,0,VALIDATION
93707,2026-07-08 19:00:00+00:00,MODE_57HZ,1700.6,57.22,6.99,47.0,1.425,2.139,1.962,0.4021,2.7285,0.08600000000000008,0.33699999999999974,0.16100000000000003,1.2333333333333334,2.02,1.5776666666666666,0.6821838572177381,1,0.5571732283586782,True,31.78161427822619,HIGH,logistic_regression_v1,2026-08-04 15:56:49.319068+00:00,0,VALIDATION
93707,2026-07-08 20:00:00+00:00,MODE_57HZ,1701.4,57.22,6.61,48.2,1.583,1.349,1.76,0.4048,2.6719,0.244,-0.45300000000000007,-0.040999999999999925,1.3136666666666668,1.8866666666666667,1.5343333333333333,0.660928685049024,1,0.5571732283586782,True,33.907131495097595,HIGH,logistic_regression_v1,2026-08-04 15:56:49.319068+00:00,0,VALIDATION
93707,2026-07-08 21:00:00+00:00,OTHER,600.2,20.58,3.54,48.0,0.609,0.843,0.548,0.3054,2.0625,0.03600000000000003,-0.019000000000000017,-0.04699999999999993,0.6663333333333333,0.9366666666666666,0.582,0.6858568596024792,1,0.5571732283586782,True,31.414314039752078,HIGH,logistic_regression_v1,2026-08-04 15:56:49.319068+00:00,0,VALIDATION
93707,2026-07-08 22:00:00+00:00,OTHER,598.5,20.12,1.05,49.2,0.627,1.003,0.525,0.293,1.8086,0.05400000000000005,0.1409999999999999,-0.06999999999999995,0.652,0.9279999999999999,0.5586666666666666,0.4800155497393214,0,0.5571732283586782,False,51.998445026067856,MEDIUM,logistic_regression_v1,2026-08-04 15:56:49.319068+00:00,0,VALIDATION
93707,2026-07-08 23:00:00+00:00,MODE_50HZ,1465.3,49.97,,57.3,0.199,0.321,0.091,0.0152,0.1044,0.04100000000000001,-0.009000000000000008,-0.016,0.21,0.287,0.148,0.7518293744117515,1,0.5571732283586782,True,24.817062558824855,HIGH,logistic_regression_v1,2026-08-04 15:56:49.319068+00:00,0,VALIDATION
93707,2026-07-09 00:00:00+00:00,MODE_57HZ,1701.8,57.22,6.44,43.5,1.126,2.303,2.062,0.429,2.7129,-0.21300000000000008,0.5009999999999999,0.2609999999999999,1.378,1.9303333333333332,1.928,0.5604091153195583,1,0.5571732283586782,True,43.95908846804417,HIGH,logistic_regression_v1,2026-08-04 15:56:49.319068+00:00,1,VALIDATION
93707,2026-07-09 02:00:00+00:00,MODE_57HZ,1701.6,57.22,6.53,46.4,1.838,1.695,1.577,0.384,2.6035,0.4990000000000001,-0.10699999999999998,-0.22399999999999998,1.5156666666666667,1.7823333333333333,1.7996666666666665,0.6041936606780404,1,0.5571732283586782,True,39.580633932195965,HIGH,logistic_regression_v1,2026-08-04 15:56:49.319068+00:00,1,VALIDATION
93707,2026-07-09 04:00:00+00:00,MODE_57HZ,1699.9,57.22,7.26,43.4,1.484,1.615,2.426,0.4102,2.6133,0.14500000000000002,-0.18700000000000006,0.6250000000000002,1.4826666666666666,1.871,2.0216666666666665,0.4907380543923809,0,0.5571732283586782,False,50.92619456076191,MEDIUM,logistic_regression_v1,2026-08-04 15:56:49.319068+00:00,1,VALIDATION
93707,2026-07-09 05:00:00+00:00,OTHER,593.9,19.94,0.85,44.7,1.16,2.393,0.702,0.3865,2.7051,0.587,1.5309999999999997,0.10699999999999998,0.7986666666666666,1.4129999999999998,0.5916666666666667,0.3262451193545908,0,0.5571732283586782,False,67.37548806454092,MEDIUM,logistic_regression_v1,2026-08-04 15:56:49.319068+00:00,0,VALIDATION
93707,2026-07-09 06:00:00+00:00,MODE_57HZ,1701.2,57.19,6.3,49.7,1.632,1.578,1.035,0.4055,2.7754,0.2929999999999999,-0.22399999999999998,-0.766,1.6513333333333333,1.6293333333333333,1.6793333333333333,0.5245099616671637,0,0.5571732283586782,False,47.549003833283635,MEDIUM,logistic_regression_v1,2026-08-04 15:56:49.319068+00:00,0,VALIDATION
93707,2026-07-09 07:00:00+00:00,MODE_57HZ,1701.2,57.22,6.71,42.2,1.397,1.676,1.837,0.4417,2.7656,0.05800000000000005,-0.1260000000000001,0.03600000000000003,1.5043333333333333,1.623,1.766,0.43856881481279664,0,0.5571732283586782,False,56.143118518720335,MEDIUM,logistic_regression_v1,2026-08-04 15:56:49.319068+00:00,0,VALIDATION
93707,2026-07-09 11:00:00+00:00,MODE_57HZ,1699.9,57.25,7.68,46.2,1.206,1.451,1.629,0.4126,2.666,-0.133,-0.351,-0.17199999999999993,1.4116666666666666,1.5683333333333334,1.5003333333333333,0.6901993437085687,1,0.5571732283586782,True,30.980065629143127,HIGH,logistic_regression_v1,2026-08-04 15:56:49.319068+00:00,0,VALIDATION
93707,2026-07-09 12:00:00+00:00,MODE_57HZ,1701.6,57.25,6.95,49.8,1.216,2.039,2.533,0.3909,2.6328,-0.123,0.2370000000000001,0.732,1.273,1.722,1.9996666666666667,0.5794503184294661,1,0.5571732283586782,True,42.05496815705339,HIGH,logistic_regression_v1,2026-08-04 15:56:49.319068+00:00,0,VALIDATION
93707,2026-07-09 15:00:00+00:00,MODE_57HZ,1701.6,57.19,6.15,45.9,1.833,1.534,2.76,0.4177,2.5273,0.494,-0.268,0.9589999999999999,1.4183333333333332,1.6746666666666667,2.3073333333333332,0.357618710851105,0,0.5571732283586782,False,64.23812891488949,MEDIUM,logistic_regression_v1,2026-08-04 15:56:49.319068+00:00,0,VALIDATION
93707,2026-07-09 17:00:00+00:00,MODE_57HZ,1700.2,57.22,7.14,51.5,1.09,1.56,1.331,0.3928,2.7148,-0.2489999999999999,-0.242,-0.47,1.3796666666666666,1.711,2.2079999999999997,0.5949480369585006,1,0.5571732283586782,True,40.50519630414994,HIGH,logistic_regression_v1,2026-08-04 15:56:49.319068+00:00,0,VALIDATION
93707,2026-07-09 20:00:00+00:00,MODE_57HZ,1700.8,57.22,6.9,47.8,0.96,1.71,1.581,0.3838,2.3906,-0.379,-0.09200000000000008,-0.21999999999999997,1.2943333333333333,1.6013333333333333,1.8906666666666665,0.4760765768287343,0,0.5571732283586782,False,52.39234231712657,MEDIUM,logistic_regression_v1,2026-08-04 15:56:49.319068+00:00,0,VALIDATION
93707,2026-07-09 21:00:00+00:00,MODE_57HZ,1701.3,57.22,6.68,48.8,1.123,1.296,2.979,0.4011,2.4609,-0.21599999999999997,-0.506,1.1780000000000002,1.0576666666666668,1.522,1.9636666666666667,0.6058928387233307,1,0.5571732283586782,True,39.41071612766693,HIGH,logistic_regression_v1,2026-08-04 15:56:49.319068+00:00,0,VALIDATION
93707,2026-07-10 00:00:00+00:00,MODE_57HZ,1700.8,57.22,6.88,45.8,1.117,1.621,2.117,0.4026,2.6777,-0.22199999999999998,-0.18100000000000005,0.31600000000000006,1.0666666666666667,1.5423333333333333,2.2256666666666667,0.5724591247369022,1,0.5571732283586782,True,42.75408752630978,HIGH,logistic_regression_v1,2026-08-04 15:56:49.319068+00:00,0,VALIDATION
93707,2026-07-10 01:00:00+00:00,MODE_50HZ,1494.7,50.0,,47.3,0.139,0.361,0.088,0.0162,0.125,-0.01899999999999999,0.030999999999999972,-0.019000000000000003,0.18533333333333335,0.322,0.14566666666666667,0.40074388628837665,0,0.5571732283586782,False,59.92561137116233,MEDIUM,logistic_regression_v1,2026-08-04 15:56:49.319068+00:00,0,VALIDATION
93707,2026-07-10 03:00:00+00:00,MODE_57HZ,1700.7,57.22,6.92,45.0,0.913,1.939,1.73,0.4146,2.6387,-0.42599999999999993,0.137,-0.07099999999999995,1.051,1.6186666666666667,2.275333333333333,0.5951139238877444,1,0.5571732283586782,True,40.48860761122556,HIGH,logistic_regression_v1,2026-08-04 15:56:49.319068+00:00,0,VALIDATION
93707,2026-07-10 04:00:00+00:00,MODE_57HZ,1699.8,57.22,7.33,43.5,1.415,2.209,2.086,0.4087,2.5957,0.07600000000000007,0.40700000000000003,0.2849999999999999,1.1483333333333334,1.923,1.9776666666666667,0.6063437333479341,1,0.5571732283586782,True,39.36562666520659,HIGH,logistic_regression_v1,2026-08-04 15:56:49.319068+00:00,0,VALIDATION
93707,2026-07-10 06:00:00+00:00,MODE_57HZ,1701.6,57.22,6.54,41.1,1.28,1.568,2.791,0.4395,2.7012,-0.05899999999999994,-0.23399999999999999,0.99,1.2026666666666668,1.9053333333333333,2.2023333333333333,0.5875852880544206,1,0.5571732283586782,True,41.241471194557946,HIGH,logistic_regression_v1,2026-08-04 15:56:49.319068+00:00,0,VALIDATION
93707,2026-07-10 08:00:00+00:00,OTHER,636.3,21.38,1.06,54.1,0.528,0.407,0.255,0.0621,0.3901,-0.04499999999999993,-0.455,-0.33999999999999997,0.7716666666666666,1.2676666666666665,0.494,0.48189765873232,0,0.5571732283586782,False,51.810234126767995,MEDIUM,logistic_regression_v1,2026-08-04 15:56:49.319068+00:00,0,VALIDATION
93707,2026-07-10 09:00:00+00:00,MODE_57HZ,1700.5,57.09,5.39,46.9,1.438,2.09,1.796,0.3735,2.416,0.09899999999999998,0.2879999999999998,-0.004999999999999893,1.3776666666666666,1.9556666666666667,2.2243333333333335,0.5761853881440008,1,0.5571732283586782,True,42.381461185599925,HIGH,logistic_regression_v1,2026-08-04 15:56:49.319068+00:00,0,VALIDATION
93707,2026-07-10 10:00:00+00:00,MODE_57HZ,1701.4,57.12,5.4,49.1,1.228,1.405,1.468,0.3818,2.5039,-0.11099999999999999,-0.397,-0.33299999999999996,1.3153333333333332,1.6876666666666666,2.0183333333333335,0.3916381963132216,0,0.5571732283586782,False,60.83618036867784,MEDIUM,logistic_regression_v1,2026-08-04 15:56:49.319068+00:00,0,TEST
93707,2026-07-10 11:00:00+00:00,MODE_50HZ,1439.4,50.03,30.75,60.6,0.129,0.37,0.107,0.0137,0.3589,-0.028999999999999998,0.03999999999999998,0.0,0.15566666666666668,0.3506666666666667,0.09533333333333333,0.91204169275858,1,0.5571732283586782,True,8.795830724141995,HIGH,logistic_regression_v1,2026-08-04 15:56:49.319068+00:00,0,TEST
93707,2026-07-10 19:00:00+00:00,MODE_57HZ,1701.6,57.0,3.68,43.0,1.003,1.535,1.618,0.4102,2.8828,-0.3360000000000001,-0.2670000000000001,-0.18299999999999983,1.2229999999999999,1.6766666666666665,1.6273333333333333,0.5486835337266747,0,0.5571732283586782,False,45.131646627332536,MEDIUM,logistic_regression_v1,2026-08-04 15:56:49.319068+00:00,0,TEST
93707,2026-07-10 21:00:00+00:00,MODE_57HZ,1701.2,57.0,3.87,45.2,0.959,2.17,1.085,0.4329,2.6191,-0.38,0.3679999999999999,-0.716,1.0633333333333332,1.7033333333333334,1.3903333333333334,0.5396288994613011,0,0.5571732283586782,False,46.03711005386989,MEDIUM,logistic_regression_v1,2026-08-04 15:56:49.319068+00:00,0,TEST
93707,2026-07-10 22:00:00+00:00,MODE_57HZ,1699.6,57.0,4.55,45.2,1.373,2.492,1.801,0.4133,2.625,0.03400000000000003,0.69,0.0,1.1116666666666666,2.0656666666666665,1.5013333333333334,0.5169947357486079,0,0.5571732283586782,False,48.30052642513921,MEDIUM,logistic_regression_v1,2026-08-04 15:56:49.319068+00:00,0,TEST
93707,2026-07-10 23:00:00+00:00,MODE_57HZ,1699.9,57.0,4.45,45.4,1.343,1.512,2.186,0.3853,2.4082,0.0040000000000000036,-0.29000000000000004,0.385,1.225,2.058,1.6906666666666665,0.5545143195423016,0,0.5571732283586782,False,44.54856804576984,MEDIUM,logistic_regression_v1,2026-08-04 15:56:49.319068+00:00,0,TEST
93707,2026-07-11 00:00:00+00:00,MODE_57HZ,1701.2,57.0,3.84,45.6,1.1,1.667,1.579,0.3994,2.418,-0.23899999999999988,-0.135,-0.22199999999999998,1.272,1.8903333333333334,1.8553333333333333,0.40997545620653475,0,0.5571732283586782,False,59.002454379346524,MEDIUM,logistic_regression_v1,2026-08-04 15:56:49.319068+00:00,0,TEST
93707,2026-07-11 01:00:00+00:00,MODE_57HZ,1700.9,57.0,3.99,45.5,1.505,1.802,1.944,0.3921,2.3711,0.16599999999999993,0.0,0.14300000000000002,1.316,1.6603333333333334,1.903,0.4271543224506588,0,0.5571732283586782,False,57.284567754934116,MEDIUM,logistic_regression_v1,2026-08-04 15:56:49.319068+00:00,0,TEST
93707,2026-07-11 05:00:00+00:00,MODE_57HZ,1699.8,57.0,4.45,42.1,1.661,1.537,2.875,0.4473,2.8398,0.32200000000000006,-0.2650000000000001,1.074,1.422,1.6686666666666667,2.1326666666666667,0.5264397206125355,0,0.5571732283586782,False,47.35602793874645,MEDIUM,logistic_regression_v1,2026-08-04 15:56:49.319068+00:00,0,TEST
93707,2026-07-11 07:00:00+00:00,OTHER,165.8,5.71,0.31,45.4,0.318,0.267,0.19,0.0361,0.2505,-0.25499999999999995,-0.595,-0.40499999999999997,0.6686666666666666,1.0223333333333333,0.3823333333333333,0.2538689231977332,0,0.5571732283586782,False,74.61310768022669,LOW,logistic_regression_v1,2026-08-04 15:56:49.319068+00:00,0,TEST
93707,2026-07-11 12:00:00+00:00,OTHER,603.5,20.39,1.68,50.2,0.166,0.431,0.135,0.0186,0.1328,-0.4069999999999999,-0.431,-0.45999999999999996,0.3373333333333334,0.36833333333333335,0.19333333333333333,0.13414337225077874,0,0.5571732283586782,False,86.58566277492213,LOW,logistic_regression_v1,2026-08-04 15:56:49.319068+00:00,0,TEST
93707,2026-07-11 17:00:00+00:00,OTHER,629.3,21.11,0.83,47.5,0.617,0.79,0.579,0.1877,1.1982,0.04400000000000004,-0.07199999999999995,-0.016000000000000014,0.367,0.496,0.30133333333333334,0.08504655559937938,0,0.5571732283586782,False,91.49534444006207,LOW,logistic_regression_v1,2026-08-04 15:56:49.319068+00:00,0,TEST
93707,2026-07-11 18:00:00+00:00,MODE_50HZ,1476.4,50.0,,49.4,0.124,0.312,0.095,0.0152,0.1274,-0.034,-0.018000000000000016,-0.011999999999999997,0.13066666666666668,0.3476666666666667,0.09666666666666666,0.33230593372886424,0,0.5571732283586782,False,66.76940662711357,MEDIUM,logistic_regression_v1,2026-08-04 15:56:49.319068+00:00,0,TEST
93707,2026-07-11 19:00:00+00:00,MODE_57HZ,1701.5,57.12,5.34,42.8,1.543,2.393,1.784,0.4426,2.7012,0.20399999999999996,0.5909999999999997,-0.016999999999999904,1.5696666666666665,1.9106666666666665,2.201,0.4787451264145889,0,0.5571732283586782,False,52.125487358541115,MEDIUM,logistic_regression_v1,2026-08-04 15:56:49.319068+00:00,0,TEST
93707,2026-07-11 20:00:00+00:00,MODE_57HZ,1699.9,57.12,6.05,44.2,1.047,2.156,2.215,0.3845,2.4844,-0.29200000000000004,0.3540000000000001,0.4139999999999999,1.417,2.0286666666666666,2.291333333333333,0.5516813145167345,0,0.5571732283586782,False,44.83186854832655,MEDIUM,logistic_regression_v1,2026-08-04 15:56:49.319068+00:00,0,TEST
93707,2026-07-11 23:00:00+00:00,OTHER,1260.2,42.28,3.46,41.7,0.609,1.042,0.778,0.354,2.2109,0.03600000000000003,0.18000000000000005,0.18300000000000005,0.464,0.7543333333333334,0.49733333333333335,0.35803038949375193,0,0.5571732283586782,False,64.19696105062481,MEDIUM,logistic_regression_v1,2026-08-04 15:56:49.319068+00:00,0,TEST
93707,2026-07-12 00:00:00+00:00,OTHER,1008.7,33.72,0.96,41.6,1.628,0.951,0.885,0.2549,1.6104,1.055,0.08899999999999997,0.29000000000000004,0.9513333333333333,0.9276666666666666,0.7473333333333333,0.61689300990938,1,0.5571732283586782,True,38.310699009062,HIGH,logistic_regression_v1,2026-08-04 15:56:49.319068+00:00,0,TEST
93707,2026-07-12 01:00:00+00:00,MODE_50HZ,1489.0,50.0,5.48,48.4,0.149,0.257,0.159,0.0127,0.2472,-0.009000000000000008,-0.07300000000000001,0.052000000000000005,0.134,0.313,0.12033333333333333,0.5501505778115807,0,0.5571732283586782,False,44.98494221884193,MEDIUM,logistic_regression_v1,2026-08-04 15:56:49.319068+00:00,0,TEST
93707,2026-07-12 02:00:00+00:00,OTHER,996.5,33.84,6.37,40.6,1.054,0.849,0.893,0.2717,1.6406,0.4810000000000001,-0.013000000000000012,0.29800000000000004,1.097,0.9473333333333334,0.852,0.400343697301257,0,0.5571732283586782,False,59.965630269874296,MEDIUM,logistic_regression_v1,2026-08-04 15:56:49.319068+00:00,0,TEST
93707,2026-07-12 03:00:00+00:00,OTHER,999.2,33.84,5.44,42.4,1.564,0.963,0.759,0.2686,1.6367,0.9910000000000001,0.10099999999999998,0.16400000000000003,1.4153333333333333,0.9209999999999999,0.8456666666666667,0.4294384810992934,0,0.5571732283586782,False,57.05615189007066,MEDIUM,logistic_regression_v1,2026-08-04 15:56:49.319068+00:00,0,TEST
93707,2026-07-12 05:00:00+00:00,OTHER,997.0,33.84,6.21,43.4,1.206,1.651,1.083,0.2729,1.7139,0.633,0.789,0.488,1.2746666666666666,1.1543333333333334,0.9116666666666666,0.14253874207027453,0,0.5571732283586782,False,85.74612579297255,LOW,logistic_regression_v1,2026-08-04 15:56:49.319068+00:00,0,TEST
93707,2026-07-12 08:00:00+00:00,OTHER,882.2,29.58,1.51,46.1,0.534,0.97,0.674,0.24,1.6201,-0.038999999999999924,0.10799999999999998,0.07900000000000007,1.1013333333333333,1.1946666666666668,0.8386666666666667,0.16756451698629216,0,0.5571732283586782,False,83.24354830137078,LOW,logistic_regression_v1,2026-08-04 15:56:49.319068+00:00,0,TEST
93707,2026-07-12 11:00:00+00:00,OTHER,682.4,23.2,3.17,44.2,0.472,0.894,0.396,0.1775,1.1055,-0.10099999999999998,0.03200000000000003,-0.19899999999999995,0.7373333333333333,1.1716666666666666,0.7176666666666667,0.24162338694524232,0,0.5571732283586782,False,75.83766130547576,LOW,logistic_regression_v1,2026-08-04 15:56:49.319068+00:00,0,TEST
93707,2026-07-12 12:00:00+00:00,OTHER,682.1,23.2,3.24,48.8,0.427,0.623,0.387,0.1652,0.9751,-0.14599999999999996,-0.239,-0.20799999999999996,0.4776666666666667,0.829,0.4856666666666667,0.24223733262655092,0,0.5571732283586782,False,75.77626673734491,LOW,logistic_regression_v1,2026-08-04 15:56:49.319068+00:00,0,TEST
93707,2026-07-12 13:00:00+00:00,OTHER,682.4,23.22,3.29,48.1,0.339,0.687,0.368,0.1678,1.0059,-0.23399999999999993,-0.17499999999999993,-0.22699999999999998,0.4126666666666667,0.7346666666666667,0.38366666666666666,0.12186727013175618,0,0.5571732283586782,False,87.81327298682439,LOW,logistic_regression_v1,2026-08-04 15:56:49.319068+00:00,0,TEST
93707,2026-07-12 14:00:00+00:00,OTHER,684.2,23.2,2.76,49.3,0.501,0.746,0.326,0.1654,1.0498,-0.07199999999999995,-0.11599999999999999,-0.26899999999999996,0.42233333333333334,0.6853333333333333,0.36033333333333334,0.19073436576269265,0,0.5571732283586782,False,80.92656342373074,LOW,logistic_regression_v1,2026-08-04 15:56:49.319068+00:00,0,TEST
93707,2026-07-12 15:00:00+00:00,OTHER,692.3,23.22,1.0,49.6,0.507,0.747,0.519,0.172,1.0488,-0.06599999999999995,-0.11499999999999999,-0.07599999999999996,0.449,0.7266666666666667,0.4043333333333333,0.11980799355306901,0,0.5571732283586782,False,88.0192006446931,LOW,logistic_regression_v1,2026-08-04 15:56:49.319068+00:00,0,TEST
93707,2026-07-12 16:00:00+00:00,OTHER,693.0,23.22,0.83,49.5,0.478,0.743,0.421,0.1747,1.0703,-0.09499999999999997,-0.119,-0.174,0.49533333333333335,0.7453333333333333,0.422,0.14122536707766664,0,0.5571732283586782,False,85.87746329223333,LOW,logistic_regression_v1,2026-08-04 15:56:49.319068+00:00,0,TEST
93707,2026-07-12 18:00:00+00:00,OTHER,682.0,23.2,3.27,46.8,0.4,0.87,0.432,0.1754,1.1309,-0.17299999999999993,0.008000000000000007,-0.16299999999999998,0.46166666666666667,0.7866666666666666,0.4573333333333333,0.1667319177905548,0,0.5571732283586782,False,83.32680822094451,LOW,logistic_regression_v1,2026-08-04 15:56:49.319068+00:00,0,TEST
93707,2026-07-12 19:00:00+00:00,OTHER,691.8,23.22,1.11,46.2,0.505,0.856,0.367,0.1726,1.084,-0.06799999999999995,-0.006000000000000005,-0.22799999999999998,0.461,0.823,0.4066666666666667,0.20320665233702545,0,0.5571732283586782,False,79.67933476629744,LOW,logistic_regression_v1,2026-08-04 15:56:49.319068+00:00,0,TEST
93707,2026-07-12 21:00:00+00:00,OTHER,630.0,21.03,0.19,43.8,0.711,0.697,0.516,0.1771,1.2217,0.138,-0.16500000000000004,-0.07899999999999996,0.5386666666666666,0.8076666666666666,0.43833333333333335,0.20316092725497,0,0.5571732283586782,False,79.683907274503,LOW,logistic_regression_v1,2026-08-04 15:56:49.319068+00:00,0,TEST
93707,2026-07-12 23:00:00+00:00,OTHER,627.6,21.11,1.21,42.7,0.571,0.85,0.558,0.1838,1.3076,-0.0020000000000000018,-0.01200000000000001,-0.03699999999999992,0.5956666666666667,0.8009999999999999,0.48033333333333333,0.18757678928460542,0,0.5571732283586782,False,81.24232107153946,LOW,logistic_regression_v1,2026-08-04 15:56:49.319068+00:00,0,TEST
93707,2026-07-13 01:00:00+00:00,OTHER,629.8,21.14,0.93,42.2,0.519,1.262,0.937,0.2034,1.3115,-0.05399999999999994,0.4,0.3420000000000001,0.6003333333333333,0.9363333333333334,0.6703333333333333,0.06781795847147642,0,0.5571732283586782,False,93.21820415285235,LOW,logistic_regression_v1,2026-08-04 15:56:49.319068+00:00,0,TEST
93707,2026-07-13 02:00:00+00:00,OTHER,630.0,21.12,0.79,44.6,0.462,1.157,0.819,0.1956,1.3037,-0.11099999999999993,0.29500000000000004,0.22399999999999998,0.5173333333333333,1.0896666666666668,0.7713333333333333,0.08941505974944582,0,0.5571732283586782,False,91.05849402505541,LOW,logistic_regression_v1,2026-08-04 15:56:49.319068+00:00,0,TEST
93707,2026-07-13 06:00:00+00:00,OTHER,628.9,21.14,1.12,42.0,0.666,1.047,0.772,0.1942,1.3613,0.09300000000000008,0.18499999999999994,0.17700000000000005,0.549,1.1553333333333333,0.8426666666666667,0.14890113906654606,0,0.5571732283586782,False,85.1098860933454,LOW,logistic_regression_v1,2026-08-04 15:56:49.319068+00:00,0,TEST
93707,2026-07-13 07:00:00+00:00,OTHER,627.1,21.16,1.6,43.4,0.856,0.579,0.651,0.1747,1.123,0.28300000000000003,-0.28300000000000003,0.05600000000000005,0.6613333333333333,0.9276666666666666,0.7473333333333333,0.21606632939603163,0,0.5571732283586782,False,78.39336706039684,LOW,logistic_regression_v1,2026-08-04 15:56:49.319068+00:00,0,TEST
93707,2026-07-13 10:00:00+00:00,OTHER,619.8,21.17,3.26,44.7,0.563,0.75,0.929,0.1914,1.3135,-0.010000000000000009,-0.11199999999999999,0.3340000000000001,0.695,0.7919999999999999,0.784,0.0841408511889873,0,0.5571732283586782,False,91.58591488110127,LOW,logistic_regression_v1,2026-08-04 15:56:49.319068+00:00,0,TEST
93707,2026-07-13 11:00:00+00:00,OTHER,704.2,24.59,8.27,48.7,0.24,0.595,0.16,0.0283,0.2428,-0.33299999999999996,-0.267,-0.43499999999999994,0.5529999999999999,0.6413333333333333,0.5800000000000001,0.2567547808419991,0,0.5571732283586782,False,74.32452191580009,LOW,logistic_regression_v1,2026-08-04 15:56:49.319068+00:00,0,TEST
93707,2026-07-13 12:00:00+00:00,OTHER,620.8,21.19,3.13,44.1,0.62,0.858,0.532,0.1858,1.3516,0.04700000000000004,-0.0040000000000000036,-0.06299999999999994,0.47433333333333333,0.7343333333333333,0.5403333333333333,0.1769559470377572,0,0.5571732283586782,False,82.30440529622427,LOW,logistic_regression_v1,2026-08-04 15:56:49.319068+00:00,0,TEST
93707,2026-07-13 13:00:00+00:00,OTHER,603.6,20.77,4.02,47.1,0.633,0.587,0.691,0.163,1.0557,0.06000000000000005,-0.275,0.09599999999999997,0.49766666666666665,0.6799999999999999,0.461,0.18692462136970417,0,0.5571732283586782,False,81.30753786302958,LOW,logistic_regression_v1,2026-08-04 15:56:49.319068+00:00,0,TEST
93707,2026-07-13 15:00:00+00:00,OTHER,620.1,21.17,3.18,46.0,0.617,0.655,0.69,0.1699,1.0859,0.04400000000000004,-0.20699999999999996,0.09499999999999997,0.6233333333333333,0.7,0.6376666666666666,0.1142456730901151,0,0.5571732283586782,False,88.57543269098849,LOW,logistic_regression_v1,2026-08-04 15:56:49.319068+00:00,0,TEST
93707,2026-07-13 23:00:00+00:00,MODE_50HZ,1478.3,50.0,,49.1,0.158,0.336,0.255,0.0118,0.0771,0.0,0.006000000000000005,0.14800000000000002,0.14366666666666666,0.3016666666666667,0.16966666666666666,0.1381287998319093,0,0.5571732283586782,False,86.18712001680908,LOW,logistic_regression_v1,2026-08-04 15:56:49.319068+00:00,0,TEST
93707,2026-07-14 00:00:00+00:00,MODE_57HZ,1700.3,57.03,4.66,41.8,1.321,1.441,0.945,0.449,2.7969,-0.018000000000000016,-0.361,-0.856,1.3036666666666665,1.9966666666666666,1.648,0.6125981040617198,1,0.5571732283586782,True,38.74018959382802,HIGH,logistic_regression_v1,2026-08-04 15:56:49.319068+00:00,0,TEST
93707,2026-07-14 02:00:00+00:00,MODE_57HZ,1700.8,57.06,4.84,45.1,1.513,1.684,1.054,0.3777,2.373,0.17399999999999993,-0.1180000000000001,-0.7469999999999999,1.2936666666666665,1.7603333333333333,1.4046666666666667,0.5476436926024326,0,0.5571732283586782,False,45.235630739756736,MEDIUM,logistic_regression_v1,2026-08-04 15:56:49.319068+00:00,0,TEST
93707,2026-07-14 03:00:00+00:00,MODE_57HZ,1700.4,57.03,4.6,45.9,1.277,1.496,1.225,0.4177,2.7832,-0.062000000000000055,-0.30600000000000005,-0.5759999999999998,1.3703333333333332,1.5403333333333333,1.0746666666666667,0.5112965460677492,0,0.5571732283586782,False,48.87034539322508,MEDIUM,logistic_regression_v1,2026-08-04 15:56:49.319068+00:00,0,TEST
93707,2026-07-14 05:00:00+00:00,MODE_57HZ,1701.1,57.09,5.14,46.1,1.253,1.81,1.328,0.3853,2.4219,-0.08600000000000008,0.008000000000000007,-0.47299999999999986,1.3476666666666666,1.6633333333333333,1.2023333333333335,0.5156875529984789,0,0.5571732283586782,False,48.43124470015211,MEDIUM,logistic_regression_v1,2026-08-04 15:56:49.319068+00:00,0,TEST
93707,2026-07-14 06:00:00+00:00,MODE_57HZ,1700.2,57.06,5.11,46.4,1.191,1.697,1.994,0.4285,2.5625,-0.1479999999999999,-0.10499999999999998,0.19300000000000006,1.2403333333333333,1.6676666666666666,1.5156666666666667,0.494076755629766,0,0.5571732283586782,False,50.59232443702339,MEDIUM,logistic_regression_v1,2026-08-04 15:56:49.319068+00:00,0,TEST
93707,2026-07-14 08:00:00+00:00,MODE_57HZ,1700.7,57.06,4.91,53.1,1.71,1.515,2.398,0.4133,2.75,0.371,-0.28700000000000014,0.5970000000000002,1.3846666666666667,1.674,1.9066666666666667,0.4949448312029374,0,0.5571732283586782,False,50.505516879706256,MEDIUM,logistic_regression_v1,2026-08-04 15:56:49.319068+00:00,0,TEST
93707,2026-07-14 09:00:00+00:00,MODE_57HZ,1698.8,57.03,5.3,47.7,0.959,1.394,1.239,0.3989,2.4883,-0.38,-0.40800000000000014,-0.5619999999999998,1.2866666666666666,1.5353333333333332,1.877,0.38817490461199344,0,0.5571732283586782,False,61.18250953880066,MEDIUM,logistic_regression_v1,2026-08-04 15:56:49.319068+00:00,0,TEST
93707,2026-07-14 10:00:00+00:00,MODE_57HZ,1699.8,57.06,5.28,49.0,1.518,1.58,2.102,0.4075,2.5527,0.17900000000000005,-0.22199999999999998,0.30099999999999993,1.3956666666666666,1.4963333333333333,1.913,0.5463795966567665,0,0.5571732283586782,False,45.36204033432335,MEDIUM,logistic_regression_v1,2026-08-04 15:56:49.319068+00:00,0,TEST
93707,2026-07-14 12:00:00+00:00,MODE_50HZ,1492.3,49.97,3.38,56.3,0.215,0.323,0.123,0.0192,0.1353,0.056999999999999995,-0.007000000000000006,0.016,0.174,0.30533333333333335,0.179,0.40364793220321116,0,0.5571732283586782,False,59.63520677967888,MEDIUM,logistic_regression_v1,2026-08-04 15:56:49.319068+00:00,0,TEST
93707,2026-07-14 21:00:00+00:00,MODE_57HZ,1701.4,57.03,4.18,44.9,1.199,1.746,1.688,0.4397,2.709,-0.1399999999999999,-0.05600000000000005,-0.11299999999999999,1.2253333333333334,1.5733333333333333,1.6763333333333332,0.47130861465045004,0,0.5571732283586782,False,52.869138534955,MEDIUM,logistic_regression_v1,2026-08-04 15:56:49.319068+00:00,0,TEST
93707,2026-07-14 21:37:14+00:00,MODE_57HZ,1701.6,57.03,4.1,47.8,0.953,2.566,2.414,0.3928,2.4883,-0.386,0.7639999999999998,0.6130000000000002,1.2233333333333334,1.964,2.068,0.5543171812830776,0,0.5571732283586782,False,44.568281871692236,MEDIUM,logistic_regression_v1,2026-08-04 15:56:49.319068+00:00,0,TEST
93707,2026-07-14 22:00:01+00:00,MODE_57HZ,1702.3,57.03,3.77,45.8,1.023,1.57,1.05,0.4341,2.6543,-0.31600000000000006,-0.23199999999999998,-0.7509999999999999,1.0583333333333333,1.9606666666666666,1.7173333333333334,0.4229662587323024,0,0.5571732283586782,False,57.70337412676976,MEDIUM,logistic_regression_v1,2026-08-04 15:56:49.319068+00:00,0,TEST
93707,2026-07-15 03:00:01+00:00,MODE_57HZ,1701.6,57.09,4.92,42.8,1.048,2.77,2.078,0.425,2.6992,-0.2909999999999999,0.968,0.2769999999999999,1.008,2.302,1.8473333333333333,0.6937195863232256,1,0.5571732283586782,True,30.62804136767744,HIGH,logistic_regression_v1,2026-08-04 15:56:49.319068+00:00,0,TEST
93707,2026-07-15 04:00:01+00:00,MODE_57HZ,1701.6,57.09,4.93,43.5,1.526,2.475,1.106,0.4133,2.5156,0.18700000000000006,0.673,-0.6949999999999998,1.199,2.271666666666667,1.4113333333333333,0.5731675172113064,1,0.5571732283586782,True,42.68324827886936,HIGH,logistic_regression_v1,2026-08-04 15:56:49.319068+00:00,0,TEST
93707,2026-07-15 08:00:01+00:00,MODE_57HZ,1700.9,57.06,4.8,43.9,1.339,2.191,1.359,0.4421,2.6094,0.0,0.3889999999999998,-0.44199999999999995,1.3043333333333333,2.478666666666667,1.5143333333333333,0.5406248970336659,0,0.5571732283586782,False,45.93751029663341,MEDIUM,logistic_regression_v1,2026-08-04 15:56:49.319068+00:00,0,TEST
93707,2026-07-15 10:00:01+00:00,OTHER,682.4,23.47,5.09,52.8,0.119,0.195,0.062,0.019,0.1182,-0.45399999999999996,-0.667,-0.5329999999999999,0.4563333333333333,0.479,0.481,0.26603244713965907,0,0.5571732283586782,False,73.3967552860341,LOW,logistic_regression_v1,2026-08-04 15:56:49.319068+00:00,0,TEST
93707,2026-07-16 15:00:01+00:00,MODE_50HZ,1479.2,50.0,10.38,32.9,0.115,0.228,0.11,0.0219,0.2095,-0.043,-0.10200000000000001,0.0030000000000000027,0.16266666666666668,0.2956666666666667,0.16266666666666668,0.6606216913738387,1,0.5571732283586782,True,33.937830862616124,HIGH,logistic_regression_v1,2026-08-04 15:56:49.319068+00:00,0,TEST
93707,2026-07-16 17:00:01+00:00,OTHER,996.7,33.84,6.3,38.8,1.376,1.855,0.866,0.262,1.749,0.8029999999999999,0.993,0.271,0.704,0.9016666666666667,0.5393333333333333,0.26977224060069716,0,0.5571732283586782,False,73.02277593993028,LOW,logistic_regression_v1,2026-08-04 15:56:49.319068+00:00,0,TEST
93707,2026-07-16 19:00:01+00:00,OTHER,998.8,33.84,5.6,45.3,2.176,1.407,0.92,0.2515,1.6553,1.6030000000000002,0.545,0.32500000000000007,1.2236666666666667,1.1523333333333334,0.616,0.6584084410078743,1,0.5571732283586782,True,34.159155899212564,HIGH,logistic_regression_v1,2026-08-04 15:56:49.319068+00:00,0,TEST
93707,2026-07-16 20:00:01+00:00,OTHER,713.4,24.56,5.76,51.0,0.21,0.295,0.281,0.0193,0.1548,-0.363,-0.567,-0.31399999999999995,1.254,1.1856666666666666,0.6890000000000001,0.1503470981787693,0,0.5571732283586782,False,84.96529018212307,LOW,logistic_regression_v1,2026-08-04 15:56:49.319068+00:00,0,TEST
93707,2026-07-16 22:00:01+00:00,OTHER,744.6,25.3,3.62,43.6,0.549,1.401,0.638,0.204,1.3779,-0.02399999999999991,0.539,0.04300000000000004,0.9783333333333334,1.0343333333333333,0.613,0.13794498712596842,0,0.5571732283586782,False,86.20550128740317,LOW,logistic_regression_v1,2026-08-04 15:56:49.319068+00:00,0,TEST
93707,2026-07-16 23:00:01+00:00,OTHER,748.8,25.3,2.56,44.5,0.663,1.435,0.623,0.217,1.3379,0.09000000000000008,0.5730000000000001,0.028000000000000025,0.47400000000000003,1.0436666666666667,0.514,0.20163006899084107,0,0.5571732283586782,False,79.8369931009159,LOW,logistic_regression_v1,2026-08-04 15:56:49.319068+00:00,0,TEST
93707,2026-07-17 00:00:01+00:00,OTHER,757.6,25.3,0.33,44.8,1.066,1.465,0.84,0.2117,1.2305,0.4930000000000001,0.6030000000000001,0.245,0.7593333333333334,1.4336666666666666,0.7003333333333334,0.1569753126558516,0,0.5571732283586782,False,84.30246873441483,LOW,logistic_regression_v1,2026-08-04 15:56:49.319068+00:00,0,TEST
93707,2026-07-17 01:00:01+00:00,OTHER,744.6,25.3,3.62,44.2,0.786,1.401,0.983,0.2126,1.4863,0.21300000000000008,0.539,0.388,0.8383333333333334,1.4336666666666666,0.8153333333333334,0.16898809983908183,0,0.5571732283586782,False,83.10119001609182,LOW,logistic_regression_v1,2026-08-04 15:56:49.319068+00:00,0,TEST
93707,2026-07-17 02:00:01+00:00,OTHER,755.8,25.3,0.79,44.6,0.803,1.674,1.173,0.2191,1.3281,0.2300000000000001,0.8119999999999999,0.5780000000000001,0.885,1.5133333333333334,0.9986666666666667,0.07128828997635424,0,0.5571732283586782,False,92.87117100236458,LOW,logistic_regression_v1,2026-08-04 15:56:49.319068+00:00,0,TEST
93707,2026-07-17 08:00:01+00:00,OTHER,629.8,21.08,0.53,40.1,0.503,0.806,0.482,0.1638,1.1123,-0.06999999999999995,-0.05599999999999994,-0.11299999999999999,0.6973333333333334,1.2936666666666667,0.8793333333333333,0.2040180200793852,0,0.5571732283586782,False,79.59819799206149,LOW,logistic_regression_v1,2026-08-04 15:56:49.319068+00:00,0,TEST
93707,2026-07-17 09:00:01+00:00,OTHER,622.1,21.08,2.16,43.7,0.653,0.701,0.289,0.1619,1.0078,0.08000000000000007,-0.16100000000000003,-0.306,0.653,1.0603333333333333,0.648,0.2802754789038792,0,0.5571732283586782,False,71.97245210961208,MEDIUM,logistic_regression_v1,2026-08-04 15:56:49.319068+00:00,0,TEST
93707,2026-07-17 15:00:01+00:00,OTHER,409.5,13.79,0.58,41.4,0.502,1.06,0.278,0.2051,1.7178,-0.07099999999999995,0.19800000000000006,-0.31699999999999995,0.5526666666666666,0.8556666666666667,0.3496666666666667,0.22033244790472178,0,0.5571732283586782,False,77.96675520952783,LOW,logistic_regression_v1,2026-08-04 15:56:49.319068+00:00,0,TEST
93707,2026-07-17 17:00:01+00:00,MODE_50HZ,1480.4,50.06,,44.0,0.143,0.362,0.108,0.0125,0.0815,-0.015000000000000013,0.03199999999999997,0.0010000000000000009,0.15766666666666668,0.30433333333333334,0.11366666666666667,0.7580494543340587,1,0.5571732283586782,True,24.19505456659413,HIGH,logistic_regression_v1,2026-08-04 15:56:49.319068+00:00,0,TEST
93707,2026-07-17 18:00:01+00:00,OTHER,503.3,16.95,0.89,42.0,0.423,0.986,0.488,0.2214,1.373,-0.14999999999999997,0.124,-0.10699999999999998,0.526,0.9156666666666666,0.3516666666666667,0.14267762940833442,0,0.5571732283586782,False,85.73223705916656,LOW,logistic_regression_v1,2026-08-04 15:56:49.319068+00:00,0,TEST
93707,2026-07-17 19:00:01+00:00,OTHER,504.1,16.94,0.67,44.5,0.37,0.724,0.352,0.1564,1.0742,-0.20299999999999996,-0.138,-0.243,0.43166666666666664,0.9233333333333333,0.37266666666666665,0.19373437618641845,0,0.5571732283586782,False,80.62656238135816,LOW,logistic_regression_v1,2026-08-04 15:56:49.319068+00:00,0,TEST
93707,2026-07-17 20:00:01+00:00,OTHER,505.3,16.94,0.47,46.0,0.422,0.77,0.413,0.1423,0.8779,-0.15099999999999997,-0.09199999999999997,-0.182,0.40499999999999997,0.8266666666666667,0.41766666666666663,0.13243997524474455,0,0.5571732283586782,False,86.75600247552555,LOW,logistic_regression_v1,2026-08-04 15:56:49.319068+00:00,0,TEST
93707,2026-07-17 21:00:01+00:00,OTHER,503.5,16.95,0.86,47.2,0.311,0.531,0.379,0.1443,0.897,-0.26199999999999996,-0.33099999999999996,-0.21599999999999997,0.36766666666666664,0.675,0.3813333333333333,0.09876396451182035,0,0.5571732283586782,False,90.12360354881797,LOW,logistic_regression_v1,2026-08-04 15:56:49.319068+00:00,0,TEST
93707,2026-07-17 22:00:01+00:00,OTHER,504.4,16.94,0.64,46.8,0.365,0.718,0.455,0.1472,0.9131,-0.20799999999999996,-0.14400000000000002,-0.13999999999999996,0.366,0.673,0.4156666666666667,0.08362657462514309,0,0.5571732283586782,False,91.6373425374857,LOW,logistic_regression_v1,2026-08-04 15:56:49.319068+00:00,0,TEST
93707,2026-07-18 00:00:00+00:00,OTHER,503.3,16.92,0.74,46.4,0.294,0.645,0.795,0.1437,0.8921,-0.27899999999999997,-0.21699999999999997,0.20000000000000007,0.3233333333333333,0.6313333333333333,0.543,0.054752780477700415,0,0.5571732283586782,False,94.52472195222997,LOW,logistic_regression_v1,2026-08-04 15:56:49.319068+00:00,0,TEST
93707,2026-07-18 01:00:00+00:00,OTHER,503.6,16.94,0.76,46.7,0.458,0.681,0.739,0.1486,0.9219,-0.11499999999999994,-0.18099999999999994,0.14400000000000002,0.37233333333333335,0.6813333333333333,0.663,0.07228611728031645,0,0.5571732283586782,False,92.77138827196836,LOW,logistic_regression_v1,2026-08-04 15:56:49.319068+00:00,0,TEST
93707,2026-07-18 02:00:00+00:00,OTHER,505.7,16.95,0.48,46.1,0.269,0.505,0.332,0.1509,1.0107,-0.30399999999999994,-0.357,-0.26299999999999996,0.3403333333333333,0.6103333333333334,0.622,0.11055438856743785,0,0.5571732283586782,False,88.94456114325622,LOW,logistic_regression_v1,2026-08-04 15:56:49.319068+00:00,0,TEST
93707,2026-07-18 03:00:00+00:00,OTHER,503.4,16.94,0.8,45.6,0.482,0.558,0.396,0.1573,1.0098,-0.09099999999999997,-0.30399999999999994,-0.19899999999999995,0.403,0.5813333333333334,0.489,0.13069438088371696,0,0.5571732283586782,False,86.9305619116283,LOW,logistic_regression_v1,2026-08-04 15:56:49.319068+00:00,0,TEST
93707,2026-07-18 04:00:00+00:00,OTHER,502.6,16.94,0.93,45.7,0.447,0.77,0.315,0.1622,1.0635,-0.12599999999999995,-0.09199999999999997,-0.27999999999999997,0.3993333333333333,0.611,0.3476666666666667,0.1301576102298693,0,0.5571732283586782,False,86.98423897701308,LOW,logistic_regression_v1,2026-08-04 15:56:49.319068+00:00,0,TEST
93707,2026-07-18 05:00:00+00:00,OTHER,502.9,16.94,0.89,44.9,0.35,0.64,0.395,0.1608,0.9893,-0.22299999999999998,-0.22199999999999998,-0.19999999999999996,0.42633333333333334,0.656,0.3686666666666667,0.1053503619185551,0,0.5571732283586782,False,89.46496380814449,LOW,logistic_regression_v1,2026-08-04 15:56:49.319068+00:00,0,TEST
93707,2026-07-18 07:00:00+00:00,OTHER,503.7,16.94,0.75,45.8,0.291,0.7,0.383,0.1625,1.083,-0.282,-0.16200000000000003,-0.21199999999999997,0.36266666666666664,0.7033333333333334,0.36433333333333334,0.12319078773203684,0,0.5571732283586782,False,87.68092122679631,LOW,logistic_regression_v1,2026-08-04 15:56:49.319068+00:00,0,TEST
93707,2026-07-18 08:00:00+00:00,OTHER,504.0,16.92,0.62,47.1,0.406,0.688,0.576,0.1539,0.9927,-0.16699999999999993,-0.17400000000000004,-0.019000000000000017,0.349,0.6759999999999999,0.4513333333333333,0.09092448478698648,0,0.5571732283586782,False,90.90755152130136,LOW,logistic_regression_v1,2026-08-04 15:56:49.319068+00:00,0,TEST
93707,2026-07-18 09:00:00+00:00,OTHER,505.4,16.94,0.46,47.5,0.561,0.533,0.386,0.1626,1.0352,-0.0119999999999999,-0.32899999999999996,-0.20899999999999996,0.41933333333333334,0.6403333333333333,0.4483333333333333,0.13142798268779504,0,0.5571732283586782,False,86.85720173122048,LOW,logistic_regression_v1,2026-08-04 15:56:49.319068+00:00,0,TEST
93707,2026-07-18 11:00:00+00:00,OTHER,503.4,16.94,0.79,45.8,0.34,0.595,0.378,0.1559,1.0869,-0.23299999999999993,-0.267,-0.21699999999999997,0.4356666666666667,0.6053333333333333,0.44666666666666666,0.12954631346805914,0,0.5571732283586782,False,87.04536865319409,LOW,logistic_regression_v1,2026-08-04 15:56:49.319068+00:00,0,TEST
93707,2026-07-18 12:00:00+00:00,OTHER,503.7,16.94,0.75,48.4,0.321,0.506,0.452,0.1592,1.0879,-0.25199999999999995,-0.356,-0.14299999999999996,0.4073333333333334,0.5446666666666666,0.4053333333333333,0.11671332775025785,0,0.5571732283586782,False,88.32866722497421,LOW,logistic_regression_v1,2026-08-04 15:56:49.319068+00:00,0,TEST
93707,2026-07-18 13:00:00+00:00,OTHER,504.6,16.94,0.59,49.0,0.688,0.815,0.633,0.157,1.0215,0.11499999999999999,-0.04700000000000004,0.038000000000000034,0.44966666666666666,0.6386666666666666,0.4876666666666667,0.08363804910251246,0,0.5571732283586782,False,91.63619508974875,LOW,logistic_regression_v1,2026-08-04 15:56:49.319068+00:00,0,TEST
93707,2026-07-18 14:00:00+00:00,OTHER,504.1,16.95,0.76,50.3,0.541,0.669,0.935,0.1592,0.9565,-0.03199999999999992,-0.19299999999999995,0.3400000000000001,0.5166666666666667,0.6633333333333333,0.6733333333333333,0.04565107175858598,0,0.5571732283586782,False,95.4348928241414,LOW,logistic_regression_v1,2026-08-04 15:56:49.319068+00:00,0,TEST
93707,2026-07-18 15:00:00+00:00,OTHER,504.2,16.94,0.66,50.7,0.322,0.757,0.383,0.1581,1.1035,-0.25099999999999995,-0.10499999999999998,-0.21199999999999997,0.517,0.747,0.6503333333333333,0.0972786911960575,0,0.5571732283586782,False,90.27213088039426,LOW,logistic_regression_v1,2026-08-04 15:56:49.319068+00:00,0,TEST
93707,2026-07-18 16:00:00+00:00,OTHER,504.3,16.94,0.64,50.9,0.395,0.594,0.717,0.1554,0.9956,-0.17799999999999994,-0.268,0.122,0.41933333333333334,0.6733333333333333,0.6783333333333333,0.06832437314123098,0,0.5571732283586782,False,93.1675626858769,LOW,logistic_regression_v1,2026-08-04 15:56:49.319068+00:00,0,TEST
93707,2026-07-18 17:00:00+00:00,OTHER,504.9,16.94,0.55,49.9,0.555,0.605,0.377,0.1558,0.9932,-0.017999999999999905,-0.257,-0.21799999999999997,0.42400000000000004,0.652,0.49233333333333335,0.13400743769524487,0,0.5571732283586782,False,86.5992562304755,LOW,logistic_regression_v1,2026-08-04 15:56:49.319068+00:00,0,TEST
93707,2026-07-18 18:00:00+00:00,OTHER,497.7,16.94,1.76,49.7,0.473,0.724,0.324,0.1548,1.04,-0.09999999999999998,-0.138,-0.27099999999999996,0.47433333333333333,0.641,0.4726666666666667,0.14315625574782906,0,0.5571732283586782,False,85.68437442521709,LOW,logistic_regression_v1,2026-08-04 15:56:49.319068+00:00,0,TEST
93707,2026-07-18 19:00:00+00:00,OTHER,503.8,16.94,0.74,48.6,0.586,0.806,0.78,0.1538,1.0254,0.013000000000000012,-0.05599999999999994,0.18500000000000005,0.538,0.7116666666666667,0.4936666666666667,0.08047995965526929,0,0.5571732283586782,False,91.95200403447306,LOW,logistic_regression_v1,2026-08-04 15:56:49.319068+00:00,0,TEST
93707,2026-07-18 20:00:00+00:00,OTHER,503.8,16.94,0.74,49.0,0.388,0.747,0.609,0.1543,1.0166,-0.18499999999999994,-0.11499999999999999,0.014000000000000012,0.48233333333333334,0.759,0.5710000000000001,0.08700284520922957,0,0.5571732283586782,False,91.29971547907705,LOW,logistic_regression_v1,2026-08-04 15:56:49.319068+00:00,0,TEST
93707,2026-07-18 21:00:00+00:00,OTHER,504.8,16.95,0.63,48.3,0.289,0.528,0.348,0.1549,1.1143,-0.284,-0.33399999999999996,-0.247,0.421,0.6936666666666667,0.579,0.12577166284481142,0,0.5571732283586782,False,87.42283371551885,LOW,logistic_regression_v1,2026-08-04 15:56:49.319068+00:00,0,TEST
93707,2026-07-18 23:00:00+00:00,OTHER,502.9,16.94,0.89,47.6,0.792,0.857,1.375,0.1555,1.0342,0.21900000000000008,-0.0050000000000000044,0.78,0.4896666666666667,0.7106666666666667,0.7773333333333333,0.04735183967111992,0,0.5571732283586782,False,95.264816032888,LOW,logistic_regression_v1,2026-08-04 15:56:49.319068+00:00,0,TEST
93707,2026-07-19 00:00:00+00:00,OTHER,503.6,16.95,0.84,47.4,0.384,0.697,0.362,0.1482,1.0107,-0.18899999999999995,-0.16500000000000004,-0.23299999999999998,0.48833333333333334,0.694,0.695,0.11362023387784717,0,0.5571732283586782,False,88.63797661221528,LOW,logistic_regression_v1,2026-08-04 15:56:49.319068+00:00,0,TEST
93707,2026-07-19 03:00:00+00:00,OTHER,756.0,25.31,0.85,43.8,0.692,1.457,0.997,0.2832,1.8193,0.119,0.5950000000000001,0.402,0.6226666666666667,1.0036666666666667,0.9113333333333333,0.10737814017329882,0,0.5571732283586782,False,89.26218598267012,LOW,logistic_regression_v1,2026-08-04 15:56:49.319068+00:00,0,TEST
93707,2026-07-19 04:00:00+00:00,OTHER,749.9,25.31,2.4,45.0,0.818,1.501,0.725,0.2727,1.9307,0.245,0.6389999999999999,0.13,0.6313333333333333,1.2183333333333333,0.6946666666666667,0.3147850945332428,0,0.5571732283586782,False,68.52149054667571,MEDIUM,logistic_regression_v1,2026-08-04 15:56:49.319068+00:00,0,TEST
93707,2026-07-19 05:00:00+00:00,OTHER,749.8,25.33,2.54,45.8,0.59,1.401,1.055,0.2268,1.5547,0.017000000000000015,0.539,0.45999999999999996,0.7,1.453,0.9256666666666666,0.15495047960811534,0,0.5571732283586782,False,84.50495203918847,LOW,logistic_regression_v1,2026-08-04 15:56:49.319068+00:00,0,TEST
93707,2026-07-19 06:00:00+00:00,OTHER,745.0,25.31,3.64,45.3,0.707,1.297,0.89,0.2186,1.4453,0.134,0.43499999999999994,0.29500000000000004,0.705,1.3996666666666666,0.89,0.22239653213438623,0,0.5571732283586782,False,77.76034678656137,LOW,logistic_regression_v1,2026-08-04 15:56:49.319068+00:00,0,TEST
93707,2026-07-19 07:00:00+00:00,OTHER,749.9,25.31,2.41,46.7,0.496,1.365,0.876,0.2274,1.4404,-0.07699999999999996,0.503,0.281,0.5976666666666667,1.3543333333333334,0.9403333333333334,0.12244803092273127,0,0.5571732283586782,False,87.75519690772687,LOW,logistic_regression_v1,2026-08-04 15:56:49.319068+00:00,0,TEST
93707,2026-07-19 08:00:00+00:00,OTHER,747.6,25.31,2.99,47.1,1.007,1.555,0.683,0.2316,1.4844,0.43399999999999994,0.693,0.08800000000000008,0.7366666666666666,1.4056666666666666,0.8163333333333334,0.22988743453088398,0,0.5571732283586782,False,77.0112565469116,LOW,logistic_regression_v1,2026-08-04 15:56:49.319068+00:00,1,TEST
93707,2026-07-19 10:00:00+00:00,OTHER,746.0,25.33,3.5,48.5,0.828,1.592,0.595,0.2278,1.4873,0.255,0.7300000000000001,0.0,0.7769999999999999,1.504,0.718,0.23569835876703865,0,0.5571732283586782,False,76.43016412329612,LOW,logistic_regression_v1,2026-08-04 15:56:49.319068+00:00,1,TEST
93707,2026-07-19 14:00:00+00:00,OTHER,999.0,33.88,5.85,47.1,1.543,1.155,0.862,0.2473,1.5195,0.97,0.29300000000000004,0.267,1.126,1.434,0.7133333333333334,0.41968001196539717,0,0.5571732283586782,False,58.03199880346028,MEDIUM,logistic_regression_v1,2026-08-04 15:56:49.319068+00:00,1,TEST
93707,2026-07-19 15:00:00+00:00,OTHER,998.8,33.84,5.6,49.8,2.596,1.76,1.008,0.2432,1.4932,2.023,0.898,0.41300000000000003,1.6556666666666666,1.5023333333333333,0.8216666666666667,0.527564490826656,0,0.5571732283586782,False,47.243550917334396,MEDIUM,logistic_regression_v1,2026-08-04 15:56:49.319068+00:00,0,TEST
93707,2026-07-19 20:00:00+00:00,OTHER,700.8,24.38,7.41,56.7,0.203,0.615,0.129,0.026,0.1753,-0.36999999999999994,-0.247,-0.46599999999999997,1.4473333333333334,1.1766666666666667,0.6663333333333333,0.16289781740807294,0,0.5571732283586782,False,83.7102182591927,LOW,logistic_regression_v1,2026-08-04 15:56:49.319068+00:00,1,TEST
93707,2026-07-19 21:00:00+00:00,MODE_57HZ,1701.1,57.12,5.52,45.6,1.053,1.491,1.491,0.3901,2.4004,-0.28600000000000003,-0.31099999999999994,-0.30999999999999983,1.306,2.0523333333333333,1.3186666666666667,0.7515722600499548,1,0.5571732283586782,True,24.84277399500452,HIGH,logistic_regression_v1,2026-08-04 15:56:49.319068+00:00,1,TEST
93707,2026-07-20 00:00:00+00:00,OTHER,604.2,20.28,0.85,49.9,1.653,1.409,1.187,0.3926,2.5898,1.08,0.547,0.5920000000000001,1.484,1.2613333333333334,0.7746666666666667,0.26447418566210684,0,0.5571732283586782,False,73.55258143378931,LOW,logistic_regression_v1,2026-08-04 15:56:49.319068+00:00,1,TEST
93707,2026-07-20 02:00:00+00:00,OTHER,623.3,20.94,1.02,51.9,1.288,3.67,0.991,0.447,3.1152,0.7150000000000001,2.808,0.396,1.048,1.898,0.769,0.17242145153550562,0,0.5571732283586782,False,82.75785484644945,LOW,logistic_regression_v1,2026-08-04 15:56:49.319068+00:00,0,TEST
93707,2026-07-20 04:00:00+00:00,MODE_57HZ,1699.6,57.09,5.77,50.7,1.841,1.361,2.223,0.4502,2.8418,0.502,-0.44100000000000006,0.42199999999999993,1.411,1.681,1.691,0.4382224562332012,0,0.5571732283586782,False,56.17775437667988,MEDIUM,logistic_regression_v1,2026-08-04 15:56:49.319068+00:00,0,TEST
93707,2026-07-20 07:00:00+00:00,MODE_57HZ,1699.5,57.09,5.82,44.7,1.058,2.324,1.856,0.4187,2.6445,-0.2809999999999999,0.5219999999999998,0.05500000000000016,1.3173333333333332,1.7253333333333334,1.8566666666666667,0.44119286057795293,0,0.5571732283586782,False,55.88071394220471,MEDIUM,logistic_regression_v1,2026-08-04 15:56:49.319068+00:00,0,TEST
93707,2026-07-20 17:00:00+00:00,MODE_57HZ,1701.0,57.16,5.98,49.3,1.646,2.127,1.244,0.4214,2.4785,0.30699999999999994,0.32499999999999973,-0.5569999999999999,1.515,1.9373333333333331,1.7743333333333333,0.5115314602925232,0,0.5571732283586782,False,48.84685397074768,MEDIUM,logistic_regression_v1,2026-08-04 15:56:49.319068+00:00,1,TEST
93707,2026-07-20 20:00:00+00:00,MODE_57HZ,1700.9,57.19,6.43,46.2,1.481,1.977,2.482,0.3987,2.459,0.14200000000000013,0.17500000000000004,0.6810000000000003,1.395,2.1426666666666665,1.8606666666666667,0.5140365652245505,0,0.5571732283586782,False,48.59634347754495,MEDIUM,logistic_regression_v1,2026-08-04 15:56:49.319068+00:00,1,TEST
93707,2026-07-20 22:00:00+00:00,MODE_57HZ,1700.1,57.19,6.77,48.2,0.913,1.648,1.91,0.405,2.6582,-0.42599999999999993,-0.15400000000000014,0.10899999999999999,1.3466666666666667,1.9173333333333333,1.8786666666666667,0.6343301025922395,1,0.5571732283586782,True,36.566989740776044,HIGH,logistic_regression_v1,2026-08-04 15:56:49.319068+00:00,1,TEST
93707,2026-07-20 23:00:00+00:00,OTHER,604.7,20.62,2.9,53.1,1.085,2.158,1.727,0.425,2.7324,0.512,1.2959999999999998,1.1320000000000001,1.342,2.412333333333333,1.3016666666666667,0.10769685635996445,0,0.5571732283586782,False,89.23031436400355,LOW,logistic_regression_v1,2026-08-04 15:56:49.319068+00:00,0,TEST
93707,2026-07-21 00:00:00+00:00,OTHER,708.7,24.78,8.61,57.6,0.327,0.569,0.104,0.0264,0.1826,-0.24599999999999994,-0.29300000000000004,-0.491,0.9,2.1323333333333334,0.9406666666666667,0.6682516358349185,1,0.5571732283586782,True,33.17483641650815,HIGH,logistic_regression_v1,2026-08-04 15:56:49.319068+00:00,0,TEST
93707,2026-07-21 01:00:00+00:00,MODE_57HZ,1701.3,57.16,5.85,47.0,1.482,1.819,1.234,0.4082,2.5684,0.14300000000000002,0.016999999999999904,-0.567,1.292,1.8146666666666667,1.8753333333333333,0.4537838915594961,0,0.5571732283586782,False,54.621610844050394,MEDIUM,logistic_regression_v1,2026-08-04 15:56:49.319068+00:00,0,TEST
93707,2026-07-21 03:00:00+00:00,MODE_57HZ,1700.4,57.12,5.83,45.0,1.011,2.918,1.459,0.4353,2.6582,-0.32800000000000007,1.116,-0.34199999999999986,1.1353333333333333,2.1283333333333334,1.5343333333333333,0.5086098603176223,0,0.5571732283586782,False,49.13901396823776,MEDIUM,logistic_regression_v1,2026-08-04 15:56:49.319068+00:00,0,TEST
93707,2026-07-21 04:00:00+00:00,MODE_57HZ,1701.0,57.09,5.15,45.5,1.878,1.482,1.987,0.4158,2.6602,0.5389999999999999,-0.32000000000000006,0.18600000000000017,1.4569999999999999,2.073,1.56,0.46854493288882726,0,0.5571732283586782,False,53.14550671111727,MEDIUM,logistic_regression_v1,2026-08-04 15:56:49.319068+00:00,0,TEST
93707,2026-07-21 05:00:00+00:00,MODE_57HZ,1699.8,57.12,6.12,45.4,1.479,2.504,1.887,0.4158,2.6738,0.14000000000000012,0.702,0.08600000000000008,1.456,2.3013333333333335,1.7776666666666667,0.5632893059547883,1,0.5571732283586782,True,43.67106940452117,HIGH,logistic_regression_v1,2026-08-04 15:56:49.319068+00:00,0,TEST
93707,2026-07-21 06:00:00+00:00,MODE_57HZ,1701.5,57.09,4.97,46.4,1.353,1.752,2.107,0.4453,2.7383,0.014000000000000012,-0.050000000000000044,0.30600000000000027,1.57,1.9126666666666667,1.9936666666666667,0.4268125697388794,0,0.5571732283586782,False,57.31874302611206,MEDIUM,logistic_regression_v1,2026-08-04 15:56:49.319068+00:00,0,TEST
93707,2026-07-21 07:00:00+00:00,MODE_57HZ,1701.4,57.12,5.42,46.0,1.796,1.769,1.946,0.4202,2.7598,0.4570000000000001,-0.03300000000000014,0.14500000000000002,1.5426666666666666,2.0083333333333333,1.98,0.5135687320918382,0,0.5571732283586782,False,48.64312679081618,MEDIUM,logistic_regression_v1,2026-08-04 15:56:49.319068+00:00,0,TEST
93707,2026-07-21 10:00:00+00:00,MODE_57HZ,1699.9,57.12,6.05,46.2,1.202,2.771,2.504,0.4143,2.7012,-0.137,0.9689999999999999,0.7030000000000001,1.4503333333333333,2.0973333333333333,2.1856666666666666,0.5369502261413747,0,0.5571732283586782,False,46.304977385862536,MEDIUM,logistic_regression_v1,2026-08-04 15:56:49.319068+00:00,0,TEST
93707,2026-07-21 11:00:00+00:00,MODE_57HZ,1702.7,57.16,5.22,49.6,1.128,2.215,1.732,0.4187,2.5977,-0.21100000000000008,0.4129999999999998,-0.06899999999999995,1.3753333333333333,2.2516666666666665,2.0606666666666666,0.4751572706684566,0,0.5571732283586782,False,52.484272933154344,MEDIUM,logistic_regression_v1,2026-08-04 15:56:49.319068+00:00,0,TEST
93707,2026-07-21 12:00:00+00:00,MODE_57HZ,1701.2,57.12,5.49,49.9,1.715,1.67,1.13,0.4294,2.5801,0.3760000000000001,-0.13200000000000012,-0.671,1.3483333333333334,2.2186666666666666,1.7886666666666666,0.39456459256757237,0,0.5571732283586782,False,60.543540743242765,MEDIUM,logistic_regression_v1,2026-08-04 15:56:49.319068+00:00,0,TEST
93707,2026-07-21 19:00:00+00:00,MODE_57HZ,1701.5,57.12,5.34,46.2,0.958,2.166,2.486,0.4175,2.5605,-0.381,0.3639999999999999,0.6850000000000003,1.267,2.017,1.7826666666666666,0.5842236850444741,1,0.5571732283586782,True,41.577631495552595,HIGH,logistic_regression_v1,2026-08-04 15:56:49.319068+00:00,0,TEST
93707,2026-07-21 21:00:00+00:00,MODE_57HZ,1700.8,57.12,5.66,46.6,1.611,2.145,2.941,0.4058,2.6016,0.272,0.34299999999999997,1.14,1.428,1.9936666666666667,2.1856666666666666,0.6299399798290952,1,0.5571732283586782,True,37.00600201709048,HIGH,logistic_regression_v1,2026-08-04 15:56:49.319068+00:00,0,TEST
93707,2026-07-21 21:39:14+00:00,MODE_57HZ,1700.2,57.12,5.91,48.1,1.054,2.039,1.325,0.3975,2.5645,-0.2849999999999999,0.2370000000000001,-0.476,1.2076666666666667,2.1166666666666667,2.2506666666666666,0.5701979738527835,1,0.5571732283586782,True,42.980202614721655,HIGH,logistic_regression_v1,2026-08-04 15:56:49.319068+00:00,0,TEST
93707,2026-07-21 23:00:01+00:00,MODE_57HZ,1701.2,57.12,5.51,47.9,1.755,2.348,1.951,0.4028,2.5957,0.4159999999999999,0.5459999999999998,0.15000000000000013,1.4733333333333334,2.1773333333333333,2.0723333333333334,0.507670981578076,0,0.5571732283586782,False,49.2329018421924,MEDIUM,logistic_regression_v1,2026-08-04 15:56:49.319068+00:00,0,TEST
93707,2026-07-22 02:00:01+00:00,MODE_57HZ,1701.3,57.12,5.47,43.9,1.357,2.65,0.811,0.4497,2.7148,0.018000000000000016,0.8479999999999999,-0.9899999999999999,1.3886666666666667,2.345666666666667,1.3623333333333334,0.5512153013440021,0,0.5571732283586782,False,44.87846986559979,MEDIUM,logistic_regression_v1,2026-08-04 15:56:49.319068+00:00,0,TEST
93707,2026-07-22 03:00:01+00:00,MODE_57HZ,1701.0,57.12,5.59,45.4,1.401,2.623,3.033,0.4146,2.7363,0.062000000000000055,0.8210000000000002,1.232,1.5043333333333333,2.5403333333333333,1.9316666666666666,0.7790427500187506,1,0.5571732283586782,True,22.095724998124943,HIGH,logistic_regression_v1,2026-08-04 15:56:49.319068+00:00,0,TEST
93707,2026-07-22 04:00:01+00:00,MODE_57HZ,1699.1,57.12,6.42,52.2,1.41,2.402,1.746,0.4131,2.6387,0.07099999999999995,0.6000000000000001,-0.05499999999999994,1.3893333333333333,2.5583333333333336,1.8633333333333333,0.6394856236734632,1,0.5571732283586782,True,36.05143763265368,HIGH,logistic_regression_v1,2026-08-04 15:56:49.319068+00:00,1,TEST
93707,2026-07-22 06:00:01+00:00,OTHER,629.7,21.12,0.86,47.2,0.614,1.618,0.965,0.2368,1.5811,0.041000000000000036,0.7560000000000001,0.37,0.6753333333333333,1.4483333333333333,0.932,0.24197044779317092,0,0.5571732283586782,False,75.8029552206829,LOW,logistic_regression_v1,2026-08-04 15:56:49.319068+00:00,1,TEST
93707,2026-07-22 07:00:01+00:00,MODE_57HZ,1701.1,57.12,5.53,45.9,1.115,1.57,1.886,0.4314,2.6699,-0.22399999999999998,-0.23199999999999998,0.08499999999999996,1.3086666666666666,2.1983333333333337,2.2216666666666667,0.4353164236521799,0,0.5571732283586782,False,56.468357634782016,MEDIUM,logistic_regression_v1,2026-08-04 15:56:49.319068+00:00,1,TEST
93707,2026-07-22 11:00:01+00:00,MODE_57HZ,1700.3,57.06,5.06,43.0,1.418,1.818,1.767,0.4604,3.0254,0.07899999999999996,0.016000000000000014,-0.03400000000000003,1.3143333333333334,1.9300000000000002,1.7996666666666665,0.6778472073957899,1,0.5571732283586782,True,32.21527926042101,HIGH,logistic_regression_v1,2026-08-04 15:56:49.319068+00:00,0,TEST
93707,2026-07-22 12:00:01+00:00,MODE_57HZ,1700.2,57.12,5.91,48.6,0.935,2.396,1.689,0.4106,2.6777,-0.4039999999999999,0.5939999999999999,-0.11199999999999988,1.156,1.928,1.7806666666666666,0.6316730293408538,1,0.5571732283586782,True,36.83269706591462,HIGH,logistic_regression_v1,2026-08-04 15:56:49.319068+00:00,0,TEST
93707,2026-07-22 18:00:01+00:00,MODE_57HZ,1701.3,57.12,5.45,44.6,1.385,2.127,3.467,0.4414,2.7285,0.04600000000000004,0.32499999999999973,1.6660000000000001,1.246,2.1136666666666666,2.3076666666666665,0.5365679307202795,0,0.5571732283586782,False,46.34320692797205,MEDIUM,logistic_regression_v1,2026-08-04 15:56:49.319068+00:00,0,TEST
93707,2026-07-22 19:00:01+00:00,MODE_50HZ,1468.0,49.97,,48.5,0.137,0.431,0.099,0.0257,0.2046,-0.02099999999999999,0.10099999999999998,-0.007999999999999993,0.13166666666666668,0.3403333333333333,0.10566666666666667,0.42827164212173074,0,0.5571732283586782,False,57.172835787826926,MEDIUM,logistic_regression_v1,2026-08-04 15:56:49.319068+00:00,0,TEST
93707,2026-07-22 23:00:01+00:00,MODE_57HZ,1701.9,57.06,4.37,51.1,1.425,1.854,1.245,0.4106,2.627,0.08600000000000008,0.052000000000000046,-0.5559999999999998,1.2483333333333333,2.1256666666666666,2.1336666666666666,0.5748376368975296,1,0.5571732283586782,True,42.51623631024704,HIGH,logistic_regression_v1,2026-08-04 15:56:49.319068+00:00,0,TEST
93707,2026-07-23 00:00:01+00:00,MODE_57HZ,1700.4,57.09,5.43,46.9,1.326,2.76,1.233,0.4175,2.9277,-0.0129999999999999,0.9579999999999997,-0.5679999999999998,1.3786666666666667,2.247,1.9816666666666667,0.5491002489088213,0,0.5571732283586782,False,45.08997510911787,MEDIUM,logistic_regression_v1,2026-08-04 15:56:49.319068+00:00,0,TEST
93707,2026-07-23 03:00:01+00:00,MODE_57HZ,1700.2,57.12,5.93,45.4,0.949,1.676,1.219,0.4092,2.6504,-0.39,-0.1260000000000001,-0.5819999999999999,1.2333333333333334,2.0966666666666667,1.2323333333333335,0.6610350272097032,1,0.5571732283586782,True,33.89649727902968,HIGH,logistic_regression_v1,2026-08-04 15:56:49.319068+00:00,0,TEST
93707,2026-07-23 04:00:01+00:00,MODE_57HZ,1701.4,57.09,5.01,44.8,1.251,1.438,1.038,0.3984,2.5488,-0.08800000000000008,-0.3640000000000001,-0.7629999999999999,1.1753333333333333,1.958,1.1633333333333333,0.5190037867250241,0,0.5571732283586782,False,48.09962132749759,MEDIUM,logistic_regression_v1,2026-08-04 15:56:49.319068+00:00,0,TEST
93707,2026-07-23 05:00:01+00:00,MODE_57HZ,1690.5,57.12,10.19,46.1,1.122,1.776,0.949,0.4138,2.5918,-0.21699999999999986,-0.026000000000000023,-0.852,1.1073333333333333,1.63,1.0686666666666667,0.6335352194019058,1,0.5571732283586782,True,36.64647805980942,HIGH,logistic_regression_v1,2026-08-04 15:56:49.319068+00:00,,
93707,2026-07-23 08:00:01+00:00,MODE_57HZ,1701.6,57.09,4.92,48.4,1.618,1.619,2.559,0.4258,2.5195,0.27900000000000014,-0.18300000000000005,0.7580000000000002,1.3303333333333334,1.611,1.5153333333333334,0.40903079039452045,0,0.5571732283586782,False,59.09692096054795,MEDIUM,logistic_regression_v1,2026-08-04 15:56:49.319068+00:00,,
93707,2026-07-23 09:00:01+00:00,MODE_57HZ,1701.6,57.09,4.9,50.2,1.363,1.92,1.379,0.3889,2.5977,0.02400000000000002,0.11799999999999988,-0.42199999999999993,1.3676666666666668,1.7716666666666667,1.629,0.4769267989184039,0,0.5571732283586782,False,52.307320108159615,MEDIUM,logistic_regression_v1,2026-08-04 15:56:49.319068+00:00,,
